image_id,p_180
test_00000,0.239231
test_00001,0.994855
test_00002,0.995914
test_00003,0.542174
test_00004,0.635393
test_00005,0.157782
test_00006,0.980943
test_00007,0.987797
test_00008,0.998215
test_00009,0.197904
test_00010,0.997868
test_00011,0.002641
test_00012,0.403150
test_00013,0.997045
test_00014,0.629980
test_00015,0.983891
test_00016,0.996970
test_00017,0.011730
test_00018,0.002931
test_00019,0.001884
test_00020,0.001735
test_00021,0.007013
test_00022,0.893722
test_00023,0.059326
test_00024,0.115153
test_00025,0.946693
test_00026,0.995351
test_00027,0.052987
test_00028,0.566856
test_00029,0.998092
test_00030,0.001951
test_00031,0.753359
test_00032,0.929427
test_00033,0.421429
test_00034,0.838656
test_00035,0.996696
test_00036,0.006050
test_00037,0.254313
test_00038,0.583956
test_00039,0.182790
test_00040,0.015623
test_00041,0.190578
test_00042,0.892407
test_00043,0.004571
test_00044,0.282920
test_00045,0.992680
test_00046,0.003236
test_00047,0.989983
test_00048,0.987445
test_00049,0.617664
test_00050,0.995428
test_00051,0.002849
test_00052,0.002936
test_00053,0.324880
test_00054,0.009046
test_00055,0.959888
test_00056,0.092904
test_00057,0.718027
test_00058,0.024270
test_00059,0.041709
test_00060,0.558474
test_00061,0.026801
test_00062,0.019283
test_00063,0.176648
test_00064,0.152296
test_00065,0.998474
test_00066,0.114002
test_00067,0.001877
test_00068,0.157232
test_00069,0.662161
test_00070,0.921530
test_00071,0.877515
test_00072,0.988279
test_00073,0.984241
test_00074,0.954920
test_00075,0.655462
test_00076,0.005635
test_00077,0.994150
test_00078,0.987994
test_00079,0.170470
test_00080,0.010964
test_00081,0.996743
test_00082,0.028101
test_00083,0.019432
test_00084,0.997452
test_00085,0.889272
test_00086,0.996613
test_00087,0.993838
test_00088,0.002300
test_00089,0.985331
test_00090,0.042525
test_00091,0.002674
test_00092,0.880347
test_00093,0.004812
test_00094,0.902952
test_00095,0.997314
test_00096,0.499788
test_00097,0.005935
test_00098,0.002877
test_00099,0.001880
test_00100,0.006801
test_00101,0.003309
test_00102,0.016139
test_00103,0.997207
test_00104,0.989116
test_00105,0.001569
test_00106,0.147130
test_00107,0.349358
test_00108,0.031461
test_00109,0.002853
test_00110,0.997492
test_00111,0.178231
test_00112,0.973734
test_00113,0.002364
test_00114,0.961179
test_00115,0.003992
test_00116,0.003318
test_00117,0.948298
test_00118,0.996635
test_00119,0.756080
test_00120,0.002592
test_00121,0.997093
test_00122,0.990860
test_00123,0.971036
test_00124,0.720010
test_00125,0.467588
test_00126,0.006929
test_00127,0.998100
test_00128,0.005769
test_00129,0.032458
test_00130,0.995520
test_00131,0.004336
test_00132,0.997702
test_00133,0.995454
test_00134,0.003069
test_00135,0.329422
test_00136,0.003901
test_00137,0.928691
test_00138,0.975243
test_00139,0.030309
test_00140,0.992186
test_00141,0.002592
test_00142,0.776805
test_00143,0.756079
test_00144,0.045095
test_00145,0.006942
test_00146,0.002838
test_00147,0.619190
test_00148,0.997491
test_00149,0.995719
test_00150,0.078955
test_00151,0.996557
test_00152,0.014075
test_00153,0.250530
test_00154,0.162966
test_00155,0.997296
test_00156,0.980220
test_00157,0.026392
test_00158,0.997856
test_00159,0.996541
test_00160,0.968362
test_00161,0.608447
test_00162,0.010062
test_00163,0.272307
test_00164,0.321383
test_00165,0.622758
test_00166,0.377843
test_00167,0.849092
test_00168,0.003355
test_00169,0.001990
test_00170,0.982297
test_00171,0.640223
test_00172,0.851276
test_00173,0.245386
test_00174,0.002760
test_00175,0.996584
test_00176,0.992930
test_00177,0.009996
test_00178,0.007234
test_00179,0.729998
test_00180,0.004357
test_00181,0.867201
test_00182,0.998279
test_00183,0.997944
test_00184,0.037184
test_00185,0.996476
test_00186,0.006829
test_00187,0.998392
test_00188,0.997564
test_00189,0.995057
test_00190,0.003180
test_00191,0.994900
test_00192,0.001790
test_00193,0.984869
test_00194,0.004754
test_00195,0.007474
test_00196,0.440174
test_00197,0.975060
test_00198,0.025813
test_00199,0.992108
test_00200,0.997910
test_00201,0.997600
test_00202,0.986080
test_00203,0.994434
test_00204,0.989664
test_00205,0.006446
test_00206,0.007714
test_00207,0.004250
test_00208,0.211833
test_00209,0.003996
test_00210,0.186940
test_00211,0.997925
test_00212,0.457174
test_00213,0.950973
test_00214,0.997588
test_00215,0.020892
test_00216,0.003765
test_00217,0.238530
test_00218,0.017160
test_00219,0.764432
test_00220,0.993315
test_00221,0.937602
test_00222,0.002738
test_00223,0.953142
test_00224,0.937447
test_00225,0.925446
test_00226,0.002990
test_00227,0.038221
test_00228,0.859434
test_00229,0.027964
test_00230,0.014259
test_00231,0.994397
test_00232,0.675231
test_00233,0.902898
test_00234,0.043140
test_00235,0.772411
test_00236,0.001844
test_00237,0.006091
test_00238,0.989238
test_00239,0.905352
test_00240,0.001727
test_00241,0.002017
test_00242,0.002087
test_00243,0.972993
test_00244,0.997661
test_00245,0.990539
test_00246,0.018457
test_00247,0.989763
test_00248,0.917091
test_00249,0.610964
test_00250,0.947322
test_00251,0.015614
test_00252,0.016334
test_00253,0.998239
test_00254,0.002250
test_00255,0.001460
test_00256,0.059009
test_00257,0.002962
test_00258,0.317289
test_00259,0.438909
test_00260,0.207020
test_00261,0.514684
test_00262,0.973869
test_00263,0.321752
test_00264,0.991514
test_00265,0.503695
test_00266,0.493544
test_00267,0.478748
test_00268,0.009168
test_00269,0.995149
test_00270,0.474672
test_00271,0.772512
test_00272,0.998457
test_00273,0.002890
test_00274,0.531051
test_00275,0.001828
test_00276,0.082984
test_00277,0.992374
test_00278,0.019663
test_00279,0.157629
test_00280,0.944969
test_00281,0.648622
test_00282,0.997965
test_00283,0.081361
test_00284,0.933048
test_00285,0.008962
test_00286,0.004404
test_00287,0.998289
test_00288,0.994934
test_00289,0.995658
test_00290,0.997271
test_00291,0.996356
test_00292,0.808145
test_00293,0.011973
test_00294,0.992835
test_00295,0.986882
test_00296,0.096905
test_00297,0.956885
test_00298,0.028008
test_00299,0.996035
test_00300,0.028257
test_00301,0.996463
test_00302,0.002008
test_00303,0.397951
test_00304,0.070236
test_00305,0.752708
test_00306,0.996089
test_00307,0.105558
test_00308,0.003546
test_00309,0.676694
test_00310,0.994892
test_00311,0.977360
test_00312,0.015847
test_00313,0.998370
test_00314,0.002270
test_00315,0.545416
test_00316,0.868472
test_00317,0.018399
test_00318,0.956524
test_00319,0.998521
test_00320,0.996145
test_00321,0.220753
test_00322,0.992310
test_00323,0.993592
test_00324,0.005984
test_00325,0.988395
test_00326,0.007084
test_00327,0.423865
test_00328,0.110698
test_00329,0.811413
test_00330,0.993962
test_00331,0.997763
test_00332,0.997295
test_00333,0.996622
test_00334,0.998134
test_00335,0.731826
test_00336,0.002194
test_00337,0.960498
test_00338,0.191325
test_00339,0.905910
test_00340,0.147708
test_00341,0.003727
test_00342,0.995190
test_00343,0.989406
test_00344,0.997124
test_00345,0.936296
test_00346,0.002000
test_00347,0.001862
test_00348,0.996381
test_00349,0.032407
test_00350,0.544033
test_00351,0.430221
test_00352,0.987825
test_00353,0.989742
test_00354,0.417221
test_00355,0.940119
test_00356,0.059113
test_00357,0.001599
test_00358,0.996386
test_00359,0.997612
test_00360,0.993958
test_00361,0.986132
test_00362,0.817286
test_00363,0.998453
test_00364,0.993380
test_00365,0.788917
test_00366,0.991544
test_00367,0.006142
test_00368,0.006509
test_00369,0.995826
test_00370,0.083811
test_00371,0.002167
test_00372,0.994212
test_00373,0.111339
test_00374,0.916282
test_00375,0.994226
test_00376,0.005714
test_00377,0.002451
test_00378,0.579410
test_00379,0.002269
test_00380,0.010656
test_00381,0.969209
test_00382,0.002170
test_00383,0.790786
test_00384,0.998257
test_00385,0.262815
test_00386,0.995296
test_00387,0.972248
test_00388,0.425971
test_00389,0.997467
test_00390,0.996959
test_00391,0.001660
test_00392,0.915697
test_00393,0.926277
test_00394,0.004200
test_00395,0.070009
test_00396,0.007887
test_00397,0.473215
test_00398,0.004428
test_00399,0.470519
test_00400,0.997926
test_00401,0.712948
test_00402,0.431830
test_00403,0.011056
test_00404,0.002431
test_00405,0.996539
test_00406,0.867430
test_00407,0.002103
test_00408,0.949246
test_00409,0.612983
test_00410,0.002137
test_00411,0.003179
test_00412,0.003482
test_00413,0.145596
test_00414,0.620761
test_00415,0.771180
test_00416,0.002733
test_00417,0.003151
test_00418,0.997940
test_00419,0.998257
test_00420,0.002586
test_00421,0.994219
test_00422,0.956064
test_00423,0.001910
test_00424,0.043972
test_00425,0.005361
test_00426,0.093286
test_00427,0.003697
test_00428,0.018234
test_00429,0.994852
test_00430,0.998222
test_00431,0.997157
test_00432,0.997807
test_00433,0.970276
test_00434,0.099441
test_00435,0.347934
test_00436,0.979205
test_00437,0.046622
test_00438,0.992561
test_00439,0.488533
test_00440,0.850347
test_00441,0.004730
test_00442,0.957541
test_00443,0.941759
test_00444,0.985077
test_00445,0.014340
test_00446,0.001460
test_00447,0.001933
test_00448,0.994689
test_00449,0.036125
test_00450,0.003079
test_00451,0.996697
test_00452,0.989976
test_00453,0.153936
test_00454,0.439612
test_00455,0.993864
test_00456,0.977446
test_00457,0.055060
test_00458,0.991552
test_00459,0.774285
test_00460,0.336965
test_00461,0.998234
test_00462,0.045833
test_00463,0.992404
test_00464,0.002159
test_00465,0.333400
test_00466,0.995693
test_00467,0.024587
test_00468,0.878242
test_00469,0.003204
test_00470,0.061087
test_00471,0.004753
test_00472,0.015915
test_00473,0.049444
test_00474,0.002442
test_00475,0.001884
test_00476,0.263338
test_00477,0.030691
test_00478,0.017323
test_00479,0.996592
test_00480,0.997432
test_00481,0.004149
test_00482,0.604544
test_00483,0.980153
test_00484,0.001619
test_00485,0.017817
test_00486,0.008782
test_00487,0.978338
test_00488,0.029204
test_00489,0.997583
test_00490,0.992529
test_00491,0.656571
test_00492,0.648257
test_00493,0.995993
test_00494,0.997352
test_00495,0.997336
test_00496,0.595126
test_00497,0.986126
test_00498,0.230627
test_00499,0.004009
test_00500,0.997980
test_00501,0.013829
test_00502,0.809147
test_00503,0.018250
test_00504,0.996084
test_00505,0.071091
test_00506,0.805913
test_00507,0.004311
test_00508,0.734654
test_00509,0.030015
test_00510,0.861744
test_00511,0.361160
test_00512,0.980817
test_00513,0.975146
test_00514,0.001944
test_00515,0.011648
test_00516,0.005426
test_00517,0.023832
test_00518,0.033382
test_00519,0.996392
test_00520,0.003550
test_00521,0.996811
test_00522,0.997652
test_00523,0.002238
test_00524,0.997861
test_00525,0.659166
test_00526,0.184228
test_00527,0.048018
test_00528,0.029842
test_00529,0.997636
test_00530,0.015299
test_00531,0.945178
test_00532,0.420162
test_00533,0.001674
test_00534,0.996987
test_00535,0.144841
test_00536,0.002018
test_00537,0.006084
test_00538,0.998339
test_00539,0.122104
test_00540,0.951779
test_00541,0.063074
test_00542,0.567935
test_00543,0.968676
test_00544,0.901483
test_00545,0.002895
test_00546,0.013864
test_00547,0.996230
test_00548,0.010210
test_00549,0.827793
test_00550,0.018747
test_00551,0.005180
test_00552,0.001379
test_00553,0.657184
test_00554,0.184221
test_00555,0.291115
test_00556,0.883596
test_00557,0.986919
test_00558,0.037259
test_00559,0.002238
test_00560,0.705957
test_00561,0.024215
test_00562,0.536323
test_00563,0.002211
test_00564,0.996514
test_00565,0.995876
test_00566,0.002431
test_00567,0.982998
test_00568,0.005188
test_00569,0.181713
test_00570,0.151937
test_00571,0.010011
test_00572,0.002460
test_00573,0.006018
test_00574,0.144412
test_00575,0.546405
test_00576,0.987591
test_00577,0.980348
test_00578,0.012104
test_00579,0.683940
test_00580,0.997201
test_00581,0.996312
test_00582,0.098499
test_00583,0.751136
test_00584,0.004946
test_00585,0.007724
test_00586,0.991055
test_00587,0.997126
test_00588,0.076208
test_00589,0.009691
test_00590,0.002880
test_00591,0.006441
test_00592,0.002811
test_00593,0.332987
test_00594,0.873324
test_00595,0.016229
test_00596,0.007867
test_00597,0.001758
test_00598,0.995909
test_00599,0.158999
test_00600,0.129186
test_00601,0.996921
test_00602,0.929990
test_00603,0.087524
test_00604,0.271724
test_00605,0.965674
test_00606,0.997666
test_00607,0.926600
test_00608,0.270211
test_00609,0.003121
test_00610,0.979287
test_00611,0.185163
test_00612,0.207316
test_00613,0.064329
test_00614,0.775077
test_00615,0.997851
test_00616,0.003042
test_00617,0.841042
test_00618,0.066999
test_00619,0.994501
test_00620,0.998360
test_00621,0.596514
test_00622,0.997297
test_00623,0.985491
test_00624,0.005008
test_00625,0.539620
test_00626,0.955462
test_00627,0.079793
test_00628,0.191719
test_00629,0.050887
test_00630,0.996731
test_00631,0.850721
test_00632,0.862415
test_00633,0.891224
test_00634,0.998190
test_00635,0.003006
test_00636,0.931816
test_00637,0.101349
test_00638,0.002652
test_00639,0.852542
test_00640,0.001990
test_00641,0.997540
test_00642,0.922662
test_00643,0.373708
test_00644,0.994778
test_00645,0.998577
test_00646,0.005864
test_00647,0.009659
test_00648,0.987774
test_00649,0.966212
test_00650,0.010943
test_00651,0.223289
test_00652,0.007718
test_00653,0.997371
test_00654,0.991304
test_00655,0.363725
test_00656,0.017937
test_00657,0.523150
test_00658,0.978692
test_00659,0.106166
test_00660,0.254652
test_00661,0.001807
test_00662,0.011110
test_00663,0.782719
test_00664,0.001838
test_00665,0.193756
test_00666,0.789160
test_00667,0.861974
test_00668,0.009837
test_00669,0.003481
test_00670,0.146418
test_00671,0.997729
test_00672,0.988421
test_00673,0.997104
test_00674,0.995502
test_00675,0.991552
test_00676,0.006661
test_00677,0.644843
test_00678,0.996566
test_00679,0.004686
test_00680,0.238420
test_00681,0.997691
test_00682,0.618349
test_00683,0.833442
test_00684,0.786472
test_00685,0.996886
test_00686,0.997086
test_00687,0.125677
test_00688,0.002569
test_00689,0.974136
test_00690,0.006218
test_00691,0.994975
test_00692,0.994621
test_00693,0.993996
test_00694,0.002267
test_00695,0.106551
test_00696,0.595450
test_00697,0.996115
test_00698,0.009991
test_00699,0.003207
test_00700,0.938437
test_00701,0.982547
test_00702,0.770682
test_00703,0.001600
test_00704,0.006540
test_00705,0.994757
test_00706,0.001746
test_00707,0.997519
test_00708,0.002659
test_00709,0.859679
test_00710,0.090042
test_00711,0.994460
test_00712,0.685324
test_00713,0.342469
test_00714,0.169004
test_00715,0.996839
test_00716,0.995238
test_00717,0.880496
test_00718,0.163228
test_00719,0.002369
test_00720,0.992728
test_00721,0.004066
test_00722,0.002183
test_00723,0.997331
test_00724,0.907184
test_00725,0.975849
test_00726,0.044342
test_00727,0.006239
test_00728,0.997391
test_00729,0.978584
test_00730,0.938619
test_00731,0.811481
test_00732,0.003443
test_00733,0.009783
test_00734,0.996791
test_00735,0.019764
test_00736,0.809842
test_00737,0.997605
test_00738,0.843151
test_00739,0.997869
test_00740,0.009760
test_00741,0.995960
test_00742,0.985800
test_00743,0.482530
test_00744,0.721249
test_00745,0.792537
test_00746,0.007870
test_00747,0.013940
test_00748,0.974556
test_00749,0.001608
test_00750,0.659688
test_00751,0.998283
test_00752,0.002330
test_00753,0.017681
test_00754,0.466172
test_00755,0.656660
test_00756,0.001766
test_00757,0.002841
test_00758,0.015105
test_00759,0.015026
test_00760,0.990512
test_00761,0.957188
test_00762,0.001990
test_00763,0.678225
test_00764,0.303250
test_00765,0.994486
test_00766,0.002470
test_00767,0.981806
test_00768,0.006571
test_00769,0.003683
test_00770,0.995733
test_00771,0.503467
test_00772,0.002010
test_00773,0.997218
test_00774,0.764696
test_00775,0.998115
test_00776,0.996781
test_00777,0.448014
test_00778,0.171411
test_00779,0.445380
test_00780,0.987782
test_00781,0.002551
test_00782,0.579796
test_00783,0.167003
test_00784,0.526687
test_00785,0.970392
test_00786,0.991926
test_00787,0.002620
test_00788,0.981226
test_00789,0.996691
test_00790,0.974768
test_00791,0.997515
test_00792,0.991152
test_00793,0.003365
test_00794,0.969338
test_00795,0.017296
test_00796,0.001850
test_00797,0.005567
test_00798,0.912194
test_00799,0.889798
test_00800,0.012472
test_00801,0.001690
test_00802,0.034538
test_00803,0.021835
test_00804,0.577248
test_00805,0.045835
test_00806,0.998228
test_00807,0.993197
test_00808,0.002013
test_00809,0.147516
test_00810,0.948687
test_00811,0.998400
test_00812,0.381774
test_00813,0.336952
test_00814,0.824288
test_00815,0.735781
test_00816,0.413516
test_00817,0.007540
test_00818,0.003428
test_00819,0.829776
test_00820,0.163859
test_00821,0.053021
test_00822,0.069121
test_00823,0.012135
test_00824,0.001800
test_00825,0.997968
test_00826,0.627224
test_00827,0.929180
test_00828,0.898327
test_00829,0.995658
test_00830,0.997649
test_00831,0.975868
test_00832,0.006134
test_00833,0.004751
test_00834,0.002240
test_00835,0.142535
test_00836,0.823950
test_00837,0.921007
test_00838,0.001887
test_00839,0.002340
test_00840,0.016217
test_00841,0.646576
test_00842,0.992585
test_00843,0.998225
test_00844,0.006481
test_00845,0.002995
test_00846,0.992357
test_00847,0.536972
test_00848,0.002690
test_00849,0.876889
test_00850,0.076136
test_00851,0.992664
test_00852,0.530547
test_00853,0.708530
test_00854,0.684018
test_00855,0.394631
test_00856,0.294439
test_00857,0.765102
test_00858,0.003991
test_00859,0.943408
test_00860,0.099246
test_00861,0.997905
test_00862,0.003198
test_00863,0.997903
test_00864,0.031657
test_00865,0.012653
test_00866,0.295967
test_00867,0.007970
test_00868,0.759003
test_00869,0.826542
test_00870,0.005709
test_00871,0.002034
test_00872,0.002194
test_00873,0.990334
test_00874,0.004303
test_00875,0.421374
test_00876,0.132792
test_00877,0.016904
test_00878,0.003073
test_00879,0.997712
test_00880,0.938391
test_00881,0.998113
test_00882,0.635737
test_00883,0.995828
test_00884,0.400448
test_00885,0.604075
test_00886,0.013277
test_00887,0.152188
test_00888,0.002570
test_00889,0.974581
test_00890,0.418904
test_00891,0.998407
test_00892,0.004866
test_00893,0.991544
test_00894,0.993630
test_00895,0.922672
test_00896,0.997037
test_00897,0.745278
test_00898,0.796527
test_00899,0.248168
test_00900,0.073527
test_00901,0.997644
test_00902,0.291692
test_00903,0.995682
test_00904,0.998124
test_00905,0.060901
test_00906,0.053386
test_00907,0.971125
test_00908,0.049284
test_00909,0.996321
test_00910,0.002030
test_00911,0.995126
test_00912,0.242928
test_00913,0.003121
test_00914,0.568538
test_00915,0.985023
test_00916,0.275732
test_00917,0.986466
test_00918,0.011676
test_00919,0.004933
test_00920,0.001871
test_00921,0.002693
test_00922,0.960865
test_00923,0.002276
test_00924,0.995341
test_00925,0.997979
test_00926,0.887100
test_00927,0.033051
test_00928,0.990533
test_00929,0.058263
test_00930,0.002270
test_00931,0.997985
test_00932,0.012877
test_00933,0.997857
test_00934,0.996938
test_00935,0.022682
test_00936,0.245506
test_00937,0.991527
test_00938,0.007036
test_00939,0.997111
test_00940,0.987190
test_00941,0.985250
test_00942,0.997377
test_00943,0.004456
test_00944,0.005830
test_00945,0.944758
test_00946,0.970772
test_00947,0.008346
test_00948,0.046825
test_00949,0.002460
test_00950,0.001940
test_00951,0.800349
test_00952,0.292355
test_00953,0.995717
test_00954,0.131297
test_00955,0.937402
test_00956,0.996295
test_00957,0.434205
test_00958,0.070698
test_00959,0.959816
test_00960,0.003384
test_00961,0.784433
test_00962,0.004118
test_00963,0.994493
test_00964,0.920513
test_00965,0.993429
test_00966,0.942465
test_00967,0.002105
test_00968,0.002475
test_00969,0.933259
test_00970,0.688212
test_00971,0.996531
test_00972,0.515226
test_00973,0.019632
test_00974,0.006862
test_00975,0.942495
test_00976,0.121335
test_00977,0.946566
test_00978,0.004106
test_00979,0.364631
test_00980,0.997784
test_00981,0.974688
test_00982,0.064247
test_00983,0.299399
test_00984,0.302235
test_00985,0.993451
test_00986,0.058345
test_00987,0.007684
test_00988,0.012611
test_00989,0.987852
test_00990,0.033720
test_00991,0.942481
test_00992,0.001974
test_00993,0.007117
test_00994,0.015503
test_00995,0.008417
test_00996,0.995028
test_00997,0.996420
test_00998,0.001737
test_00999,0.037684
test_01000,0.013304
test_01001,0.987962
test_01002,0.928939
test_01003,0.607292
test_01004,0.027915
test_01005,0.002588
test_01006,0.002464
test_01007,0.012509
test_01008,0.939513
test_01009,0.984205
test_01010,0.988012
test_01011,0.541570
test_01012,0.262107
test_01013,0.013812
test_01014,0.002806
test_01015,0.997724
test_01016,0.994372
test_01017,0.342730
test_01018,0.997916
test_01019,0.990257
test_01020,0.991137
test_01021,0.984911
test_01022,0.029268
test_01023,0.828815
test_01024,0.002994
test_01025,0.492454
test_01026,0.900007
test_01027,0.002396
test_01028,0.016058
test_01029,0.997000
test_01030,0.997366
test_01031,0.612041
test_01032,0.002275
test_01033,0.969395
test_01034,0.733596
test_01035,0.006278
test_01036,0.997361
test_01037,0.998051
test_01038,0.947696
test_01039,0.995638
test_01040,0.955480
test_01041,0.994930
test_01042,0.995380
test_01043,0.513822
test_01044,0.996997
test_01045,0.828730
test_01046,0.002443
test_01047,0.986869
test_01048,0.997172
test_01049,0.015544
test_01050,0.007108
test_01051,0.503802
test_01052,0.942282
test_01053,0.001780
test_01054,0.402865
test_01055,0.018435
test_01056,0.004110
test_01057,0.001824
test_01058,0.998154
test_01059,0.298128
test_01060,0.821504
test_01061,0.608952
test_01062,0.576084
test_01063,0.002887
test_01064,0.003568
test_01065,0.241314
test_01066,0.951118
test_01067,0.008357
test_01068,0.998042
test_01069,0.003228
test_01070,0.997507
test_01071,0.997615
test_01072,0.963747
test_01073,0.998242
test_01074,0.980175
test_01075,0.028263
test_01076,0.004533
test_01077,0.949550
test_01078,0.001487
test_01079,0.995683
test_01080,0.997361
test_01081,0.997790
test_01082,0.995546
test_01083,0.995547
test_01084,0.543116
test_01085,0.426724
test_01086,0.957160
test_01087,0.770299
test_01088,0.005488
test_01089,0.986146
test_01090,0.997785
test_01091,0.997807
test_01092,0.876674
test_01093,0.004526
test_01094,0.001697
test_01095,0.998258
test_01096,0.003613
test_01097,0.993156
test_01098,0.994591
test_01099,0.084120
test_01100,0.002239
test_01101,0.001948
test_01102,0.966027
test_01103,0.058814
test_01104,0.013479
test_01105,0.974840
test_01106,0.576879
test_01107,0.976563
test_01108,0.988048
test_01109,0.009121
test_01110,0.997858
test_01111,0.001887
test_01112,0.115373
test_01113,0.579110
test_01114,0.002809
test_01115,0.001688
test_01116,0.108954
test_01117,0.998270
test_01118,0.133771
test_01119,0.194464
test_01120,0.007300
test_01121,0.995651
test_01122,0.145544
test_01123,0.480260
test_01124,0.003717
test_01125,0.356593
test_01126,0.998051
test_01127,0.002860
test_01128,0.796919
test_01129,0.465222
test_01130,0.997804
test_01131,0.007470
test_01132,0.280955
test_01133,0.003709
test_01134,0.003786
test_01135,0.895045
test_01136,0.338484
test_01137,0.991107
test_01138,0.983136
test_01139,0.012589
test_01140,0.870885
test_01141,0.997245
test_01142,0.276820
test_01143,0.998085
test_01144,0.908639
test_01145,0.863108
test_01146,0.982340
test_01147,0.323856
test_01148,0.986367
test_01149,0.295838
test_01150,0.997746
test_01151,0.082573
test_01152,0.037238
test_01153,0.980958
test_01154,0.996886
test_01155,0.018986
test_01156,0.001932
test_01157,0.005302
test_01158,0.011058
test_01159,0.001867
test_01160,0.001676
test_01161,0.062714
test_01162,0.003475
test_01163,0.997721
test_01164,0.002291
test_01165,0.002301
test_01166,0.991365
test_01167,0.841314
test_01168,0.715927
test_01169,0.087977
test_01170,0.040893
test_01171,0.972196
test_01172,0.997437
test_01173,0.008102
test_01174,0.756225
test_01175,0.002723
test_01176,0.001880
test_01177,0.994347
test_01178,0.901684
test_01179,0.005775
test_01180,0.002029
test_01181,0.003146
test_01182,0.605594
test_01183,0.988882
test_01184,0.930018
test_01185,0.003915
test_01186,0.105144
test_01187,0.009305
test_01188,0.001421
test_01189,0.001718
test_01190,0.003239
test_01191,0.135008
test_01192,0.997123
test_01193,0.055832
test_01194,0.989566
test_01195,0.963108
test_01196,0.444137
test_01197,0.687311
test_01198,0.837252
test_01199,0.002470
test_01200,0.997907
test_01201,0.271472
test_01202,0.998054
test_01203,0.993740
test_01204,0.008334
test_01205,0.002245
test_01206,0.584755
test_01207,0.025864
test_01208,0.931496
test_01209,0.680861
test_01210,0.997851
test_01211,0.612756
test_01212,0.007531
test_01213,0.588985
test_01214,0.618744
test_01215,0.009341
test_01216,0.998203
test_01217,0.009304
test_01218,0.004777
test_01219,0.003018
test_01220,0.997920
test_01221,0.998212
test_01222,0.003137
test_01223,0.919685
test_01224,0.985638
test_01225,0.925285
test_01226,0.002375
test_01227,0.970133
test_01228,0.047005
test_01229,0.996579
test_01230,0.996476
test_01231,0.925681
test_01232,0.001796
test_01233,0.994072
test_01234,0.240945
test_01235,0.992882
test_01236,0.998181
test_01237,0.001795
test_01238,0.015315
test_01239,0.997333
test_01240,0.985528
test_01241,0.987177
test_01242,0.274415
test_01243,0.159876
test_01244,0.001454
test_01245,0.998454
test_01246,0.986108
test_01247,0.902670
test_01248,0.002908
test_01249,0.834647
test_01250,0.459121
test_01251,0.992301
test_01252,0.014356
test_01253,0.025834
test_01254,0.996114
test_01255,0.967308
test_01256,0.715316
test_01257,0.013208
test_01258,0.003182
test_01259,0.024395
test_01260,0.676651
test_01261,0.995203
test_01262,0.180037
test_01263,0.997030
test_01264,0.938563
test_01265,0.986939
test_01266,0.002187
test_01267,0.001940
test_01268,0.005371
test_01269,0.746726
test_01270,0.307385
test_01271,0.001576
test_01272,0.001433
test_01273,0.002989
test_01274,0.002806
test_01275,0.942775
test_01276,0.003611
test_01277,0.057045
test_01278,0.442987
test_01279,0.152348
test_01280,0.713358
test_01281,0.977433
test_01282,0.992834
test_01283,0.961464
test_01284,0.003799
test_01285,0.018130
test_01286,0.895963
test_01287,0.836266
test_01288,0.030465
test_01289,0.927410
test_01290,0.990704
test_01291,0.002264
test_01292,0.853362
test_01293,0.002042
test_01294,0.996369
test_01295,0.974977
test_01296,0.943883
test_01297,0.995589
test_01298,0.003794
test_01299,0.986145
test_01300,0.002465
test_01301,0.995363
test_01302,0.667109
test_01303,0.006210
test_01304,0.050875
test_01305,0.003332
test_01306,0.164538
test_01307,0.997499
test_01308,0.998081
test_01309,0.002976
test_01310,0.969417
test_01311,0.001891
test_01312,0.998252
test_01313,0.002080
test_01314,0.917757
test_01315,0.006389
test_01316,0.707458
test_01317,0.997660
test_01318,0.003303
test_01319,0.009696
test_01320,0.194657
test_01321,0.070355
test_01322,0.951009
test_01323,0.008771
test_01324,0.001556
test_01325,0.986045
test_01326,0.005382
test_01327,0.864242
test_01328,0.997310
test_01329,0.998429
test_01330,0.997728
test_01331,0.002756
test_01332,0.930300
test_01333,0.792569
test_01334,0.777286
test_01335,0.997413
test_01336,0.778984
test_01337,0.963233
test_01338,0.997662
test_01339,0.842212
test_01340,0.002585
test_01341,0.993264
test_01342,0.407673
test_01343,0.928968
test_01344,0.996532
test_01345,0.935427
test_01346,0.491673
test_01347,0.997296
test_01348,0.001973
test_01349,0.171399
test_01350,0.778777
test_01351,0.997853
test_01352,0.988961
test_01353,0.002681
test_01354,0.979509
test_01355,0.593444
test_01356,0.067657
test_01357,0.004622
test_01358,0.982496
test_01359,0.014898
test_01360,0.002436
test_01361,0.994622
test_01362,0.002291
test_01363,0.995908
test_01364,0.779437
test_01365,0.582635
test_01366,0.023046
test_01367,0.492003
test_01368,0.207386
test_01369,0.004035
test_01370,0.022043
test_01371,0.001972
test_01372,0.047745
test_01373,0.995957
test_01374,0.936574
test_01375,0.004990
test_01376,0.004299
test_01377,0.025482
test_01378,0.002430
test_01379,0.001864
test_01380,0.004564
test_01381,0.005551
test_01382,0.991774
test_01383,0.961751
test_01384,0.732157
test_01385,0.986806
test_01386,0.211971
test_01387,0.003214
test_01388,0.054356
test_01389,0.001962
test_01390,0.004091
test_01391,0.003401
test_01392,0.257490
test_01393,0.986060
test_01394,0.002002
test_01395,0.997928
test_01396,0.996287
test_01397,0.845268
test_01398,0.072237
test_01399,0.014068
test_01400,0.106572
test_01401,0.012590
test_01402,0.004267
test_01403,0.764211
test_01404,0.986150
test_01405,0.994412
test_01406,0.649450
test_01407,0.133305
test_01408,0.995732
test_01409,0.793471
test_01410,0.996693
test_01411,0.003781
test_01412,0.002034
test_01413,0.006098
test_01414,0.030949
test_01415,0.567765
test_01416,0.997431
test_01417,0.006814
test_01418,0.674611
test_01419,0.101067
test_01420,0.002290
test_01421,0.017743
test_01422,0.460079
test_01423,0.987801
test_01424,0.820917
test_01425,0.995035
test_01426,0.842937
test_01427,0.073221
test_01428,0.998173
test_01429,0.918244
test_01430,0.495705
test_01431,0.002411
test_01432,0.996772
test_01433,0.948013
test_01434,0.988717
test_01435,0.182664
test_01436,0.001542
test_01437,0.036068
test_01438,0.004786
test_01439,0.942392
test_01440,0.931434
test_01441,0.152478
test_01442,0.993730
test_01443,0.039889
test_01444,0.323302
test_01445,0.997288
test_01446,0.060257
test_01447,0.898690
test_01448,0.994897
test_01449,0.967873
test_01450,0.238700
test_01451,0.093585
test_01452,0.955438
test_01453,0.922556
test_01454,0.988329
test_01455,0.902025
test_01456,0.805162
test_01457,0.859938
test_01458,0.604861
test_01459,0.997533
test_01460,0.002500
test_01461,0.002555
test_01462,0.003646
test_01463,0.869752
test_01464,0.006397
test_01465,0.545769
test_01466,0.997360
test_01467,0.981637
test_01468,0.818997
test_01469,0.002419
test_01470,0.086884
test_01471,0.601631
test_01472,0.871642
test_01473,0.003135
test_01474,0.681103
test_01475,0.001793
test_01476,0.063970
test_01477,0.001628
test_01478,0.007371
test_01479,0.204334
test_01480,0.997413
test_01481,0.560004
test_01482,0.199505
test_01483,0.461643
test_01484,0.002266
test_01485,0.963128
test_01486,0.995696
test_01487,0.002202
test_01488,0.997561
test_01489,0.179813
test_01490,0.795474
test_01491,0.003812
test_01492,0.030974
test_01493,0.407565
test_01494,0.002826
test_01495,0.014278
test_01496,0.848310
test_01497,0.853461
test_01498,0.812190
test_01499,0.002827
test_01500,0.243997
test_01501,0.320672
test_01502,0.220346
test_01503,0.981631
test_01504,0.998180
test_01505,0.007163
test_01506,0.984706
test_01507,0.977789
test_01508,0.984926
test_01509,0.997133
test_01510,0.503756
test_01511,0.996648
test_01512,0.997978
test_01513,0.983386
test_01514,0.006490
test_01515,0.980168
test_01516,0.776604
test_01517,0.462737
test_01518,0.979263
test_01519,0.507922
test_01520,0.998472
test_01521,0.998027
test_01522,0.994852
test_01523,0.962655
test_01524,0.994218
test_01525,0.987283
test_01526,0.001659
test_01527,0.994845
test_01528,0.928085
test_01529,0.007251
test_01530,0.997095
test_01531,0.501161
test_01532,0.873894
test_01533,0.988432
test_01534,0.004966
test_01535,0.135295
test_01536,0.003141
test_01537,0.998212
test_01538,0.001511
test_01539,0.984012
test_01540,0.696968
test_01541,0.255800
test_01542,0.881035
test_01543,0.997844
test_01544,0.003668
test_01545,0.998143
test_01546,0.854216
test_01547,0.782679
test_01548,0.002247
test_01549,0.997099
test_01550,0.997727
test_01551,0.274280
test_01552,0.743599
test_01553,0.851131
test_01554,0.001485
test_01555,0.375945
test_01556,0.998345
test_01557,0.997623
test_01558,0.994201
test_01559,0.002445
test_01560,0.736563
test_01561,0.144906
test_01562,0.075856
test_01563,0.998433
test_01564,0.002120
test_01565,0.981444
test_01566,0.985257
test_01567,0.025591
test_01568,0.004790
test_01569,0.003251
test_01570,0.004918
test_01571,0.665436
test_01572,0.927637
test_01573,0.641472
test_01574,0.697837
test_01575,0.005210
test_01576,0.986304
test_01577,0.012010
test_01578,0.976889
test_01579,0.712736
test_01580,0.210539
test_01581,0.998355
test_01582,0.010386
test_01583,0.002537
test_01584,0.240523
test_01585,0.021145
test_01586,0.997918
test_01587,0.921616
test_01588,0.104262
test_01589,0.302329
test_01590,0.997243
test_01591,0.996766
test_01592,0.039440
test_01593,0.044722
test_01594,0.966727
test_01595,0.998110
test_01596,0.002831
test_01597,0.003051
test_01598,0.002926
test_01599,0.993634
test_01600,0.001624
test_01601,0.730804
test_01602,0.003921
test_01603,0.995381
test_01604,0.998196
test_01605,0.004723
test_01606,0.003523
test_01607,0.990983
test_01608,0.978556
test_01609,0.981785
test_01610,0.926704
test_01611,0.117991
test_01612,0.998009
test_01613,0.116384
test_01614,0.007537
test_01615,0.885097
test_01616,0.014980
test_01617,0.983710
test_01618,0.992337
test_01619,0.003155
test_01620,0.001637
test_01621,0.242066
test_01622,0.946601
test_01623,0.830020
test_01624,0.037968
test_01625,0.742025
test_01626,0.711234
test_01627,0.693300
test_01628,0.027177
test_01629,0.991021
test_01630,0.982470
test_01631,0.997019
test_01632,0.002341
test_01633,0.989066
test_01634,0.002733
test_01635,0.597800
test_01636,0.927143
test_01637,0.020077
test_01638,0.697445
test_01639,0.003608
test_01640,0.001979
test_01641,0.126589
test_01642,0.995163
test_01643,0.004053
test_01644,0.943281
test_01645,0.951062
test_01646,0.202975
test_01647,0.992379
test_01648,0.996016
test_01649,0.012260
test_01650,0.203514
test_01651,0.066550
test_01652,0.997173
test_01653,0.019313
test_01654,0.819781
test_01655,0.943793
test_01656,0.997891
test_01657,0.003531
test_01658,0.972130
test_01659,0.030814
test_01660,0.998030
test_01661,0.003365
test_01662,0.691655
test_01663,0.002728
test_01664,0.008049
test_01665,0.844772
test_01666,0.003735
test_01667,0.001652
test_01668,0.692547
test_01669,0.004282
test_01670,0.341393
test_01671,0.734692
test_01672,0.994232
test_01673,0.501214
test_01674,0.014548
test_01675,0.013121
test_01676,0.997751
test_01677,0.410821
test_01678,0.977887
test_01679,0.977507
test_01680,0.010438
test_01681,0.710040
test_01682,0.997170
test_01683,0.012814
test_01684,0.995503
test_01685,0.988073
test_01686,0.384195
test_01687,0.420238
test_01688,0.010357
test_01689,0.005019
test_01690,0.997388
test_01691,0.038026
test_01692,0.017223
test_01693,0.363729
test_01694,0.002905
test_01695,0.228872
test_01696,0.987585
test_01697,0.987565
test_01698,0.997397
test_01699,0.003260
test_01700,0.998412
test_01701,0.094576
test_01702,0.036040
test_01703,0.996768
test_01704,0.002141
test_01705,0.482479
test_01706,0.454697
test_01707,0.997282
test_01708,0.997249
test_01709,0.933633
test_01710,0.985345
test_01711,0.011410
test_01712,0.049944
test_01713,0.003499
test_01714,0.013189
test_01715,0.997703
test_01716,0.994441
test_01717,0.995407
test_01718,0.002560
test_01719,0.013898
test_01720,0.872912
test_01721,0.002045
test_01722,0.997839
test_01723,0.020395
test_01724,0.002449
test_01725,0.011757
test_01726,0.008473
test_01727,0.997263
test_01728,0.905170
test_01729,0.922967
test_01730,0.085080
test_01731,0.940095
test_01732,0.030327
test_01733,0.996341
test_01734,0.990422
test_01735,0.998389
test_01736,0.942669
test_01737,0.997067
test_01738,0.948473
test_01739,0.104449
test_01740,0.968856
test_01741,0.001803
test_01742,0.002355
test_01743,0.981719
test_01744,0.916205
test_01745,0.079775
test_01746,0.491902
test_01747,0.997123
test_01748,0.130866
test_01749,0.664276
test_01750,0.960619
test_01751,0.073412
test_01752,0.003477
test_01753,0.783439
test_01754,0.451476
test_01755,0.289244
test_01756,0.987820
test_01757,0.590993
test_01758,0.019478
test_01759,0.009307
test_01760,0.959642
test_01761,0.003769
test_01762,0.002460
test_01763,0.004074
test_01764,0.386790
test_01765,0.368096
test_01766,0.004320
test_01767,0.007778
test_01768,0.980963
test_01769,0.527617
test_01770,0.744873
test_01771,0.005260
test_01772,0.058586
test_01773,0.995471
test_01774,0.993998
test_01775,0.991241
test_01776,0.991605
test_01777,0.990398
test_01778,0.997326
test_01779,0.375835
test_01780,0.306512
test_01781,0.839603
test_01782,0.001673
test_01783,0.919562
test_01784,0.002007
test_01785,0.952051
test_01786,0.895166
test_01787,0.269196
test_01788,0.995391
test_01789,0.024749
test_01790,0.002395
test_01791,0.977354
test_01792,0.678034
test_01793,0.154421
test_01794,0.938598
test_01795,0.029061
test_01796,0.003192
test_01797,0.047964
test_01798,0.929208
test_01799,0.024422
test_01800,0.958775
test_01801,0.997572
test_01802,0.019094
test_01803,0.992083
test_01804,0.830280
test_01805,0.002202
test_01806,0.413078
test_01807,0.997347
test_01808,0.988218
test_01809,0.997983
test_01810,0.813282
test_01811,0.217426
test_01812,0.997817
test_01813,0.743532
test_01814,0.005660
test_01815,0.997531
test_01816,0.321041
test_01817,0.019879
test_01818,0.997159
test_01819,0.513354
test_01820,0.008403
test_01821,0.996928
test_01822,0.168954
test_01823,0.002392
test_01824,0.536110
test_01825,0.341126
test_01826,0.552544
test_01827,0.002287
test_01828,0.995513
test_01829,0.003682
test_01830,0.991857
test_01831,0.007350
test_01832,0.017153
test_01833,0.003969
test_01834,0.845116
test_01835,0.557352
test_01836,0.115728
test_01837,0.998008
test_01838,0.005545
test_01839,0.996756
test_01840,0.013572
test_01841,0.853825
test_01842,0.032538
test_01843,0.006066
test_01844,0.626031
test_01845,0.827771
test_01846,0.997865
test_01847,0.995999
test_01848,0.055977
test_01849,0.752951
test_01850,0.983589
test_01851,0.992982
test_01852,0.026237
test_01853,0.516069
test_01854,0.002178
test_01855,0.001920
test_01856,0.805716
test_01857,0.001938
test_01858,0.987791
test_01859,0.117520
test_01860,0.997166
test_01861,0.028022
test_01862,0.583795
test_01863,0.947817
test_01864,0.001887
test_01865,0.964231
test_01866,0.206517
test_01867,0.026711
test_01868,0.002078
test_01869,0.995661
test_01870,0.099489
test_01871,0.994184
test_01872,0.022379
test_01873,0.957189
test_01874,0.547696
test_01875,0.004513
test_01876,0.992718
test_01877,0.997884
test_01878,0.223413
test_01879,0.997772
test_01880,0.973932
test_01881,0.997202
test_01882,0.001902
test_01883,0.070554
test_01884,0.002219
test_01885,0.053904
test_01886,0.620168
test_01887,0.840675
test_01888,0.201207
test_01889,0.392890
test_01890,0.996082
test_01891,0.253184
test_01892,0.575708
test_01893,0.991521
test_01894,0.214353
test_01895,0.003019
test_01896,0.928465
test_01897,0.871001
test_01898,0.409546
test_01899,0.266662
test_01900,0.982597
test_01901,0.875212
test_01902,0.998136
test_01903,0.062420
test_01904,0.003332
test_01905,0.790101
test_01906,0.001607
test_01907,0.994453
test_01908,0.993647
test_01909,0.013908
test_01910,0.003111
test_01911,0.012409
test_01912,0.998393
test_01913,0.016034
test_01914,0.970940
test_01915,0.003261
test_01916,0.998247
test_01917,0.991124
test_01918,0.935781
test_01919,0.079710
test_01920,0.996460
test_01921,0.003961
test_01922,0.981359
test_01923,0.442927
test_01924,0.997897
test_01925,0.996805
test_01926,0.006224
test_01927,0.994046
test_01928,0.011823
test_01929,0.933464
test_01930,0.996796
test_01931,0.002502
test_01932,0.997647
test_01933,0.997233
test_01934,0.667562
test_01935,0.003207
test_01936,0.002434
test_01937,0.997103
test_01938,0.374616
test_01939,0.997176
test_01940,0.002324
test_01941,0.991582
test_01942,0.997555
test_01943,0.004007
test_01944,0.558168
test_01945,0.001658
test_01946,0.653930
test_01947,0.337471
test_01948,0.121917
test_01949,0.734682
test_01950,0.497067
test_01951,0.358701
test_01952,0.994495
test_01953,0.021679
test_01954,0.995611
test_01955,0.041243
test_01956,0.993739
test_01957,0.961149
test_01958,0.419560
test_01959,0.011589
test_01960,0.997522
test_01961,0.996970
test_01962,0.001877
test_01963,0.131776
test_01964,0.003490
test_01965,0.994736
test_01966,0.002660
test_01967,0.326353
test_01968,0.997999
test_01969,0.002128
test_01970,0.079051
test_01971,0.922903
test_01972,0.958218
test_01973,0.004443
test_01974,0.050055
test_01975,0.992637
test_01976,0.992367
test_01977,0.004181
test_01978,0.994736
test_01979,0.069002
test_01980,0.016251
test_01981,0.618901
test_01982,0.003316
test_01983,0.645194
test_01984,0.972644
test_01985,0.996647
test_01986,0.610701
test_01987,0.119834
test_01988,0.001679
test_01989,0.633152
test_01990,0.042828
test_01991,0.996483
test_01992,0.475303
test_01993,0.990929
test_01994,0.079552
test_01995,0.995228
test_01996,0.992426
test_01997,0.875371
test_01998,0.006142
test_01999,0.008119
test_02000,0.997695
test_02001,0.002171
test_02002,0.001884
test_02003,0.988627
test_02004,0.003491
test_02005,0.975918
test_02006,0.003662
test_02007,0.162080
test_02008,0.850077
test_02009,0.841714
test_02010,0.997744
test_02011,0.996184
test_02012,0.724951
test_02013,0.997735
test_02014,0.001985
test_02015,0.012087
test_02016,0.995405
test_02017,0.001856
test_02018,0.977080
test_02019,0.878950
test_02020,0.003717
test_02021,0.991194
test_02022,0.032629
test_02023,0.418762
test_02024,0.006776
test_02025,0.926460
test_02026,0.996426
test_02027,0.022306
test_02028,0.998404
test_02029,0.996345
test_02030,0.997967
test_02031,0.694746
test_02032,0.050970
test_02033,0.002963
test_02034,0.424975
test_02035,0.995865
test_02036,0.016186
test_02037,0.002550
test_02038,0.094246
test_02039,0.900626
test_02040,0.185846
test_02041,0.998499
test_02042,0.005848
test_02043,0.004092
test_02044,0.790936
test_02045,0.997447
test_02046,0.005432
test_02047,0.413086
test_02048,0.996723
test_02049,0.019724
test_02050,0.575338
test_02051,0.997657
test_02052,0.842733
test_02053,0.750460
test_02054,0.530238
test_02055,0.471122
test_02056,0.993511
test_02057,0.978464
test_02058,0.693449
test_02059,0.998417
test_02060,0.990806
test_02061,0.776742
test_02062,0.011444
test_02063,0.001789
test_02064,0.945986
test_02065,0.939886
test_02066,0.995643
test_02067,0.002224
test_02068,0.010791
test_02069,0.957242
test_02070,0.027069
test_02071,0.650452
test_02072,0.997861
test_02073,0.341659
test_02074,0.997302
test_02075,0.819364
test_02076,0.580848
test_02077,0.002257
test_02078,0.974079
test_02079,0.045364
test_02080,0.997241
test_02081,0.002201
test_02082,0.970898
test_02083,0.008221
test_02084,0.134691
test_02085,0.211318
test_02086,0.091525
test_02087,0.002885
test_02088,0.002052
test_02089,0.010179
test_02090,0.759806
test_02091,0.001786
test_02092,0.002581
test_02093,0.001703
test_02094,0.997847
test_02095,0.006259
test_02096,0.002802
test_02097,0.024307
test_02098,0.708775
test_02099,0.994401
test_02100,0.997874
test_02101,0.547664
test_02102,0.997741
test_02103,0.215462
test_02104,0.005968
test_02105,0.925826
test_02106,0.995562
test_02107,0.013252
test_02108,0.008077
test_02109,0.038104
test_02110,0.996394
test_02111,0.004434
test_02112,0.919161
test_02113,0.998081
test_02114,0.995875
test_02115,0.019358
test_02116,0.995490
test_02117,0.066217
test_02118,0.272913
test_02119,0.997266
test_02120,0.011449
test_02121,0.390184
test_02122,0.004203
test_02123,0.592725
test_02124,0.015977
test_02125,0.987247
test_02126,0.868422
test_02127,0.001481
test_02128,0.008825
test_02129,0.328735
test_02130,0.998171
test_02131,0.699319
test_02132,0.989723
test_02133,0.968419
test_02134,0.001930
test_02135,0.996508
test_02136,0.338292
test_02137,0.135536
test_02138,0.928238
test_02139,0.128596
test_02140,0.001504
test_02141,0.998245
test_02142,0.998091
test_02143,0.007691
test_02144,0.230962
test_02145,0.016150
test_02146,0.011767
test_02147,0.762920
test_02148,0.996341
test_02149,0.004045
test_02150,0.997221
test_02151,0.074069
test_02152,0.019978
test_02153,0.942240
test_02154,0.996342
test_02155,0.997794
test_02156,0.425348
test_02157,0.138290
test_02158,0.040263
test_02159,0.986853
test_02160,0.971077
test_02161,0.990528
test_02162,0.995419
test_02163,0.002253
test_02164,0.001927
test_02165,0.496602
test_02166,0.038644
test_02167,0.472078
test_02168,0.283895
test_02169,0.008115
test_02170,0.771942
test_02171,0.334586
test_02172,0.926463
test_02173,0.145985
test_02174,0.481397
test_02175,0.925504
test_02176,0.025089
test_02177,0.667331
test_02178,0.022366
test_02179,0.434986
test_02180,0.997342
test_02181,0.996569
test_02182,0.344925
test_02183,0.114858
test_02184,0.002009
test_02185,0.997841
test_02186,0.001773
test_02187,0.990036
test_02188,0.026097
test_02189,0.994715
test_02190,0.996207
test_02191,0.988905
test_02192,0.046957
test_02193,0.012748
test_02194,0.997285
test_02195,0.961803
test_02196,0.002881
test_02197,0.538454
test_02198,0.084496
test_02199,0.004869
test_02200,0.002555
test_02201,0.179846
test_02202,0.003042
test_02203,0.004831
test_02204,0.422981
test_02205,0.434700
test_02206,0.995989
test_02207,0.798459
test_02208,0.396568
test_02209,0.388078
test_02210,0.490055
test_02211,0.069400
test_02212,0.340020
test_02213,0.996877
test_02214,0.904016
test_02215,0.002468
test_02216,0.039204
test_02217,0.017284
test_02218,0.869022
test_02219,0.017794
test_02220,0.003357
test_02221,0.014182
test_02222,0.996010
test_02223,0.002837
test_02224,0.997835
test_02225,0.002796
test_02226,0.005886
test_02227,0.391376
test_02228,0.998203
test_02229,0.998561
test_02230,0.002527
test_02231,0.200697
test_02232,0.777652
test_02233,0.994020
test_02234,0.001629
test_02235,0.625389
test_02236,0.082270
test_02237,0.961188
test_02238,0.111014
test_02239,0.987998
test_02240,0.968583
test_02241,0.997028
test_02242,0.009712
test_02243,0.002644
test_02244,0.997846
test_02245,0.052370
test_02246,0.997862
test_02247,0.958014
test_02248,0.990552
test_02249,0.320761
test_02250,0.997242
test_02251,0.077078
test_02252,0.996113
test_02253,0.933945
test_02254,0.003067
test_02255,0.910874
test_02256,0.551047
test_02257,0.885898
test_02258,0.010871
test_02259,0.914886
test_02260,0.104623
test_02261,0.098418
test_02262,0.014650
test_02263,0.513464
test_02264,0.967392
test_02265,0.987684
test_02266,0.966356
test_02267,0.003064
test_02268,0.038247
test_02269,0.989876
test_02270,0.990056
test_02271,0.003339
test_02272,0.006257
test_02273,0.994095
test_02274,0.851775
test_02275,0.998279
test_02276,0.981948
test_02277,0.998460
test_02278,0.997686
test_02279,0.808703
test_02280,0.004869
test_02281,0.758298
test_02282,0.132635
test_02283,0.464468
test_02284,0.002373
test_02285,0.594675
test_02286,0.006639
test_02287,0.015400
test_02288,0.002161
test_02289,0.003134
test_02290,0.642487
test_02291,0.005911
test_02292,0.042315
test_02293,0.007254
test_02294,0.993237
test_02295,0.824695
test_02296,0.998038
test_02297,0.990264
test_02298,0.962695
test_02299,0.996794
test_02300,0.002276
test_02301,0.440866
test_02302,0.998305
test_02303,0.994999
test_02304,0.003045
test_02305,0.997709
test_02306,0.992110
test_02307,0.645832
test_02308,0.001882
test_02309,0.473128
test_02310,0.992195
test_02311,0.952466
test_02312,0.003200
test_02313,0.084571
test_02314,0.495450
test_02315,0.477881
test_02316,0.693370
test_02317,0.002130
test_02318,0.980957
test_02319,0.998180
test_02320,0.557394
test_02321,0.762331
test_02322,0.993860
test_02323,0.002888
test_02324,0.998244
test_02325,0.951864
test_02326,0.517983
test_02327,0.050043
test_02328,0.026578
test_02329,0.001499
test_02330,0.005329
test_02331,0.002688
test_02332,0.002775
test_02333,0.003577
test_02334,0.276133
test_02335,0.996609
test_02336,0.997902
test_02337,0.419295
test_02338,0.913148
test_02339,0.847250
test_02340,0.991544
test_02341,0.197409
test_02342,0.020260
test_02343,0.517605
test_02344,0.001919
test_02345,0.013144
test_02346,0.995409
test_02347,0.986266
test_02348,0.998258
test_02349,0.997909
test_02350,0.003185
test_02351,0.008895
test_02352,0.129245
test_02353,0.461646
test_02354,0.997857
test_02355,0.867101
test_02356,0.802509
test_02357,0.003987
test_02358,0.992608
test_02359,0.987149
test_02360,0.002158
test_02361,0.276732
test_02362,0.989272
test_02363,0.997263
test_02364,0.995095
test_02365,0.997071
test_02366,0.054343
test_02367,0.998266
test_02368,0.015296
test_02369,0.005150
test_02370,0.991215
test_02371,0.983630
test_02372,0.002995
test_02373,0.007709
test_02374,0.994676
test_02375,0.989716
test_02376,0.376522
test_02377,0.033602
test_02378,0.311781
test_02379,0.021371
test_02380,0.996446
test_02381,0.964146
test_02382,0.936470
test_02383,0.003926
test_02384,0.002807
test_02385,0.734469
test_02386,0.008054
test_02387,0.996116
test_02388,0.005144
test_02389,0.003103
test_02390,0.904775
test_02391,0.128702
test_02392,0.991492
test_02393,0.016616
test_02394,0.001862
test_02395,0.996913
test_02396,0.002284
test_02397,0.954504
test_02398,0.995333
test_02399,0.993063
test_02400,0.993988
test_02401,0.916574
test_02402,0.987117
test_02403,0.212312
test_02404,0.344298
test_02405,0.573801
test_02406,0.624826
test_02407,0.996275
test_02408,0.403291
test_02409,0.006895
test_02410,0.001847
test_02411,0.990957
test_02412,0.752991
test_02413,0.986683
test_02414,0.971707
test_02415,0.995820
test_02416,0.002032
test_02417,0.985228
test_02418,0.003007
test_02419,0.003439
test_02420,0.004226
test_02421,0.910383
test_02422,0.001937
test_02423,0.977628
test_02424,0.001298
test_02425,0.015305
test_02426,0.997550
test_02427,0.997566
test_02428,0.002851
test_02429,0.002029
test_02430,0.983295
test_02431,0.009774
test_02432,0.670281
test_02433,0.991382
test_02434,0.998144
test_02435,0.044804
test_02436,0.003479
test_02437,0.859904
test_02438,0.983537
test_02439,0.997975
test_02440,0.982234
test_02441,0.988917
test_02442,0.019118
test_02443,0.959517
test_02444,0.386969
test_02445,0.029188
test_02446,0.357541
test_02447,0.131941
test_02448,0.987798
test_02449,0.003102
test_02450,0.992151
test_02451,0.996586
test_02452,0.002428
test_02453,0.535253
test_02454,0.975006
test_02455,0.011278
test_02456,0.003596
test_02457,0.016449
test_02458,0.132431
test_02459,0.003302
test_02460,0.815751
test_02461,0.997444
test_02462,0.924390
test_02463,0.009436
test_02464,0.998097
test_02465,0.268831
test_02466,0.018687
test_02467,0.002834
test_02468,0.985171
test_02469,0.001710
test_02470,0.956148
test_02471,0.997284
test_02472,0.009309
test_02473,0.994606
test_02474,0.001953
test_02475,0.036507
test_02476,0.002964
test_02477,0.784205
test_02478,0.973097
test_02479,0.996326
test_02480,0.985033
test_02481,0.995760
test_02482,0.595159
test_02483,0.026768
test_02484,0.222254
test_02485,0.002093
test_02486,0.964597
test_02487,0.008166
test_02488,0.070164
test_02489,0.994007
test_02490,0.997650
test_02491,0.948400
test_02492,0.003619
test_02493,0.005402
test_02494,0.958688
test_02495,0.034633
test_02496,0.910983
test_02497,0.004195
test_02498,0.885069
test_02499,0.798632
test_02500,0.994361
test_02501,0.015945
test_02502,0.142253
test_02503,0.710878
test_02504,0.997250
test_02505,0.062637
test_02506,0.004646
test_02507,0.998243
test_02508,0.025670
test_02509,0.988104
test_02510,0.051396
test_02511,0.997026
test_02512,0.975423
test_02513,0.997889
test_02514,0.002040
test_02515,0.990001
test_02516,0.996128
test_02517,0.023842
test_02518,0.003108
test_02519,0.637418
test_02520,0.002099
test_02521,0.456318
test_02522,0.994183
test_02523,0.002103
test_02524,0.597832
test_02525,0.997487
test_02526,0.128313
test_02527,0.997267
test_02528,0.994539
test_02529,0.717215
test_02530,0.997505
test_02531,0.918847
test_02532,0.106150
test_02533,0.997023
test_02534,0.002647
test_02535,0.997531
test_02536,0.933168
test_02537,0.691044
test_02538,0.941842
test_02539,0.996263
test_02540,0.007264
test_02541,0.111299
test_02542,0.489395
test_02543,0.935561
test_02544,0.624496
test_02545,0.954842
test_02546,0.005915
test_02547,0.997444
test_02548,0.028365
test_02549,0.995720
test_02550,0.998239
test_02551,0.005194
test_02552,0.930864
test_02553,0.987378
test_02554,0.993764
test_02555,0.858571
test_02556,0.140551
test_02557,0.350066
test_02558,0.874304
test_02559,0.093946
test_02560,0.330940
test_02561,0.995523
test_02562,0.001739
test_02563,0.997034
test_02564,0.420626
test_02565,0.747395
test_02566,0.823931
test_02567,0.463206
test_02568,0.002770
test_02569,0.050772
test_02570,0.997726
test_02571,0.019666
test_02572,0.987344
test_02573,0.012264
test_02574,0.998220
test_02575,0.282457
test_02576,0.900597
test_02577,0.606199
test_02578,0.997307
test_02579,0.002610
test_02580,0.121115
test_02581,0.817720
test_02582,0.001945
test_02583,0.530140
test_02584,0.997759
test_02585,0.002107
test_02586,0.060317
test_02587,0.041057
test_02588,0.175411
test_02589,0.647380
test_02590,0.633674
test_02591,0.997965
test_02592,0.912563
test_02593,0.882481
test_02594,0.998018
test_02595,0.946933
test_02596,0.003828
test_02597,0.445638
test_02598,0.982999
test_02599,0.214301
test_02600,0.814362
test_02601,0.031161
test_02602,0.026016
test_02603,0.001583
test_02604,0.073629
test_02605,0.083805
test_02606,0.786319
test_02607,0.993610
test_02608,0.899286
test_02609,0.996398
test_02610,0.004753
test_02611,0.146429
test_02612,0.901504
test_02613,0.285524
test_02614,0.704693
test_02615,0.002197
test_02616,0.480568
test_02617,0.904956
test_02618,0.768754
test_02619,0.406876
test_02620,0.001901
test_02621,0.857696
test_02622,0.282552
test_02623,0.745059
test_02624,0.998008
test_02625,0.007558
test_02626,0.979214
test_02627,0.995573
test_02628,0.029998
test_02629,0.003126
test_02630,0.997722
test_02631,0.005471
test_02632,0.113924
test_02633,0.983453
test_02634,0.015637
test_02635,0.396236
test_02636,0.023880
test_02637,0.998535
test_02638,0.992866
test_02639,0.233977
test_02640,0.997596
test_02641,0.994932
test_02642,0.012914
test_02643,0.988292
test_02644,0.002342
test_02645,0.067497
test_02646,0.082696
test_02647,0.022351
test_02648,0.001560
test_02649,0.987949
test_02650,0.002009
test_02651,0.827251
test_02652,0.348436
test_02653,0.958051
test_02654,0.664246
test_02655,0.050050
test_02656,0.001646
test_02657,0.168802
test_02658,0.995767
test_02659,0.984995
test_02660,0.668538
test_02661,0.994215
test_02662,0.004202
test_02663,0.004483
test_02664,0.996633
test_02665,0.977116
test_02666,0.994848
test_02667,0.736080
test_02668,0.911079
test_02669,0.454468
test_02670,0.907278
test_02671,0.002699
test_02672,0.993730
test_02673,0.996916
test_02674,0.372696
test_02675,0.819546
test_02676,0.997649
test_02677,0.168813
test_02678,0.983104
test_02679,0.922691
test_02680,0.035421
test_02681,0.019236
test_02682,0.025944
test_02683,0.491826
test_02684,0.156314
test_02685,0.478424
test_02686,0.997898
test_02687,0.086446
test_02688,0.997093
test_02689,0.906824
test_02690,0.342126
test_02691,0.102348
test_02692,0.998452
test_02693,0.990374
test_02694,0.993944
test_02695,0.612945
test_02696,0.625647
test_02697,0.001981
test_02698,0.004788
test_02699,0.987795
test_02700,0.021542
test_02701,0.003031
test_02702,0.704369
test_02703,0.089161
test_02704,0.712816
test_02705,0.992314
test_02706,0.002067
test_02707,0.994267
test_02708,0.530220
test_02709,0.987621
test_02710,0.993249
test_02711,0.002013
test_02712,0.997467
test_02713,0.356560
test_02714,0.002089
test_02715,0.970982
test_02716,0.046268
test_02717,0.993604
test_02718,0.002477
test_02719,0.941148
test_02720,0.020123
test_02721,0.001944
test_02722,0.004622
test_02723,0.998052
test_02724,0.002144
test_02725,0.077101
test_02726,0.704021
test_02727,0.012496
test_02728,0.007993
test_02729,0.414607
test_02730,0.997599
test_02731,0.002655
test_02732,0.824267
test_02733,0.797124
test_02734,0.002827
test_02735,0.997435
test_02736,0.003512
test_02737,0.998586
test_02738,0.989217
test_02739,0.514970
test_02740,0.995067
test_02741,0.002574
test_02742,0.010767
test_02743,0.004606
test_02744,0.016279
test_02745,0.990274
test_02746,0.206881
test_02747,0.046517
test_02748,0.025209
test_02749,0.994197
test_02750,0.997218
test_02751,0.598244
test_02752,0.928156
test_02753,0.997397
test_02754,0.002386
test_02755,0.753745
test_02756,0.989861
test_02757,0.004504
test_02758,0.399378
test_02759,0.883376
test_02760,0.006602
test_02761,0.998383
test_02762,0.001828
test_02763,0.007896
test_02764,0.968315
test_02765,0.087551
test_02766,0.066146
test_02767,0.001819
test_02768,0.346128
test_02769,0.002151
test_02770,0.466552
test_02771,0.980980
test_02772,0.313667
test_02773,0.028264
test_02774,0.996923
test_02775,0.792701
test_02776,0.983098
test_02777,0.998195
test_02778,0.748349
test_02779,0.043017
test_02780,0.976302
test_02781,0.891686
test_02782,0.946782
test_02783,0.392511
test_02784,0.003383
test_02785,0.997763
test_02786,0.002541
test_02787,0.001799
test_02788,0.914732
test_02789,0.017165
test_02790,0.163988
test_02791,0.016734
test_02792,0.364292
test_02793,0.776863
test_02794,0.003676
test_02795,0.993652
test_02796,0.997924
test_02797,0.043081
test_02798,0.997422
test_02799,0.947915
test_02800,0.031828
test_02801,0.007010
test_02802,0.001623
test_02803,0.207169
test_02804,0.298105
test_02805,0.024962
test_02806,0.998427
test_02807,0.002361
test_02808,0.022565
test_02809,0.562020
test_02810,0.001948
test_02811,0.009829
test_02812,0.482345
test_02813,0.690191
test_02814,0.996961
test_02815,0.126394
test_02816,0.988101
test_02817,0.002958
test_02818,0.284979
test_02819,0.994042
test_02820,0.018010
test_02821,0.893843
test_02822,0.716447
test_02823,0.619790
test_02824,0.006082
test_02825,0.997960
test_02826,0.996742
test_02827,0.645326
test_02828,0.997371
test_02829,0.997009
test_02830,0.998106
test_02831,0.998330
test_02832,0.046169
test_02833,0.104403
test_02834,0.947610
test_02835,0.003331
test_02836,0.995562
test_02837,0.996276
test_02838,0.038676
test_02839,0.996358
test_02840,0.356442
test_02841,0.998283
test_02842,0.997046
test_02843,0.006716
test_02844,0.002329
test_02845,0.001994
test_02846,0.996823
test_02847,0.995325
test_02848,0.090813
test_02849,0.374353
test_02850,0.003065
test_02851,0.995877
test_02852,0.003619
test_02853,0.002330
test_02854,0.602125
test_02855,0.996989
test_02856,0.420967
test_02857,0.992420
test_02858,0.994910
test_02859,0.449961
test_02860,0.901892
test_02861,0.997655
test_02862,0.805498
test_02863,0.541737
test_02864,0.857010
test_02865,0.998041
test_02866,0.989202
test_02867,0.957651
test_02868,0.002418
test_02869,0.797837
test_02870,0.878495
test_02871,0.988095
test_02872,0.031515
test_02873,0.994878
test_02874,0.816730
test_02875,0.975776
test_02876,0.819573
test_02877,0.431032
test_02878,0.004821
test_02879,0.070970
test_02880,0.997263
test_02881,0.083866
test_02882,0.006649
test_02883,0.997567
test_02884,0.180842
test_02885,0.125673
test_02886,0.001589
test_02887,0.001953
test_02888,0.002205
test_02889,0.067691
test_02890,0.003940
test_02891,0.100264
test_02892,0.112307
test_02893,0.003005
test_02894,0.025710
test_02895,0.142130
test_02896,0.451034
test_02897,0.726454
test_02898,0.967050
test_02899,0.994481
test_02900,0.827440
test_02901,0.994084
test_02902,0.003397
test_02903,0.002005
test_02904,0.041359
test_02905,0.975652
test_02906,0.844409
test_02907,0.878920
test_02908,0.033511
test_02909,0.001601
test_02910,0.002255
test_02911,0.002042
test_02912,0.997858
test_02913,0.003657
test_02914,0.995714
test_02915,0.995999
test_02916,0.636071
test_02917,0.002808
test_02918,0.029205
test_02919,0.003084
test_02920,0.002528
test_02921,0.867365
test_02922,0.997649
test_02923,0.003847
test_02924,0.292231
test_02925,0.099500
test_02926,0.994477
test_02927,0.536453
test_02928,0.950573
test_02929,0.001967
test_02930,0.992740
test_02931,0.990906
test_02932,0.887595
test_02933,0.301997
test_02934,0.523819
test_02935,0.418478
test_02936,0.988598
test_02937,0.003375
test_02938,0.084223
test_02939,0.997749
test_02940,0.003537
test_02941,0.910610
test_02942,0.006149
test_02943,0.884645
test_02944,0.022107
test_02945,0.923251
test_02946,0.005977
test_02947,0.104588
test_02948,0.004321
test_02949,0.395885
test_02950,0.245413
test_02951,0.005834
test_02952,0.895422
test_02953,0.278859
test_02954,0.994352
test_02955,0.017466
test_02956,0.019029
test_02957,0.001839
test_02958,0.993039
test_02959,0.018051
test_02960,0.762075
test_02961,0.022269
test_02962,0.997111
test_02963,0.006116
test_02964,0.990502
test_02965,0.001656
test_02966,0.010601
test_02967,0.125150
test_02968,0.997978
test_02969,0.998285
test_02970,0.214931
test_02971,0.998453
test_02972,0.983687
test_02973,0.024095
test_02974,0.592019
test_02975,0.001957
test_02976,0.994592
test_02977,0.502269
test_02978,0.992649
test_02979,0.994820
test_02980,0.003537
test_02981,0.439139
test_02982,0.975379
test_02983,0.979326
test_02984,0.819549
test_02985,0.006955
test_02986,0.544067
test_02987,0.013980
test_02988,0.002192
test_02989,0.458258
test_02990,0.998546
test_02991,0.979026
test_02992,0.002706
test_02993,0.001684
test_02994,0.977219
test_02995,0.001561
test_02996,0.980148
test_02997,0.920908
test_02998,0.039081
test_02999,0.994465
test_03000,0.981832
test_03001,0.990604
test_03002,0.998263
test_03003,0.670473
test_03004,0.079280
test_03005,0.001671
test_03006,0.158792
test_03007,0.072378
test_03008,0.026400
test_03009,0.213762
test_03010,0.871622
test_03011,0.996738
test_03012,0.025114
test_03013,0.990613
test_03014,0.998059
test_03015,0.067049
test_03016,0.002356
test_03017,0.571691
test_03018,0.013562
test_03019,0.002966
test_03020,0.985224
test_03021,0.004888
test_03022,0.998093
test_03023,0.062264
test_03024,0.554020
test_03025,0.002382
test_03026,0.005905
test_03027,0.002857
test_03028,0.002731
test_03029,0.003303
test_03030,0.480084
test_03031,0.383858
test_03032,0.170204
test_03033,0.401715
test_03034,0.416792
test_03035,0.044705
test_03036,0.873239
test_03037,0.002288
test_03038,0.002828
test_03039,0.002620
test_03040,0.998063
test_03041,0.998028
test_03042,0.994271
test_03043,0.992848
test_03044,0.933727
test_03045,0.836867
test_03046,0.687878
test_03047,0.988376
test_03048,0.035107
test_03049,0.996933
test_03050,0.002154
test_03051,0.001676
test_03052,0.024832
test_03053,0.159688
test_03054,0.245972
test_03055,0.992835
test_03056,0.992890
test_03057,0.001636
test_03058,0.028203
test_03059,0.995155
test_03060,0.733004
test_03061,0.997982
test_03062,0.998074
test_03063,0.271531
test_03064,0.994822
test_03065,0.009074
test_03066,0.993933
test_03067,0.370076
test_03068,0.303995
test_03069,0.998091
test_03070,0.960078
test_03071,0.997607
test_03072,0.259332
test_03073,0.002274
test_03074,0.488400
test_03075,0.834120
test_03076,0.063704
test_03077,0.493587
test_03078,0.003418
test_03079,0.076595
test_03080,0.021133
test_03081,0.054953
test_03082,0.994716
test_03083,0.175461
test_03084,0.069817
test_03085,0.200425
test_03086,0.500175
test_03087,0.100741
test_03088,0.930792
test_03089,0.008572
test_03090,0.720877
test_03091,0.596773
test_03092,0.002586
test_03093,0.640917
test_03094,0.996610
test_03095,0.859943
test_03096,0.988685
test_03097,0.158704
test_03098,0.047866
test_03099,0.997972
test_03100,0.997074
test_03101,0.428175
test_03102,0.967763
test_03103,0.774487
test_03104,0.762587
test_03105,0.001598
test_03106,0.292458
test_03107,0.002207
test_03108,0.017598
test_03109,0.003488
test_03110,0.002192
test_03111,0.004502
test_03112,0.002454
test_03113,0.031914
test_03114,0.485870
test_03115,0.813537
test_03116,0.922356
test_03117,0.046769
test_03118,0.250241
test_03119,0.993853
test_03120,0.311197
test_03121,0.004051
test_03122,0.694896
test_03123,0.998072
test_03124,0.994530
test_03125,0.425256
test_03126,0.994876
test_03127,0.140716
test_03128,0.002643
test_03129,0.002941
test_03130,0.997528
test_03131,0.044272
test_03132,0.990838
test_03133,0.840749
test_03134,0.675406
test_03135,0.988429
test_03136,0.379386
test_03137,0.155790
test_03138,0.003122
test_03139,0.002587
test_03140,0.034590
test_03141,0.993457
test_03142,0.997357
test_03143,0.097627
test_03144,0.908870
test_03145,0.997043
test_03146,0.004418
test_03147,0.002829
test_03148,0.002129
test_03149,0.879533
test_03150,0.998057
test_03151,0.138065
test_03152,0.926942
test_03153,0.002124
test_03154,0.998470
test_03155,0.002589
test_03156,0.996322
test_03157,0.003397
test_03158,0.997953
test_03159,0.888790
test_03160,0.233501
test_03161,0.002283
test_03162,0.971454
test_03163,0.011263
test_03164,0.423090
test_03165,0.001497
test_03166,0.005286
test_03167,0.001565
test_03168,0.002568
test_03169,0.002786
test_03170,0.002235
test_03171,0.989001
test_03172,0.885433
test_03173,0.957043
test_03174,0.997969
test_03175,0.980964
test_03176,0.979221
test_03177,0.013946
test_03178,0.955442
test_03179,0.073096
test_03180,0.997129
test_03181,0.994316
test_03182,0.048298
test_03183,0.981164
test_03184,0.990493
test_03185,0.748413
test_03186,0.005335
test_03187,0.943638
test_03188,0.142128
test_03189,0.987711
test_03190,0.431604
test_03191,0.027690
test_03192,0.923754
test_03193,0.115266
test_03194,0.974647
test_03195,0.002025
test_03196,0.985149
test_03197,0.084988
test_03198,0.001929
test_03199,0.445450
test_03200,0.011299
test_03201,0.666467
test_03202,0.053598
test_03203,0.014297
test_03204,0.972280
test_03205,0.056610
test_03206,0.001455
test_03207,0.997365
test_03208,0.034798
test_03209,0.248412
test_03210,0.304573
test_03211,0.002473
test_03212,0.923080
test_03213,0.997299
test_03214,0.002467
test_03215,0.997134
test_03216,0.021795
test_03217,0.001774
test_03218,0.003129
test_03219,0.992846
test_03220,0.866921
test_03221,0.990307
test_03222,0.044207
test_03223,0.024066
test_03224,0.998320
test_03225,0.982064
test_03226,0.003131
test_03227,0.922464
test_03228,0.995879
test_03229,0.002039
test_03230,0.930540
test_03231,0.994280
test_03232,0.996254
test_03233,0.017171
test_03234,0.972765
test_03235,0.970020
test_03236,0.001936
test_03237,0.959026
test_03238,0.133595
test_03239,0.002371
test_03240,0.013760
test_03241,0.949577
test_03242,0.003791
test_03243,0.002420
test_03244,0.492294
test_03245,0.736744
test_03246,0.780281
test_03247,0.947738
test_03248,0.083208
test_03249,0.992821
test_03250,0.015891
test_03251,0.001769
test_03252,0.982518
test_03253,0.989413
test_03254,0.006976
test_03255,0.069853
test_03256,0.996871
test_03257,0.996540
test_03258,0.065890
test_03259,0.640360
test_03260,0.001956
test_03261,0.002112
test_03262,0.912171
test_03263,0.691218
test_03264,0.944221
test_03265,0.296416
test_03266,0.997253
test_03267,0.995790
test_03268,0.871011
test_03269,0.997641
test_03270,0.002620
test_03271,0.025412
test_03272,0.990994
test_03273,0.003687
test_03274,0.003864
test_03275,0.004035
test_03276,0.004409
test_03277,0.054202
test_03278,0.975913
test_03279,0.441197
test_03280,0.855003
test_03281,0.995805
test_03282,0.267117
test_03283,0.089215
test_03284,0.006344
test_03285,0.996900
test_03286,0.976220
test_03287,0.996998
test_03288,0.427846
test_03289,0.941671
test_03290,0.201917
test_03291,0.797556
test_03292,0.395433
test_03293,0.998135
test_03294,0.432728
test_03295,0.002250
test_03296,0.066997
test_03297,0.997956
test_03298,0.001272
test_03299,0.997433
test_03300,0.991957
test_03301,0.462042
test_03302,0.997460
test_03303,0.060058
test_03304,0.001649
test_03305,0.995589
test_03306,0.312862
test_03307,0.994260
test_03308,0.997077
test_03309,0.030384
test_03310,0.996366
test_03311,0.033041
test_03312,0.709374
test_03313,0.003145
test_03314,0.003041
test_03315,0.211558
test_03316,0.973980
test_03317,0.885712
test_03318,0.997769
test_03319,0.005639
test_03320,0.997893
test_03321,0.991263
test_03322,0.993736
test_03323,0.992366
test_03324,0.219998
test_03325,0.009844
test_03326,0.049221
test_03327,0.981988
test_03328,0.042930
test_03329,0.042380
test_03330,0.181249
test_03331,0.001572
test_03332,0.997357
test_03333,0.011066
test_03334,0.612960
test_03335,0.996130
test_03336,0.002195
test_03337,0.002605
test_03338,0.007876
test_03339,0.977433
test_03340,0.985220
test_03341,0.002381
test_03342,0.495760
test_03343,0.022614
test_03344,0.956837
test_03345,0.005113
test_03346,0.013214
test_03347,0.069947
test_03348,0.002201
test_03349,0.997088
test_03350,0.546438
test_03351,0.109379
test_03352,0.996608
test_03353,0.345369
test_03354,0.004609
test_03355,0.995578
test_03356,0.915102
test_03357,0.990873
test_03358,0.002521
test_03359,0.993627
test_03360,0.818682
test_03361,0.025707
test_03362,0.995377
test_03363,0.997561
test_03364,0.936788
test_03365,0.873525
test_03366,0.035255
test_03367,0.771123
test_03368,0.952358
test_03369,0.009559
test_03370,0.998291
test_03371,0.997025
test_03372,0.597121
test_03373,0.559807
test_03374,0.649650
test_03375,0.009505
test_03376,0.993252
test_03377,0.170564
test_03378,0.147135
test_03379,0.996581
test_03380,0.996110
test_03381,0.998351
test_03382,0.991010
test_03383,0.054770
test_03384,0.692747
test_03385,0.845697
test_03386,0.517740
test_03387,0.997503
test_03388,0.003819
test_03389,0.437182
test_03390,0.423761
test_03391,0.921126
test_03392,0.349697
test_03393,0.027283
test_03394,0.625609
test_03395,0.439895
test_03396,0.118084
test_03397,0.035557
test_03398,0.997879
test_03399,0.998127
test_03400,0.056046
test_03401,0.408159
test_03402,0.600292
test_03403,0.003448
test_03404,0.108794
test_03405,0.996864
test_03406,0.044297
test_03407,0.006006
test_03408,0.132120
test_03409,0.007485
test_03410,0.044984
test_03411,0.341164
test_03412,0.997283
test_03413,0.081226
test_03414,0.003543
test_03415,0.990143
test_03416,0.006619
test_03417,0.018701
test_03418,0.153250
test_03419,0.005056
test_03420,0.995709
test_03421,0.007522
test_03422,0.997304
test_03423,0.156279
test_03424,0.003549
test_03425,0.002784
test_03426,0.988823
test_03427,0.971538
test_03428,0.006207
test_03429,0.696672
test_03430,0.997782
test_03431,0.915620
test_03432,0.025190
test_03433,0.987593
test_03434,0.011167
test_03435,0.990565
test_03436,0.004900
test_03437,0.704353
test_03438,0.006968
test_03439,0.996882
test_03440,0.578172
test_03441,0.780903
test_03442,0.155734
test_03443,0.395900
test_03444,0.829134
test_03445,0.744816
test_03446,0.945074
test_03447,0.993158
test_03448,0.898896
test_03449,0.998345
test_03450,0.885253
test_03451,0.001942
test_03452,0.003024
test_03453,0.002978
test_03454,0.007413
test_03455,0.001914
test_03456,0.003455
test_03457,0.317527
test_03458,0.998118
test_03459,0.002718
test_03460,0.006204
test_03461,0.870612
test_03462,0.996120
test_03463,0.037866
test_03464,0.990011
test_03465,0.304745
test_03466,0.013158
test_03467,0.861440
test_03468,0.002209
test_03469,0.019179
test_03470,0.002162
test_03471,0.307449
test_03472,0.792761
test_03473,0.986059
test_03474,0.921688
test_03475,0.976665
test_03476,0.213949
test_03477,0.026405
test_03478,0.001844
test_03479,0.036456
test_03480,0.994436
test_03481,0.544014
test_03482,0.998378
test_03483,0.001995
test_03484,0.742864
test_03485,0.091156
test_03486,0.997570
test_03487,0.994620
test_03488,0.996627
test_03489,0.027942
test_03490,0.993655
test_03491,0.973195
test_03492,0.997955
test_03493,0.993560
test_03494,0.003748
test_03495,0.278159
test_03496,0.010553
test_03497,0.998120
test_03498,0.996671
test_03499,0.973533
test_03500,0.581506
test_03501,0.005763
test_03502,0.516283
test_03503,0.128998
test_03504,0.002330
test_03505,0.005286
test_03506,0.155401
test_03507,0.002115
test_03508,0.588315
test_03509,0.040142
test_03510,0.896529
test_03511,0.003570
test_03512,0.223334
test_03513,0.002368
test_03514,0.997969
test_03515,0.687193
test_03516,0.247851
test_03517,0.920363
test_03518,0.004399
test_03519,0.609805
test_03520,0.935222
test_03521,0.553579
test_03522,0.748963
test_03523,0.996884
test_03524,0.121215
test_03525,0.985249
test_03526,0.997030
test_03527,0.787999
test_03528,0.003531
test_03529,0.005728
test_03530,0.002090
test_03531,0.002837
test_03532,0.996854
test_03533,0.062592
test_03534,0.994974
test_03535,0.055977
test_03536,0.993600
test_03537,0.751409
test_03538,0.002366
test_03539,0.227974
test_03540,0.903120
test_03541,0.239929
test_03542,0.311274
test_03543,0.978199
test_03544,0.004788
test_03545,0.005010
test_03546,0.478426
test_03547,0.997950
test_03548,0.996610
test_03549,0.261328
test_03550,0.479604
test_03551,0.998310
test_03552,0.964733
test_03553,0.998189
test_03554,0.929740
test_03555,0.003913
test_03556,0.131819
test_03557,0.994594
test_03558,0.930007
test_03559,0.005095
test_03560,0.894949
test_03561,0.997872
test_03562,0.958140
test_03563,0.292043
test_03564,0.995337
test_03565,0.997756
test_03566,0.002278
test_03567,0.831668
test_03568,0.001589
test_03569,0.775455
test_03570,0.998546
test_03571,0.002386
test_03572,0.988679
test_03573,0.720622
test_03574,0.942388
test_03575,0.971457
test_03576,0.995524
test_03577,0.002033
test_03578,0.015142
test_03579,0.002269
test_03580,0.939973
test_03581,0.001625
test_03582,0.968870
test_03583,0.997326
test_03584,0.054395
test_03585,0.990905
test_03586,0.064469
test_03587,0.088597
test_03588,0.014813
test_03589,0.058514
test_03590,0.020697
test_03591,0.040885
test_03592,0.994730
test_03593,0.996518
test_03594,0.008156
test_03595,0.991782
test_03596,0.989465
test_03597,0.007336
test_03598,0.789116
test_03599,0.968062
test_03600,0.452637
test_03601,0.997804
test_03602,0.017240
test_03603,0.997420
test_03604,0.997112
test_03605,0.998042
test_03606,0.106611
test_03607,0.004389
test_03608,0.997840
test_03609,0.013077
test_03610,0.054543
test_03611,0.980436
test_03612,0.994314
test_03613,0.670076
test_03614,0.002135
test_03615,0.943582
test_03616,0.003374
test_03617,0.001842
test_03618,0.998160
test_03619,0.002295
test_03620,0.005217
test_03621,0.034803
test_03622,0.008292
test_03623,0.003850
test_03624,0.307859
test_03625,0.997821
test_03626,0.797938
test_03627,0.002180
test_03628,0.002683
test_03629,0.972099
test_03630,0.494729
test_03631,0.002389
test_03632,0.951367
test_03633,0.002237
test_03634,0.002346
test_03635,0.988171
test_03636,0.426066
test_03637,0.002544
test_03638,0.812751
test_03639,0.001919
test_03640,0.153999
test_03641,0.419827
test_03642,0.373467
test_03643,0.990180
test_03644,0.026107
test_03645,0.996064
test_03646,0.709321
test_03647,0.582617
test_03648,0.707689
test_03649,0.915618
test_03650,0.997348
test_03651,0.010074
test_03652,0.002753
test_03653,0.937583
test_03654,0.989088
test_03655,0.976490
test_03656,0.301412
test_03657,0.128245
test_03658,0.772687
test_03659,0.997841
test_03660,0.998493
test_03661,0.320021
test_03662,0.997049
test_03663,0.977082
test_03664,0.997288
test_03665,0.998423
test_03666,0.091439
test_03667,0.023837
test_03668,0.998306
test_03669,0.982489
test_03670,0.126991
test_03671,0.001939
test_03672,0.840893
test_03673,0.608394
test_03674,0.015431
test_03675,0.995528
test_03676,0.988563
test_03677,0.710066
test_03678,0.587644
test_03679,0.001655
test_03680,0.917636
test_03681,0.111139
test_03682,0.912608
test_03683,0.997865
test_03684,0.994392
test_03685,0.997700
test_03686,0.996784
test_03687,0.215458
test_03688,0.996277
test_03689,0.001828
test_03690,0.925816
test_03691,0.996182
test_03692,0.009164
test_03693,0.191902
test_03694,0.990006
test_03695,0.001759
test_03696,0.002101
test_03697,0.632586
test_03698,0.998186
test_03699,0.968854
test_03700,0.995265
test_03701,0.073222
test_03702,0.997756
test_03703,0.985073
test_03704,0.001985
test_03705,0.003466
test_03706,0.002674
test_03707,0.997710
test_03708,0.031916
test_03709,0.972300
test_03710,0.011198
test_03711,0.006450
test_03712,0.984250
test_03713,0.213080
test_03714,0.119489
test_03715,0.997585
test_03716,0.998320
test_03717,0.019743
test_03718,0.001468
test_03719,0.998162
test_03720,0.003030
test_03721,0.001949
test_03722,0.013217
test_03723,0.015628
test_03724,0.940136
test_03725,0.001536
test_03726,0.994731
test_03727,0.005699
test_03728,0.019345
test_03729,0.003440
test_03730,0.997588
test_03731,0.445722
test_03732,0.299453
test_03733,0.996353
test_03734,0.986058
test_03735,0.183478
test_03736,0.051139
test_03737,0.982639
test_03738,0.740610
test_03739,0.997644
test_03740,0.005267
test_03741,0.162057
test_03742,0.188026
test_03743,0.805556
test_03744,0.983996
test_03745,0.995476
test_03746,0.011671
test_03747,0.601590
test_03748,0.005298
test_03749,0.951898
test_03750,0.997129
test_03751,0.913858
test_03752,0.829712
test_03753,0.997021
test_03754,0.997979
test_03755,0.997992
test_03756,0.988878
test_03757,0.003250
test_03758,0.749307
test_03759,0.019620
test_03760,0.648577
test_03761,0.002713
test_03762,0.975827
test_03763,0.105263
test_03764,0.985980
test_03765,0.037267
test_03766,0.995599
test_03767,0.899035
test_03768,0.004086
test_03769,0.001997
test_03770,0.835904
test_03771,0.948416
test_03772,0.994341
test_03773,0.024681
test_03774,0.916225
test_03775,0.997227
test_03776,0.002816
test_03777,0.003060
test_03778,0.996897
test_03779,0.074661
test_03780,0.031081
test_03781,0.045319
test_03782,0.024138
test_03783,0.004681
test_03784,0.002646
test_03785,0.987002
test_03786,0.052607
test_03787,0.002017
test_03788,0.002846
test_03789,0.015036
test_03790,0.573608
test_03791,0.626899
test_03792,0.995938
test_03793,0.050970
test_03794,0.997215
test_03795,0.983727
test_03796,0.949004
test_03797,0.003309
test_03798,0.390193
test_03799,0.056981
test_03800,0.984949
test_03801,0.019408
test_03802,0.366126
test_03803,0.040394
test_03804,0.193346
test_03805,0.686764
test_03806,0.011106
test_03807,0.417278
test_03808,0.989302
test_03809,0.013168
test_03810,0.003364
test_03811,0.650289
test_03812,0.074745
test_03813,0.997786
test_03814,0.008077
test_03815,0.352805
test_03816,0.029828
test_03817,0.519814
test_03818,0.001881
test_03819,0.147116
test_03820,0.994318
test_03821,0.987065
test_03822,0.926260
test_03823,0.005204
test_03824,0.667277
test_03825,0.772820
test_03826,0.998125
test_03827,0.002729
test_03828,0.988769
test_03829,0.062867
test_03830,0.832749
test_03831,0.003074
test_03832,0.003233
test_03833,0.010416
test_03834,0.996256
test_03835,0.996611
test_03836,0.001936
test_03837,0.420413
test_03838,0.001729
test_03839,0.259553
test_03840,0.956001
test_03841,0.988213
test_03842,0.001891
test_03843,0.170540
test_03844,0.010694
test_03845,0.998180
test_03846,0.735257
test_03847,0.002883
test_03848,0.994927
test_03849,0.051717
test_03850,0.023276
test_03851,0.022513
test_03852,0.058285
test_03853,0.996926
test_03854,0.996920
test_03855,0.190229
test_03856,0.020639
test_03857,0.001925
test_03858,0.005031
test_03859,0.016110
test_03860,0.006881
test_03861,0.175420
test_03862,0.998222
test_03863,0.094761
test_03864,0.997477
test_03865,0.026747
test_03866,0.996656
test_03867,0.305401
test_03868,0.009251
test_03869,0.974393
test_03870,0.397336
test_03871,0.003482
test_03872,0.010030
test_03873,0.109676
test_03874,0.009673
test_03875,0.060861
test_03876,0.997965
test_03877,0.059828
test_03878,0.983393
test_03879,0.998118
test_03880,0.779208
test_03881,0.001843
test_03882,0.997759
test_03883,0.517350
test_03884,0.986192
test_03885,0.164119
test_03886,0.116396
test_03887,0.002262
test_03888,0.997845
test_03889,0.002862
test_03890,0.500183
test_03891,0.001822
test_03892,0.050447
test_03893,0.063811
test_03894,0.002035
test_03895,0.364534
test_03896,0.972332
test_03897,0.849199
test_03898,0.023909
test_03899,0.244705
test_03900,0.265009
test_03901,0.004429
test_03902,0.002032
test_03903,0.934818
test_03904,0.015172
test_03905,0.559664
test_03906,0.650709
test_03907,0.997015
test_03908,0.853390
test_03909,0.902841
test_03910,0.005101
test_03911,0.952428
test_03912,0.998055
test_03913,0.299646
test_03914,0.633905
test_03915,0.001889
test_03916,0.998271
test_03917,0.643050
test_03918,0.935035
test_03919,0.997493
test_03920,0.696357
test_03921,0.029908
test_03922,0.015805
test_03923,0.972063
test_03924,0.543029
test_03925,0.003122
test_03926,0.997282
test_03927,0.006582
test_03928,0.005196
test_03929,0.992020
test_03930,0.979772
test_03931,0.987076
test_03932,0.001760
test_03933,0.003588
test_03934,0.904000
test_03935,0.001926
test_03936,0.119061
test_03937,0.005157
test_03938,0.811931
test_03939,0.002472
test_03940,0.094974
test_03941,0.308109
test_03942,0.091180
test_03943,0.204130
test_03944,0.997706
test_03945,0.996758
test_03946,0.042319
test_03947,0.902976
test_03948,0.993604
test_03949,0.922737
test_03950,0.783450
test_03951,0.001757
test_03952,0.760754
test_03953,0.996492
test_03954,0.994754
test_03955,0.010492
test_03956,0.001880
test_03957,0.997348
test_03958,0.998577
test_03959,0.200765
test_03960,0.016925
test_03961,0.997113
test_03962,0.997993
test_03963,0.029459
test_03964,0.986048
test_03965,0.003135
test_03966,0.162871
test_03967,0.004454
test_03968,0.697240
test_03969,0.776995
test_03970,0.440280
test_03971,0.039316
test_03972,0.370481
test_03973,0.991198
test_03974,0.273017
test_03975,0.978680
test_03976,0.992718
test_03977,0.983914
test_03978,0.060953
test_03979,0.992281
test_03980,0.901412
test_03981,0.998408
test_03982,0.931866
test_03983,0.933905
test_03984,0.929891
test_03985,0.003648
test_03986,0.002891
test_03987,0.867142
test_03988,0.967870
test_03989,0.003185
test_03990,0.002171
test_03991,0.002132
test_03992,0.882920
test_03993,0.009025
test_03994,0.012372
test_03995,0.247067
test_03996,0.997974
test_03997,0.106229
test_03998,0.996213
test_03999,0.998037
test_04000,0.998005
test_04001,0.126069
test_04002,0.997651
test_04003,0.883765
test_04004,0.238756
test_04005,0.001661
test_04006,0.363196
test_04007,0.001627
test_04008,0.997924
test_04009,0.002832
test_04010,0.142446
test_04011,0.007023
test_04012,0.003556
test_04013,0.003000
test_04014,0.972600
test_04015,0.989777
test_04016,0.997841
test_04017,0.078137
test_04018,0.985086
test_04019,0.982489
test_04020,0.997721
test_04021,0.085213
test_04022,0.004191
test_04023,0.833202
test_04024,0.010741
test_04025,0.003082
test_04026,0.997424
test_04027,0.085372
test_04028,0.272122
test_04029,0.387943
test_04030,0.998009
test_04031,0.135593
test_04032,0.177448
test_04033,0.878569
test_04034,0.997973
test_04035,0.941002
test_04036,0.978770
test_04037,0.996901
test_04038,0.008698
test_04039,0.011254
test_04040,0.910361
test_04041,0.911270
test_04042,0.994574
test_04043,0.843461
test_04044,0.005129
test_04045,0.003057
test_04046,0.002172
test_04047,0.882170
test_04048,0.716730
test_04049,0.917719
test_04050,0.068600
test_04051,0.996908
test_04052,0.675258
test_04053,0.642235
test_04054,0.002339
test_04055,0.996370
test_04056,0.772748
test_04057,0.997351
test_04058,0.991780
test_04059,0.584706
test_04060,0.993776
test_04061,0.730224
test_04062,0.003298
test_04063,0.209017
test_04064,0.997642
test_04065,0.505384
test_04066,0.996180
test_04067,0.004672
test_04068,0.927556
test_04069,0.027151
test_04070,0.003487
test_04071,0.731730
test_04072,0.001598
test_04073,0.004809
test_04074,0.107382
test_04075,0.975992
test_04076,0.135037
test_04077,0.532321
test_04078,0.998118
test_04079,0.003779
test_04080,0.041653
test_04081,0.986839
test_04082,0.001706
test_04083,0.184265
test_04084,0.696161
test_04085,0.001714
test_04086,0.002713
test_04087,0.935711
test_04088,0.998165
test_04089,0.111272
test_04090,0.997812
test_04091,0.997338
test_04092,0.997018
test_04093,0.997023
test_04094,0.282886
test_04095,0.124445
test_04096,0.002221
test_04097,0.222104
test_04098,0.002042
test_04099,0.981110
test_04100,0.997475
test_04101,0.011123
test_04102,0.012452
test_04103,0.003349
test_04104,0.753267
test_04105,0.001982
test_04106,0.002699
test_04107,0.118001
test_04108,0.569206
test_04109,0.996610
test_04110,0.849860
test_04111,0.963185
test_04112,0.357620
test_04113,0.516107
test_04114,0.997881
test_04115,0.006797
test_04116,0.863737
test_04117,0.997894
test_04118,0.356128
test_04119,0.002211
test_04120,0.676430
test_04121,0.137505
test_04122,0.003937
test_04123,0.996183
test_04124,0.885489
test_04125,0.001994
test_04126,0.002324
test_04127,0.005473
test_04128,0.998393
test_04129,0.984873
test_04130,0.001749
test_04131,0.005225
test_04132,0.083544
test_04133,0.002863
test_04134,0.998294
test_04135,0.997206
test_04136,0.424932
test_04137,0.040338
test_04138,0.518265
test_04139,0.915377
test_04140,0.996441
test_04141,0.879900
test_04142,0.852284
test_04143,0.846566
test_04144,0.982923
test_04145,0.438037
test_04146,0.004464
test_04147,0.234453
test_04148,0.815484
test_04149,0.994920
test_04150,0.007670
test_04151,0.689347
test_04152,0.638170
test_04153,0.432653
test_04154,0.015786
test_04155,0.007489
test_04156,0.997271
test_04157,0.996551
test_04158,0.977345
test_04159,0.173215
test_04160,0.984624
test_04161,0.121281
test_04162,0.704949
test_04163,0.005151
test_04164,0.995628
test_04165,0.984193
test_04166,0.023334
test_04167,0.136238
test_04168,0.002507
test_04169,0.985652
test_04170,0.996860
test_04171,0.810227
test_04172,0.001584
test_04173,0.991493
test_04174,0.066753
test_04175,0.719659
test_04176,0.814250
test_04177,0.009979
test_04178,0.993260
test_04179,0.037693
test_04180,0.007437
test_04181,0.978412
test_04182,0.963770
test_04183,0.315332
test_04184,0.348103
test_04185,0.812971
test_04186,0.986284
test_04187,0.957823
test_04188,0.140765
test_04189,0.010088
test_04190,0.985817
test_04191,0.840950
test_04192,0.004303
test_04193,0.006694
test_04194,0.009192
test_04195,0.003631
test_04196,0.464902
test_04197,0.005550
test_04198,0.998090
test_04199,0.019299
test_04200,0.090314
test_04201,0.839288
test_04202,0.989618
test_04203,0.959111
test_04204,0.759793
test_04205,0.004154
test_04206,0.002268
test_04207,0.665995
test_04208,0.043117
test_04209,0.689365
test_04210,0.992997
test_04211,0.879891
test_04212,0.794026
test_04213,0.001649
test_04214,0.976362
test_04215,0.338763
test_04216,0.004283
test_04217,0.993256
test_04218,0.010473
test_04219,0.498708
test_04220,0.050888
test_04221,0.527129
test_04222,0.984564
test_04223,0.997017
test_04224,0.996974
test_04225,0.925641
test_04226,0.369284
test_04227,0.994556
test_04228,0.996645
test_04229,0.896109
test_04230,0.912395
test_04231,0.039621
test_04232,0.990619
test_04233,0.997173
test_04234,0.978705
test_04235,0.990117
test_04236,0.005818
test_04237,0.510849
test_04238,0.002534
test_04239,0.998015
test_04240,0.955785
test_04241,0.978909
test_04242,0.877391
test_04243,0.002720
test_04244,0.981710
test_04245,0.994619
test_04246,0.845260
test_04247,0.858994
test_04248,0.998188
test_04249,0.997465
test_04250,0.302573
test_04251,0.996730
test_04252,0.002529
test_04253,0.003232
test_04254,0.011822
test_04255,0.963841
test_04256,0.997184
test_04257,0.010752
test_04258,0.014450
test_04259,0.780320
test_04260,0.352426
test_04261,0.935894
test_04262,0.785594
test_04263,0.027568
test_04264,0.988290
test_04265,0.983999
test_04266,0.631638
test_04267,0.012695
test_04268,0.994736
test_04269,0.981341
test_04270,0.100737
test_04271,0.199751
test_04272,0.109401
test_04273,0.163995
test_04274,0.127405
test_04275,0.093562
test_04276,0.996853
test_04277,0.019065
test_04278,0.628567
test_04279,0.020342
test_04280,0.004415
test_04281,0.997899
test_04282,0.525925
test_04283,0.064402
test_04284,0.007542
test_04285,0.974043
test_04286,0.001741
test_04287,0.997703
test_04288,0.003027
test_04289,0.996529
test_04290,0.186903
test_04291,0.020521
test_04292,0.578874
test_04293,0.996609
test_04294,0.700135
test_04295,0.002926
test_04296,0.563320
test_04297,0.982092
test_04298,0.994870
test_04299,0.002301
test_04300,0.001852
test_04301,0.822811
test_04302,0.035762
test_04303,0.997274
test_04304,0.900146
test_04305,0.890442
test_04306,0.003130
test_04307,0.741953
test_04308,0.010246
test_04309,0.923205
test_04310,0.998140
test_04311,0.997009
test_04312,0.997870
test_04313,0.024799
test_04314,0.993505
test_04315,0.996146
test_04316,0.002159
test_04317,0.225329
test_04318,0.132957
test_04319,0.001798
test_04320,0.018850
test_04321,0.978247
test_04322,0.732623
test_04323,0.004652
test_04324,0.993894
test_04325,0.997668
test_04326,0.404842
test_04327,0.226092
test_04328,0.003959
test_04329,0.959604
test_04330,0.995775
test_04331,0.992368
test_04332,0.298922
test_04333,0.001985
test_04334,0.950369
test_04335,0.019676
test_04336,0.002845
test_04337,0.997714
test_04338,0.997730
test_04339,0.994616
test_04340,0.007476
test_04341,0.997859
test_04342,0.007040
test_04343,0.307783
test_04344,0.003574
test_04345,0.986890
test_04346,0.010963
test_04347,0.501328
test_04348,0.995163
test_04349,0.840086
test_04350,0.990315
test_04351,0.075583
test_04352,0.010630
test_04353,0.722255
test_04354,0.002234
test_04355,0.722332
test_04356,0.004439
test_04357,0.852288
test_04358,0.002519
test_04359,0.028760
test_04360,0.654138
test_04361,0.004344
test_04362,0.028672
test_04363,0.996091
test_04364,0.146582
test_04365,0.031249
test_04366,0.004469
test_04367,0.038420
test_04368,0.111258
test_04369,0.994787
test_04370,0.009619
test_04371,0.998170
test_04372,0.307044
test_04373,0.680381
test_04374,0.019642
test_04375,0.997987
test_04376,0.561404
test_04377,0.031093
test_04378,0.996458
test_04379,0.008025
test_04380,0.075771
test_04381,0.989668
test_04382,0.005145
test_04383,0.189367
test_04384,0.997707
test_04385,0.807833
test_04386,0.005353
test_04387,0.002861
test_04388,0.004300
test_04389,0.012557
test_04390,0.928668
test_04391,0.975594
test_04392,0.996196
test_04393,0.954328
test_04394,0.996900
test_04395,0.697125
test_04396,0.008901
test_04397,0.997166
test_04398,0.005069
test_04399,0.003993
test_04400,0.001720
test_04401,0.002096
test_04402,0.996178
test_04403,0.651042
test_04404,0.002763
test_04405,0.991201
test_04406,0.996128
test_04407,0.006526
test_04408,0.997981
test_04409,0.728222
test_04410,0.997369
test_04411,0.997131
test_04412,0.817084
test_04413,0.996557
test_04414,0.997202
test_04415,0.009241
test_04416,0.330133
test_04417,0.007966
test_04418,0.028702
test_04419,0.005176
test_04420,0.002629
test_04421,0.920265
test_04422,0.003454
test_04423,0.748060
test_04424,0.136530
test_04425,0.997776
test_04426,0.348102
test_04427,0.386961
test_04428,0.028641
test_04429,0.997470
test_04430,0.503244
test_04431,0.997222
test_04432,0.008536
test_04433,0.029429
test_04434,0.995801
test_04435,0.508521
test_04436,0.001950
test_04437,0.996955
test_04438,0.869271
test_04439,0.009257
test_04440,0.996995
test_04441,0.994967
test_04442,0.923451
test_04443,0.005251
test_04444,0.675288
test_04445,0.994353
test_04446,0.003571
test_04447,0.948562
test_04448,0.002158
test_04449,0.375141
test_04450,0.991326
test_04451,0.002244
test_04452,0.027240
test_04453,0.956648
test_04454,0.004627
test_04455,0.430370
test_04456,0.001575
test_04457,0.626645
test_04458,0.996779
test_04459,0.043065
test_04460,0.005671
test_04461,0.986189
test_04462,0.028651
test_04463,0.834746
test_04464,0.997379
test_04465,0.227208
test_04466,0.002745
test_04467,0.998146
test_04468,0.070429
test_04469,0.094910
test_04470,0.525070
test_04471,0.260434
test_04472,0.995570
test_04473,0.005938
test_04474,0.003854
test_04475,0.001866
test_04476,0.007233
test_04477,0.375949
test_04478,0.968029
test_04479,0.786560
test_04480,0.799404
test_04481,0.983327
test_04482,0.016043
test_04483,0.994219
test_04484,0.963130
test_04485,0.870064
test_04486,0.994067
test_04487,0.002551
test_04488,0.902721
test_04489,0.009479
test_04490,0.889556
test_04491,0.440511
test_04492,0.240288
test_04493,0.060108
test_04494,0.065438
test_04495,0.981920
test_04496,0.002370
test_04497,0.213009
test_04498,0.031284
test_04499,0.007038
test_04500,0.931518
test_04501,0.005205
test_04502,0.691131
test_04503,0.003364
test_04504,0.150675
test_04505,0.573550
test_04506,0.995703
test_04507,0.004117
test_04508,0.006605
test_04509,0.061974
test_04510,0.003831
test_04511,0.012965
test_04512,0.746870
test_04513,0.658383
test_04514,0.334983
test_04515,0.007216
test_04516,0.343167
test_04517,0.997930
test_04518,0.002145
test_04519,0.002634
test_04520,0.004417
test_04521,0.984962
test_04522,0.997139
test_04523,0.008553
test_04524,0.997304
test_04525,0.006196
test_04526,0.995484
test_04527,0.244820
test_04528,0.881469
test_04529,0.001853
test_04530,0.002596
test_04531,0.328761
test_04532,0.994567
test_04533,0.006489
test_04534,0.176719
test_04535,0.462060
test_04536,0.004692
test_04537,0.014484
test_04538,0.967319
test_04539,0.995354
test_04540,0.561528
test_04541,0.997525
test_04542,0.995423
test_04543,0.002346
test_04544,0.845399
test_04545,0.998281
test_04546,0.997280
test_04547,0.890684
test_04548,0.995732
test_04549,0.002379
test_04550,0.541931
test_04551,0.993991
test_04552,0.226290
test_04553,0.367188
test_04554,0.540312
test_04555,0.048612
test_04556,0.807108
test_04557,0.008780
test_04558,0.013730
test_04559,0.001285
test_04560,0.001876
test_04561,0.009997
test_04562,0.321039
test_04563,0.996541
test_04564,0.001609
test_04565,0.998364
test_04566,0.001824
test_04567,0.867382
test_04568,0.399090
test_04569,0.894338
test_04570,0.009732
test_04571,0.003760
test_04572,0.997363
test_04573,0.927514
test_04574,0.006857
test_04575,0.998693
test_04576,0.874642
test_04577,0.991632
test_04578,0.996849
test_04579,0.117333
test_04580,0.011412
test_04581,0.025258
test_04582,0.003068
test_04583,0.990991
test_04584,0.343671
test_04585,0.993459
test_04586,0.003776
test_04587,0.694982
test_04588,0.841355
test_04589,0.991761
test_04590,0.998525
test_04591,0.976092
test_04592,0.008777
test_04593,0.763255
test_04594,0.328125
test_04595,0.963178
test_04596,0.003667
test_04597,0.049805
test_04598,0.014334
test_04599,0.465862
test_04600,0.001803
test_04601,0.042539
test_04602,0.277292
test_04603,0.991197
test_04604,0.004955
test_04605,0.996076
test_04606,0.936493
test_04607,0.955293
test_04608,0.005175
test_04609,0.810894
test_04610,0.002705
test_04611,0.997192
test_04612,0.997516
test_04613,0.997345
test_04614,0.998228
test_04615,0.995522
test_04616,0.882323
test_04617,0.015128
test_04618,0.983153
test_04619,0.428574
test_04620,0.003095
test_04621,0.994083
test_04622,0.223251
test_04623,0.995517
test_04624,0.665221
test_04625,0.998314
test_04626,0.001649
test_04627,0.003482
test_04628,0.966180
test_04629,0.318152
test_04630,0.830537
test_04631,0.997423
test_04632,0.009091
test_04633,0.078170
test_04634,0.997834
test_04635,0.998056
test_04636,0.989115
test_04637,0.697865
test_04638,0.889226
test_04639,0.996364
test_04640,0.996277
test_04641,0.100298
test_04642,0.228860
test_04643,0.053357
test_04644,0.012343
test_04645,0.405938
test_04646,0.013656
test_04647,0.992315
test_04648,0.805138
test_04649,0.438982
test_04650,0.005535
test_04651,0.876159
test_04652,0.002825
test_04653,0.998093
test_04654,0.002550
test_04655,0.686946
test_04656,0.002283
test_04657,0.594566
test_04658,0.976322
test_04659,0.951442
test_04660,0.944984
test_04661,0.116314
test_04662,0.112587
test_04663,0.008592
test_04664,0.003699
test_04665,0.996772
test_04666,0.001912
test_04667,0.988311
test_04668,0.002729
test_04669,0.980593
test_04670,0.208775
test_04671,0.356076
test_04672,0.512807
test_04673,0.097804
test_04674,0.086731
test_04675,0.023925
test_04676,0.265625
test_04677,0.988301
test_04678,0.142761
test_04679,0.003212
test_04680,0.993123
test_04681,0.990261
test_04682,0.002189
test_04683,0.004980
test_04684,0.005180
test_04685,0.916219
test_04686,0.994992
test_04687,0.968075
test_04688,0.088201
test_04689,0.499062
test_04690,0.994678
test_04691,0.269768
test_04692,0.002452
test_04693,0.961241
test_04694,0.754604
test_04695,0.002559
test_04696,0.992945
test_04697,0.005736
test_04698,0.004454
test_04699,0.017594
test_04700,0.998326
test_04701,0.003340
test_04702,0.025897
test_04703,0.987493
test_04704,0.002131
test_04705,0.423655
test_04706,0.001449
test_04707,0.291528
test_04708,0.005157
test_04709,0.217295
test_04710,0.927490
test_04711,0.012813
test_04712,0.997479
test_04713,0.933068
test_04714,0.020222
test_04715,0.997185
test_04716,0.002198
test_04717,0.003467
test_04718,0.207399
test_04719,0.023039
test_04720,0.997171
test_04721,0.996159
test_04722,0.997030
test_04723,0.984385
test_04724,0.997186
test_04725,0.976355
test_04726,0.480497
test_04727,0.997503
test_04728,0.831495
test_04729,0.002117
test_04730,0.076202
test_04731,0.001960
test_04732,0.367618
test_04733,0.002269
test_04734,0.985535
test_04735,0.990757
test_04736,0.004852
test_04737,0.140860
test_04738,0.011768
test_04739,0.002209
test_04740,0.991871
test_04741,0.284449
test_04742,0.982865
test_04743,0.771888
test_04744,0.405159
test_04745,0.387357
test_04746,0.658156
test_04747,0.015412
test_04748,0.940814
test_04749,0.474896
test_04750,0.571138
test_04751,0.996821
test_04752,0.003926
test_04753,0.964537
test_04754,0.011785
test_04755,0.333412
test_04756,0.007306
test_04757,0.004741
test_04758,0.002183
test_04759,0.927900
test_04760,0.995894
test_04761,0.694124
test_04762,0.001851
test_04763,0.370645
test_04764,0.974500
test_04765,0.996186
test_04766,0.003492
test_04767,0.997689
test_04768,0.014673
test_04769,0.988656
test_04770,0.996557
test_04771,0.008842
test_04772,0.265597
test_04773,0.997549
test_04774,0.002769
test_04775,0.730874
test_04776,0.990890
test_04777,0.050021
test_04778,0.001630
test_04779,0.987715
test_04780,0.645522
test_04781,0.287012
test_04782,0.131857
test_04783,0.936260
test_04784,0.025449
test_04785,0.971949
test_04786,0.003469
test_04787,0.978139
test_04788,0.017728
test_04789,0.005712
test_04790,0.625129
test_04791,0.182185
test_04792,0.971048
test_04793,0.994000
test_04794,0.793568
test_04795,0.005734
test_04796,0.607622
test_04797,0.997444
test_04798,0.993466
test_04799,0.012924
test_04800,0.997224
test_04801,0.984399
test_04802,0.018581
test_04803,0.997795
test_04804,0.928325
test_04805,0.006811
test_04806,0.912421
test_04807,0.062505
test_04808,0.958680
test_04809,0.998230
test_04810,0.525516
test_04811,0.002193
test_04812,0.997887
test_04813,0.991527
test_04814,0.002252
test_04815,0.992002
test_04816,0.745499
test_04817,0.001354
test_04818,0.128124
test_04819,0.003030
test_04820,0.187497
test_04821,0.997577
test_04822,0.981615
test_04823,0.998367
test_04824,0.001843
test_04825,0.093094
test_04826,0.996877
test_04827,0.006938
test_04828,0.866372
test_04829,0.997626
test_04830,0.043319
test_04831,0.262188
test_04832,0.968488
test_04833,0.042680
test_04834,0.007271
test_04835,0.993657
test_04836,0.010538
test_04837,0.974329
test_04838,0.006530
test_04839,0.040078
test_04840,0.005494
test_04841,0.004718
test_04842,0.993132
test_04843,0.002052
test_04844,0.004175
test_04845,0.998424
test_04846,0.015386
test_04847,0.911082
test_04848,0.997367
test_04849,0.998213
test_04850,0.995904
test_04851,0.994948
test_04852,0.957576
test_04853,0.193078
test_04854,0.043866
test_04855,0.997765
test_04856,0.023293
test_04857,0.021002
test_04858,0.993133
test_04859,0.646137
test_04860,0.079539
test_04861,0.089880
test_04862,0.005164
test_04863,0.611070
test_04864,0.997176
test_04865,0.004218
test_04866,0.097602
test_04867,0.866382
test_04868,0.003493
test_04869,0.217111
test_04870,0.991592
test_04871,0.998239
test_04872,0.930328
test_04873,0.992716
test_04874,0.144500
test_04875,0.997694
test_04876,0.004806
test_04877,0.493192
test_04878,0.326352
test_04879,0.914228
test_04880,0.121125
test_04881,0.002865
test_04882,0.911662
test_04883,0.995508
test_04884,0.343579
test_04885,0.009914
test_04886,0.983618
test_04887,0.018524
test_04888,0.019027
test_04889,0.910324
test_04890,0.064877
test_04891,0.225044
test_04892,0.248760
test_04893,0.933472
test_04894,0.002331
test_04895,0.002117
test_04896,0.005161
test_04897,0.009880
test_04898,0.289069
test_04899,0.003163
test_04900,0.995572
test_04901,0.422034
test_04902,0.002613
test_04903,0.964206
test_04904,0.814761
test_04905,0.200254
test_04906,0.936076
test_04907,0.994540
test_04908,0.044194
test_04909,0.994994
test_04910,0.993139
test_04911,0.993220
test_04912,0.993514
test_04913,0.930408
test_04914,0.003951
test_04915,0.993071
test_04916,0.008221
test_04917,0.989813
test_04918,0.632068
test_04919,0.341690
test_04920,0.761407
test_04921,0.979372
test_04922,0.004060
test_04923,0.031039
test_04924,0.009394
test_04925,0.994348
test_04926,0.997903
test_04927,0.001508
test_04928,0.001997
test_04929,0.997539
test_04930,0.516209
test_04931,0.997894
test_04932,0.996598
test_04933,0.839489
test_04934,0.159676
test_04935,0.003000
test_04936,0.996666
test_04937,0.002566
test_04938,0.003192
test_04939,0.996120
test_04940,0.997900
test_04941,0.998221
test_04942,0.094253
test_04943,0.996503
test_04944,0.177013
test_04945,0.011984
test_04946,0.001983
test_04947,0.727058
test_04948,0.997064
test_04949,0.957118
test_04950,0.433331
test_04951,0.207581
test_04952,0.989542
test_04953,0.006922
test_04954,0.575325
test_04955,0.994928
test_04956,0.914009
test_04957,0.998027
test_04958,0.001964
test_04959,0.003249
test_04960,0.959394
test_04961,0.004136
test_04962,0.588425
test_04963,0.002539
test_04964,0.086593
test_04965,0.998117
test_04966,0.998373
test_04967,0.102353
test_04968,0.072456
test_04969,0.473783
test_04970,0.997001
test_04971,0.996689
test_04972,0.002271
test_04973,0.989560
test_04974,0.997587
test_04975,0.045276
test_04976,0.707307
test_04977,0.002389
test_04978,0.006523
test_04979,0.005343
test_04980,0.985533
test_04981,0.998287
test_04982,0.981681
test_04983,0.059374
test_04984,0.986052
test_04985,0.953219
test_04986,0.010286
test_04987,0.047636
test_04988,0.001687
test_04989,0.002279
test_04990,0.997594
test_04991,0.002623
test_04992,0.003334
test_04993,0.998112
test_04994,0.002525
test_04995,0.995648
test_04996,0.332147
test_04997,0.003415
test_04998,0.253581
test_04999,0.002819
test_05000,0.994478
test_05001,0.966085
test_05002,0.534630
test_05003,0.973543
test_05004,0.002338
test_05005,0.883277
test_05006,0.019542
test_05007,0.671012
test_05008,0.996850
test_05009,0.918101
test_05010,0.002309
test_05011,0.329519
test_05012,0.951575
test_05013,0.985243
test_05014,0.992864
test_05015,0.998265
test_05016,0.003112
test_05017,0.996829
test_05018,0.005061
test_05019,0.365120
test_05020,0.963737
test_05021,0.241528
test_05022,0.998120
test_05023,0.842047
test_05024,0.958321
test_05025,0.142604
test_05026,0.998071
test_05027,0.276215
test_05028,0.996130
test_05029,0.995783
test_05030,0.947053
test_05031,0.032916
test_05032,0.641411
test_05033,0.997788
test_05034,0.679444
test_05035,0.252311
test_05036,0.963553
test_05037,0.996060
test_05038,0.006968
test_05039,0.992769
test_05040,0.154495
test_05041,0.997272
test_05042,0.059556
test_05043,0.974358
test_05044,0.585571
test_05045,0.801405
test_05046,0.034539
test_05047,0.997053
test_05048,0.135900
test_05049,0.998039
test_05050,0.046787
test_05051,0.016794
test_05052,0.998414
test_05053,0.997984
test_05054,0.002041
test_05055,0.003662
test_05056,0.948416
test_05057,0.993770
test_05058,0.607566
test_05059,0.006948
test_05060,0.996732
test_05061,0.997369
test_05062,0.005774
test_05063,0.996267
test_05064,0.773987
test_05065,0.001772
test_05066,0.115402
test_05067,0.936718
test_05068,0.979753
test_05069,0.967327
test_05070,0.300681
test_05071,0.022530
test_05072,0.384493
test_05073,0.152722
test_05074,0.496073
test_05075,0.997470
test_05076,0.969351
test_05077,0.002005
test_05078,0.990317
test_05079,0.200984
test_05080,0.996239
test_05081,0.001793
test_05082,0.006546
test_05083,0.946056
test_05084,0.961252
test_05085,0.998054
test_05086,0.945357
test_05087,0.681157
test_05088,0.945909
test_05089,0.628550
test_05090,0.858396
test_05091,0.988773
test_05092,0.014260
test_05093,0.008892
test_05094,0.312775
test_05095,0.991676
test_05096,0.014567
test_05097,0.995909
test_05098,0.003648
test_05099,0.996317
test_05100,0.004113
test_05101,0.002023
test_05102,0.002713
test_05103,0.967976
test_05104,0.001569
test_05105,0.858264
test_05106,0.910663
test_05107,0.004447
test_05108,0.301248
test_05109,0.002070
test_05110,0.985670
test_05111,0.980457
test_05112,0.981534
test_05113,0.731365
test_05114,0.529389
test_05115,0.102764
test_05116,0.665766
test_05117,0.802929
test_05118,0.007569
test_05119,0.974072
test_05120,0.975677
test_05121,0.008146
test_05122,0.671298
test_05123,0.533034
test_05124,0.048563
test_05125,0.321289
test_05126,0.956636
test_05127,0.996097
test_05128,0.002075
test_05129,0.115929
test_05130,0.036688
test_05131,0.039423
test_05132,0.002517
test_05133,0.021931
test_05134,0.608474
test_05135,0.196568
test_05136,0.100649
test_05137,0.986859
test_05138,0.768261
test_05139,0.956835
test_05140,0.968559
test_05141,0.903266
test_05142,0.903184
test_05143,0.996803
test_05144,0.087328
test_05145,0.998375
test_05146,0.998276
test_05147,0.622934
test_05148,0.304634
test_05149,0.014146
test_05150,0.230008
test_05151,0.957553
test_05152,0.996246
test_05153,0.002665
test_05154,0.429785
test_05155,0.794570
test_05156,0.985566
test_05157,0.067107
test_05158,0.985701
test_05159,0.004628
test_05160,0.722926
test_05161,0.964905
test_05162,0.020440
test_05163,0.012781
test_05164,0.137960
test_05165,0.008238
test_05166,0.989767
test_05167,0.931730
test_05168,0.620735
test_05169,0.994301
test_05170,0.002911
test_05171,0.974102
test_05172,0.885457
test_05173,0.013290
test_05174,0.783604
test_05175,0.147030
test_05176,0.305722
test_05177,0.980985
test_05178,0.993876
test_05179,0.003230
test_05180,0.002739
test_05181,0.005137
test_05182,0.001840
test_05183,0.014244
test_05184,0.998111
test_05185,0.998348
test_05186,0.997932
test_05187,0.985827
test_05188,0.997403
test_05189,0.006124
test_05190,0.689560
test_05191,0.912319
test_05192,0.012271
test_05193,0.002415
test_05194,0.518590
test_05195,0.650283
test_05196,0.011847
test_05197,0.004161
test_05198,0.993826
test_05199,0.991263
test_05200,0.987691
test_05201,0.996511
test_05202,0.513156
test_05203,0.982131
test_05204,0.002210
test_05205,0.001999
test_05206,0.998047
test_05207,0.003685
test_05208,0.998380
test_05209,0.001765
test_05210,0.993091
test_05211,0.935633
test_05212,0.998127
test_05213,0.013192
test_05214,0.037943
test_05215,0.925478
test_05216,0.530589
test_05217,0.618624
test_05218,0.996350
test_05219,0.277673
test_05220,0.996735
test_05221,0.002027
test_05222,0.002188
test_05223,0.997876
test_05224,0.004544
test_05225,0.993603
test_05226,0.001909
test_05227,0.998322
test_05228,0.062038
test_05229,0.263039
test_05230,0.198063
test_05231,0.369580
test_05232,0.013955
test_05233,0.701072
test_05234,0.388313
test_05235,0.985136
test_05236,0.262682
test_05237,0.998272
test_05238,0.002194
test_05239,0.990752
test_05240,0.993531
test_05241,0.002777
test_05242,0.998270
test_05243,0.998379
test_05244,0.445455
test_05245,0.003518
test_05246,0.659732
test_05247,0.003910
test_05248,0.513070
test_05249,0.574039
test_05250,0.711985
test_05251,0.981426
test_05252,0.004829
test_05253,0.001903
test_05254,0.979390
test_05255,0.433281
test_05256,0.069011
test_05257,0.583407
test_05258,0.037795
test_05259,0.004342
test_05260,0.998211
test_05261,0.998072
test_05262,0.666765
test_05263,0.996970
test_05264,0.475294
test_05265,0.001495
test_05266,0.997636
test_05267,0.995450
test_05268,0.983265
test_05269,0.658424
test_05270,0.991853
test_05271,0.971997
test_05272,0.994860
test_05273,0.003049
test_05274,0.003016
test_05275,0.007745
test_05276,0.993548
test_05277,0.099211
test_05278,0.836255
test_05279,0.002407
test_05280,0.830558
test_05281,0.996481
test_05282,0.002322
test_05283,0.968289
test_05284,0.965866
test_05285,0.004544
test_05286,0.691980
test_05287,0.003049
test_05288,0.975870
test_05289,0.996574
test_05290,0.972556
test_05291,0.002401
test_05292,0.997539
test_05293,0.004003
test_05294,0.446936
test_05295,0.996100
test_05296,0.906495
test_05297,0.010403
test_05298,0.996631
test_05299,0.989746
test_05300,0.618097
test_05301,0.005789
test_05302,0.003141
test_05303,0.997653
test_05304,0.103814
test_05305,0.998408
test_05306,0.097930
test_05307,0.975757
test_05308,0.996989
test_05309,0.002638
test_05310,0.047191
test_05311,0.996199
test_05312,0.997696
test_05313,0.997327
test_05314,0.902940
test_05315,0.004010
test_05316,0.820605
test_05317,0.997743
test_05318,0.018846
test_05319,0.994209
test_05320,0.996857
test_05321,0.989769
test_05322,0.570708
test_05323,0.551208
test_05324,0.997101
test_05325,0.838742
test_05326,0.998093
test_05327,0.916303
test_05328,0.024405
test_05329,0.998272
test_05330,0.025470
test_05331,0.002226
test_05332,0.315714
test_05333,0.182367
test_05334,0.156415
test_05335,0.104555
test_05336,0.995276
test_05337,0.996135
test_05338,0.996459
test_05339,0.003963
test_05340,0.998019
test_05341,0.574490
test_05342,0.114890
test_05343,0.819174
test_05344,0.002966
test_05345,0.001904
test_05346,0.968476
test_05347,0.023896
test_05348,0.811331
test_05349,0.523564
test_05350,0.140491
test_05351,0.997637
test_05352,0.003685
test_05353,0.012037
test_05354,0.002076
test_05355,0.277523
test_05356,0.121018
test_05357,0.968488
test_05358,0.002521
test_05359,0.002799
test_05360,0.006120
test_05361,0.629011
test_05362,0.787248
test_05363,0.026600
test_05364,0.996491
test_05365,0.002190
test_05366,0.081328
test_05367,0.001914
test_05368,0.179954
test_05369,0.006013
test_05370,0.922859
test_05371,0.001532
test_05372,0.995768
test_05373,0.943204
test_05374,0.093700
test_05375,0.002547
test_05376,0.203609
test_05377,0.932428
test_05378,0.997914
test_05379,0.997546
test_05380,0.011163
test_05381,0.995660
test_05382,0.611406
test_05383,0.996503
test_05384,0.002007
test_05385,0.354939
test_05386,0.158251
test_05387,0.963890
test_05388,0.389406
test_05389,0.003045
test_05390,0.912740
test_05391,0.946341
test_05392,0.845827
test_05393,0.925502
test_05394,0.987453
test_05395,0.986154
test_05396,0.024791
test_05397,0.211648
test_05398,0.995640
test_05399,0.588871
test_05400,0.598834
test_05401,0.011059
test_05402,0.986238
test_05403,0.978183
test_05404,0.955126
test_05405,0.008183
test_05406,0.997258
test_05407,0.932494
test_05408,0.940175
test_05409,0.002074
test_05410,0.947622
test_05411,0.995666
test_05412,0.789988
test_05413,0.022979
test_05414,0.011469
test_05415,0.037208
test_05416,0.928735
test_05417,0.164150
test_05418,0.995688
test_05419,0.998146
test_05420,0.032625
test_05421,0.996713
test_05422,0.996143
test_05423,0.551033
test_05424,0.004095
test_05425,0.485766
test_05426,0.004551
test_05427,0.001467
test_05428,0.997190
test_05429,0.976056
test_05430,0.995408
test_05431,0.086924
test_05432,0.992730
test_05433,0.995652
test_05434,0.998377
test_05435,0.997809
test_05436,0.025728
test_05437,0.972298
test_05438,0.248695
test_05439,0.008403
test_05440,0.009059
test_05441,0.997764
test_05442,0.996162
test_05443,0.016125
test_05444,0.997194
test_05445,0.078224
test_05446,0.004074
test_05447,0.939484
test_05448,0.994360
test_05449,0.003749
test_05450,0.754816
test_05451,0.321096
test_05452,0.997021
test_05453,0.986996
test_05454,0.016870
test_05455,0.006019
test_05456,0.002990
test_05457,0.002440
test_05458,0.094477
test_05459,0.003617
test_05460,0.918700
test_05461,0.003221
test_05462,0.996148
test_05463,0.996783
test_05464,0.997814
test_05465,0.014891
test_05466,0.996920
test_05467,0.054834
test_05468,0.963510
test_05469,0.979358
test_05470,0.060334
test_05471,0.012073
test_05472,0.939041
test_05473,0.003138
test_05474,0.002614
test_05475,0.683253
test_05476,0.003696
test_05477,0.079005
test_05478,0.783799
test_05479,0.792149
test_05480,0.001706
test_05481,0.992053
test_05482,0.022218
test_05483,0.994777
test_05484,0.069946
test_05485,0.004185
test_05486,0.270160
test_05487,0.326648
test_05488,0.997397
test_05489,0.066085
test_05490,0.217937
test_05491,0.723331
test_05492,0.010645
test_05493,0.146675
test_05494,0.850170
test_05495,0.981846
test_05496,0.913138
test_05497,0.002956
test_05498,0.189480
test_05499,0.240230
test_05500,0.958755
test_05501,0.997244
test_05502,0.001826
test_05503,0.178361
test_05504,0.997328
test_05505,0.040268
test_05506,0.026667
test_05507,0.004297
test_05508,0.996888
test_05509,0.001752
test_05510,0.994990
test_05511,0.942650
test_05512,0.005514
test_05513,0.034921
test_05514,0.010996
test_05515,0.003372
test_05516,0.004853
test_05517,0.030192
test_05518,0.001773
test_05519,0.401867
test_05520,0.907139
test_05521,0.527030
test_05522,0.002275
test_05523,0.763062
test_05524,0.988598
test_05525,0.002363
test_05526,0.009753
test_05527,0.792877
test_05528,0.004826
test_05529,0.996872
test_05530,0.008371
test_05531,0.003140
test_05532,0.993445
test_05533,0.722264
test_05534,0.991098
test_05535,0.866073
test_05536,0.005046
test_05537,0.997913
test_05538,0.001708
test_05539,0.969180
test_05540,0.981384
test_05541,0.058371
test_05542,0.027478
test_05543,0.004343
test_05544,0.996166
test_05545,0.099951
test_05546,0.005213
test_05547,0.044355
test_05548,0.986086
test_05549,0.017634
test_05550,0.002454
test_05551,0.983770
test_05552,0.094975
test_05553,0.989490
test_05554,0.629028
test_05555,0.849647
test_05556,0.997708
test_05557,0.308840
test_05558,0.013064
test_05559,0.004239
test_05560,0.823021
test_05561,0.312324
test_05562,0.939060
test_05563,0.350585
test_05564,0.704777
test_05565,0.480989
test_05566,0.013338
test_05567,0.988585
test_05568,0.998048
test_05569,0.883979
test_05570,0.002105
test_05571,0.997112
test_05572,0.995970
test_05573,0.997561
test_05574,0.341673
test_05575,0.986783
test_05576,0.213395
test_05577,0.995471
test_05578,0.973205
test_05579,0.001954
test_05580,0.195649
test_05581,0.026168
test_05582,0.997398
test_05583,0.002866
test_05584,0.993910
test_05585,0.038252
test_05586,0.550416
test_05587,0.012465
test_05588,0.984901
test_05589,0.003199
test_05590,0.987561
test_05591,0.727467
test_05592,0.003042
test_05593,0.996992
test_05594,0.251122
test_05595,0.996631
test_05596,0.986515
test_05597,0.001704
test_05598,0.968400
test_05599,0.236992
test_05600,0.997941
test_05601,0.988575
test_05602,0.107289
test_05603,0.286921
test_05604,0.993698
test_05605,0.910015
test_05606,0.002592
test_05607,0.094931
test_05608,0.002451
test_05609,0.003702
test_05610,0.993876
test_05611,0.349440
test_05612,0.997468
test_05613,0.022211
test_05614,0.688770
test_05615,0.995923
test_05616,0.454957
test_05617,0.013002
test_05618,0.003725
test_05619,0.526799
test_05620,0.040138
test_05621,0.003480
test_05622,0.983993
test_05623,0.008350
test_05624,0.520454
test_05625,0.045807
test_05626,0.998204
test_05627,0.001869
test_05628,0.401926
test_05629,0.035565
test_05630,0.008214
test_05631,0.003507
test_05632,0.995028
test_05633,0.998023
test_05634,0.986611
test_05635,0.001804
test_05636,0.996523
test_05637,0.253339
test_05638,0.723106
test_05639,0.161304
test_05640,0.994299
test_05641,0.016842
test_05642,0.997429
test_05643,0.333725
test_05644,0.725552
test_05645,0.995933
test_05646,0.672499
test_05647,0.009598
test_05648,0.002404
test_05649,0.031478
test_05650,0.998307
test_05651,0.010476
test_05652,0.023875
test_05653,0.018295
test_05654,0.720009
test_05655,0.976633
test_05656,0.002517
test_05657,0.082359
test_05658,0.019555
test_05659,0.998172
test_05660,0.997214
test_05661,0.099224
test_05662,0.997516
test_05663,0.974952
test_05664,0.995798
test_05665,0.040767
test_05666,0.003473
test_05667,0.020232
test_05668,0.075619
test_05669,0.993761
test_05670,0.148402
test_05671,0.350867
test_05672,0.997559
test_05673,0.003649
test_05674,0.010732
test_05675,0.982047
test_05676,0.006747
test_05677,0.003322
test_05678,0.002051
test_05679,0.877898
test_05680,0.001729
test_05681,0.003422
test_05682,0.997573
test_05683,0.004737
test_05684,0.033014
test_05685,0.009608
test_05686,0.994215
test_05687,0.025026
test_05688,0.316742
test_05689,0.353665
test_05690,0.014058
test_05691,0.997208
test_05692,0.473692
test_05693,0.717780
test_05694,0.872922
test_05695,0.002437
test_05696,0.988384
test_05697,0.994352
test_05698,0.009878
test_05699,0.888616
test_05700,0.997380
test_05701,0.995888
test_05702,0.694168
test_05703,0.997693
test_05704,0.998372
test_05705,0.009628
test_05706,0.019361
test_05707,0.997995
test_05708,0.006044
test_05709,0.166376
test_05710,0.739545
test_05711,0.232314
test_05712,0.427919
test_05713,0.017353
test_05714,0.990835
test_05715,0.375755
test_05716,0.842476
test_05717,0.689389
test_05718,0.997365
test_05719,0.009256
test_05720,0.001604
test_05721,0.994943
test_05722,0.462487
test_05723,0.008348
test_05724,0.986614
test_05725,0.031323
test_05726,0.002097
test_05727,0.993956
test_05728,0.854993
test_05729,0.004056
test_05730,0.997780
test_05731,0.997954
test_05732,0.007143
test_05733,0.351514
test_05734,0.212594
test_05735,0.292443
test_05736,0.130746
test_05737,0.032114
test_05738,0.156488
test_05739,0.002133
test_05740,0.482499
test_05741,0.021725
test_05742,0.013469
test_05743,0.141541
test_05744,0.502663
test_05745,0.397903
test_05746,0.362103
test_05747,0.827864
test_05748,0.034305
test_05749,0.998036
test_05750,0.010031
test_05751,0.001946
test_05752,0.003042
test_05753,0.036335
test_05754,0.994111
test_05755,0.994220
test_05756,0.055516
test_05757,0.583295
test_05758,0.017733
test_05759,0.348400
test_05760,0.998232
test_05761,0.976722
test_05762,0.002733
test_05763,0.248916
test_05764,0.516046
test_05765,0.979795
test_05766,0.090294
test_05767,0.002240
test_05768,0.003569
test_05769,0.003104
test_05770,0.996486
test_05771,0.715005
test_05772,0.614499
test_05773,0.331236
test_05774,0.699405
test_05775,0.808772
test_05776,0.002081
test_05777,0.900308
test_05778,0.959764
test_05779,0.476900
test_05780,0.468216
test_05781,0.410054
test_05782,0.982178
test_05783,0.639551
test_05784,0.966411
test_05785,0.950782
test_05786,0.968030
test_05787,0.214071
test_05788,0.907353
test_05789,0.871289
test_05790,0.992340
test_05791,0.011712
test_05792,0.784678
test_05793,0.997770
test_05794,0.997806
test_05795,0.951102
test_05796,0.998188
test_05797,0.992374
test_05798,0.992119
test_05799,0.994282
test_05800,0.991530
test_05801,0.523599
test_05802,0.020536
test_05803,0.992544
test_05804,0.991715
test_05805,0.994720
test_05806,0.006478
test_05807,0.013931
test_05808,0.725696
test_05809,0.840121
test_05810,0.998355
test_05811,0.084689
test_05812,0.994599
test_05813,0.996481
test_05814,0.983958
test_05815,0.583148
test_05816,0.001998
test_05817,0.997854
test_05818,0.997227
test_05819,0.993956
test_05820,0.184601
test_05821,0.963245
test_05822,0.011935
test_05823,0.006231
test_05824,0.087459
test_05825,0.017931
test_05826,0.985652
test_05827,0.007227
test_05828,0.114608
test_05829,0.004657
test_05830,0.002374
test_05831,0.012998
test_05832,0.793696
test_05833,0.683092
test_05834,0.010017
test_05835,0.997593
test_05836,0.997255
test_05837,0.001674
test_05838,0.002450
test_05839,0.990360
test_05840,0.984660
test_05841,0.250073
test_05842,0.002257
test_05843,0.892704
test_05844,0.004134
test_05845,0.006448
test_05846,0.549385
test_05847,0.994728
test_05848,0.246829
test_05849,0.002414
test_05850,0.085887
test_05851,0.157283
test_05852,0.884741
test_05853,0.955838
test_05854,0.602328
test_05855,0.971553
test_05856,0.966398
test_05857,0.997086
test_05858,0.103560
test_05859,0.178025
test_05860,0.002018
test_05861,0.001954
test_05862,0.243550
test_05863,0.002637
test_05864,0.607707
test_05865,0.060177
test_05866,0.482632
test_05867,0.970607
test_05868,0.847721
test_05869,0.986038
test_05870,0.021627
test_05871,0.969018
test_05872,0.584854
test_05873,0.096755
test_05874,0.187477
test_05875,0.002151
test_05876,0.008039
test_05877,0.946074
test_05878,0.940041
test_05879,0.991273
test_05880,0.969412
test_05881,0.997551
test_05882,0.996037
test_05883,0.998175
test_05884,0.997200
test_05885,0.015850
test_05886,0.524059
test_05887,0.077756
test_05888,0.002120
test_05889,0.007879
test_05890,0.001828
test_05891,0.007534
test_05892,0.970603
test_05893,0.002844
test_05894,0.995880
test_05895,0.011010
test_05896,0.960926
test_05897,0.997767
test_05898,0.003092
test_05899,0.997458
test_05900,0.558690
test_05901,0.765759
test_05902,0.968214
test_05903,0.003558
test_05904,0.005402
test_05905,0.003157
test_05906,0.144477
test_05907,0.307710
test_05908,0.009484
test_05909,0.673141
test_05910,0.997718
test_05911,0.002808
test_05912,0.009016
test_05913,0.538656
test_05914,0.035265
test_05915,0.996947
test_05916,0.730228
test_05917,0.191426
test_05918,0.271281
test_05919,0.446318
test_05920,0.007649
test_05921,0.993881
test_05922,0.969962
test_05923,0.989932
test_05924,0.004534
test_05925,0.003013
test_05926,0.002803
test_05927,0.016599
test_05928,0.989666
test_05929,0.002777
test_05930,0.065888
test_05931,0.951376
test_05932,0.004947
test_05933,0.302457
test_05934,0.027531
test_05935,0.003589
test_05936,0.988476
test_05937,0.115365
test_05938,0.934226
test_05939,0.003116
test_05940,0.004652
test_05941,0.995371
test_05942,0.003245
test_05943,0.997076
test_05944,0.996771
test_05945,0.004139
test_05946,0.055009
test_05947,0.996815
test_05948,0.995896
test_05949,0.997561
test_05950,0.007355
test_05951,0.011065
test_05952,0.003254
test_05953,0.977267
test_05954,0.032066
test_05955,0.997986
test_05956,0.529765
test_05957,0.003085
test_05958,0.006028
test_05959,0.996363
test_05960,0.040791
test_05961,0.071981
test_05962,0.998324
test_05963,0.997474
test_05964,0.380940
test_05965,0.002212
test_05966,0.030463
test_05967,0.761664
test_05968,0.924093
test_05969,0.006315
test_05970,0.870128
test_05971,0.014024
test_05972,0.213446
test_05973,0.002381
test_05974,0.002667
test_05975,0.992238
test_05976,0.003340
test_05977,0.975018
test_05978,0.991761
test_05979,0.052047
test_05980,0.054807
test_05981,0.865157
test_05982,0.890848
test_05983,0.004621
test_05984,0.032631
test_05985,0.070526
test_05986,0.754074
test_05987,0.993530
test_05988,0.988582
test_05989,0.835808
test_05990,0.998466
test_05991,0.991693
test_05992,0.998085
test_05993,0.996487
test_05994,0.033659
test_05995,0.417017
test_05996,0.135092
test_05997,0.995912
test_05998,0.405294
test_05999,0.372215
test_06000,0.994880
test_06001,0.991655
test_06002,0.998562
test_06003,0.996548
test_06004,0.002829
test_06005,0.986060
test_06006,0.997510
test_06007,0.001533
test_06008,0.003161
test_06009,0.008515
test_06010,0.995645
test_06011,0.618152
test_06012,0.381651
test_06013,0.325456
test_06014,0.011571
test_06015,0.004060
test_06016,0.108660
test_06017,0.005176
test_06018,0.335453
test_06019,0.964259
test_06020,0.002533
test_06021,0.139567
test_06022,0.006057
test_06023,0.043917
test_06024,0.136449
test_06025,0.973426
test_06026,0.020562
test_06027,0.993472
test_06028,0.005250
test_06029,0.019877
test_06030,0.954530
test_06031,0.001709
test_06032,0.007467
test_06033,0.002936
test_06034,0.863412
test_06035,0.003581
test_06036,0.884358
test_06037,0.103560
test_06038,0.934326
test_06039,0.014127
test_06040,0.926331
test_06041,0.736940
test_06042,0.842768
test_06043,0.272145
test_06044,0.998302
test_06045,0.942657
test_06046,0.017305
test_06047,0.019756
test_06048,0.865407
test_06049,0.320218
test_06050,0.104524
test_06051,0.001648
test_06052,0.993372
test_06053,0.001845
test_06054,0.005353
test_06055,0.009092
test_06056,0.994597
test_06057,0.729234
test_06058,0.998495
test_06059,0.994185
test_06060,0.996228
test_06061,0.003074
test_06062,0.881111
test_06063,0.994427
test_06064,0.987348
test_06065,0.064050
test_06066,0.001966
test_06067,0.548476
test_06068,0.997683
test_06069,0.750461
test_06070,0.001828
test_06071,0.016653
test_06072,0.997399
test_06073,0.927335
test_06074,0.028000
test_06075,0.005034
test_06076,0.996668
test_06077,0.981131
test_06078,0.990725
test_06079,0.997432
test_06080,0.993381
test_06081,0.832090
test_06082,0.098000
test_06083,0.006580
test_06084,0.013365
test_06085,0.997142
test_06086,0.003010
test_06087,0.997824
test_06088,0.007203
test_06089,0.970547
test_06090,0.993840
test_06091,0.997430
test_06092,0.002966
test_06093,0.517264
test_06094,0.996985
test_06095,0.795779
test_06096,0.990889
test_06097,0.002426
test_06098,0.022318
test_06099,0.005793
test_06100,0.003655
test_06101,0.058700
test_06102,0.988874
test_06103,0.997303
test_06104,0.995854
test_06105,0.997910
test_06106,0.978911
test_06107,0.149791
test_06108,0.927140
test_06109,0.058723
test_06110,0.395124
test_06111,0.064641
test_06112,0.004960
test_06113,0.006148
test_06114,0.008432
test_06115,0.997145
test_06116,0.998417
test_06117,0.012483
test_06118,0.249282
test_06119,0.637017
test_06120,0.303706
test_06121,0.990470
test_06122,0.014799
test_06123,0.005300
test_06124,0.591675
test_06125,0.998196
test_06126,0.508397
test_06127,0.002127
test_06128,0.959472
test_06129,0.139523
test_06130,0.925771
test_06131,0.299167
test_06132,0.990730
test_06133,0.314754
test_06134,0.030166
test_06135,0.002522
test_06136,0.997259
test_06137,0.799628
test_06138,0.864310
test_06139,0.967429
test_06140,0.520474
test_06141,0.960635
test_06142,0.323458
test_06143,0.003526
test_06144,0.963935
test_06145,0.382437
test_06146,0.001864
test_06147,0.984339
test_06148,0.003142
test_06149,0.005286
test_06150,0.271898
test_06151,0.984504
test_06152,0.003782
test_06153,0.944219
test_06154,0.577928
test_06155,0.998105
test_06156,0.003904
test_06157,0.004199
test_06158,0.084194
test_06159,0.215452
test_06160,0.997076
test_06161,0.004242
test_06162,0.611854
test_06163,0.975141
test_06164,0.997349
test_06165,0.053888
test_06166,0.240328
test_06167,0.263632
test_06168,0.332059
test_06169,0.997505
test_06170,0.997328
test_06171,0.002607
test_06172,0.998633
test_06173,0.994348
test_06174,0.003329
test_06175,0.001751
test_06176,0.783573
test_06177,0.997879
test_06178,0.998024
test_06179,0.994446
test_06180,0.995129
test_06181,0.005617
test_06182,0.004697
test_06183,0.998585
test_06184,0.352560
test_06185,0.219618
test_06186,0.997786
test_06187,0.002095
test_06188,0.250809
test_06189,0.003590
test_06190,0.274208
test_06191,0.002695
test_06192,0.001814
test_06193,0.876584
test_06194,0.987486
test_06195,0.160803
test_06196,0.003314
test_06197,0.960788
test_06198,0.001553
test_06199,0.997536
test_06200,0.995062
test_06201,0.990068
test_06202,0.135965
test_06203,0.012313
test_06204,0.300413
test_06205,0.785661
test_06206,0.785073
test_06207,0.600737
test_06208,0.002038
test_06209,0.863175
test_06210,0.995415
test_06211,0.004683
test_06212,0.994715
test_06213,0.001950
test_06214,0.367270
test_06215,0.979086
test_06216,0.605982
test_06217,0.456707
test_06218,0.308356
test_06219,0.248033
test_06220,0.011620
test_06221,0.001982
test_06222,0.032342
test_06223,0.006227
test_06224,0.442539
test_06225,0.990171
test_06226,0.998237
test_06227,0.012578
test_06228,0.830857
test_06229,0.001825
test_06230,0.001715
test_06231,0.186601
test_06232,0.078203
test_06233,0.004115
test_06234,0.997251
test_06235,0.004077
test_06236,0.003814
test_06237,0.867825
test_06238,0.090860
test_06239,0.995981
test_06240,0.254335
test_06241,0.766544
test_06242,0.033632
test_06243,0.997111
test_06244,0.991403
test_06245,0.202285
test_06246,0.992223
test_06247,0.995596
test_06248,0.997800
test_06249,0.980227
test_06250,0.932935
test_06251,0.087544
test_06252,0.893499
test_06253,0.465532
test_06254,0.221346
test_06255,0.003852
test_06256,0.997943
test_06257,0.990873
test_06258,0.993446
test_06259,0.938270
test_06260,0.973030
test_06261,0.009584
test_06262,0.997799
test_06263,0.795159
test_06264,0.944323
test_06265,0.731219
test_06266,0.991057
test_06267,0.997412
test_06268,0.998342
test_06269,0.001724
test_06270,0.725758
test_06271,0.970471
test_06272,0.992425
test_06273,0.748896
test_06274,0.441450
test_06275,0.506455
test_06276,0.001673
test_06277,0.981242
test_06278,0.012187
test_06279,0.003908
test_06280,0.082296
test_06281,0.964573
test_06282,0.997631
test_06283,0.032918
test_06284,0.946031
test_06285,0.056483
test_06286,0.997834
test_06287,0.031593
test_06288,0.747127
test_06289,0.102209
test_06290,0.019934
test_06291,0.001916
test_06292,0.003053
test_06293,0.002284
test_06294,0.321325
test_06295,0.004140
test_06296,0.006529
test_06297,0.620352
test_06298,0.997833
test_06299,0.965506
test_06300,0.998409
test_06301,0.001748
test_06302,0.095975
test_06303,0.004922
test_06304,0.905914
test_06305,0.710866
test_06306,0.089161
test_06307,0.840441
test_06308,0.997488
test_06309,0.974967
test_06310,0.002254
test_06311,0.001575
test_06312,0.032605
test_06313,0.213622
test_06314,0.009486
test_06315,0.821382
test_06316,0.685689
test_06317,0.900908
test_06318,0.996863
test_06319,0.595798
test_06320,0.998185
test_06321,0.032843
test_06322,0.998331
test_06323,0.108897
test_06324,0.002214
test_06325,0.987559
test_06326,0.645189
test_06327,0.004271
test_06328,0.293673
test_06329,0.314842
test_06330,0.006742
test_06331,0.050395
test_06332,0.023938
test_06333,0.007123
test_06334,0.678095
test_06335,0.828012
test_06336,0.507242
test_06337,0.007842
test_06338,0.811560
test_06339,0.987841
test_06340,0.998214
test_06341,0.117205
test_06342,0.907362
test_06343,0.108265
test_06344,0.022993
test_06345,0.735010
test_06346,0.974273
test_06347,0.002611
test_06348,0.998339
test_06349,0.020492
test_06350,0.002347
test_06351,0.854049
test_06352,0.002244
test_06353,0.002309
test_06354,0.384819
test_06355,0.001694
test_06356,0.997127
test_06357,0.002830
test_06358,0.039243
test_06359,0.900969
test_06360,0.998201
test_06361,0.222488
test_06362,0.003144
test_06363,0.503575
test_06364,0.816299
test_06365,0.004043
test_06366,0.444245
test_06367,0.601350
test_06368,0.985296
test_06369,0.997939
test_06370,0.860406
test_06371,0.094912
test_06372,0.978614
test_06373,0.997662
test_06374,0.997626
test_06375,0.022353
test_06376,0.006828
test_06377,0.988785
test_06378,0.819617
test_06379,0.003227
test_06380,0.350738
test_06381,0.034347
test_06382,0.997041
test_06383,0.998230
test_06384,0.982589
test_06385,0.003259
test_06386,0.996447
test_06387,0.879078
test_06388,0.923604
test_06389,0.105126
test_06390,0.998131
test_06391,0.567821
test_06392,0.112691
test_06393,0.950591
test_06394,0.848550
test_06395,0.515658
test_06396,0.144534
test_06397,0.003577
test_06398,0.814622
test_06399,0.038306
test_06400,0.002783
test_06401,0.446673
test_06402,0.990591
test_06403,0.181465
test_06404,0.428800
test_06405,0.002725
test_06406,0.002289
test_06407,0.232853
test_06408,0.021893
test_06409,0.969970
test_06410,0.766050
test_06411,0.997611
test_06412,0.157469
test_06413,0.009107
test_06414,0.960285
test_06415,0.140674
test_06416,0.045066
test_06417,0.891139
test_06418,0.399722
test_06419,0.996502
test_06420,0.495742
test_06421,0.993215
test_06422,0.988912
test_06423,0.926060
test_06424,0.960672
test_06425,0.591551
test_06426,0.062530
test_06427,0.010353
test_06428,0.892790
test_06429,0.001888
test_06430,0.848956
test_06431,0.971816
test_06432,0.002405
test_06433,0.927665
test_06434,0.998169
test_06435,0.997336
test_06436,0.134698
test_06437,0.147084
test_06438,0.010722
test_06439,0.996652
test_06440,0.031306
test_06441,0.984785
test_06442,0.136349
test_06443,0.016708
test_06444,0.001836
test_06445,0.002927
test_06446,0.723839
test_06447,0.449512
test_06448,0.980507
test_06449,0.001952
test_06450,0.997635
test_06451,0.997146
test_06452,0.988651
test_06453,0.004531
test_06454,0.994176
test_06455,0.995057
test_06456,0.006348
test_06457,0.666884
test_06458,0.320555
test_06459,0.998552
test_06460,0.001947
test_06461,0.003523
test_06462,0.997444
test_06463,0.993453
test_06464,0.071965
test_06465,0.197780
test_06466,0.424133
test_06467,0.562534
test_06468,0.008219
test_06469,0.994774
test_06470,0.977524
test_06471,0.002187
test_06472,0.008925
test_06473,0.991674
test_06474,0.003824
test_06475,0.276862
test_06476,0.005249
test_06477,0.009071
test_06478,0.997086
test_06479,0.986182
test_06480,0.979338
test_06481,0.375810
test_06482,0.998234
test_06483,0.006505
test_06484,0.001599
test_06485,0.982017
test_06486,0.997889
test_06487,0.001601
test_06488,0.993894
test_06489,0.002334
test_06490,0.992617
test_06491,0.008952
test_06492,0.957452
test_06493,0.015597
test_06494,0.332024
test_06495,0.005132
test_06496,0.001930
test_06497,0.852478
test_06498,0.994082
test_06499,0.166125
test_06500,0.295516
test_06501,0.006580
test_06502,0.996791
test_06503,0.019747
test_06504,0.161152
test_06505,0.001731
test_06506,0.426403
test_06507,0.949213
test_06508,0.993727
test_06509,0.011277
test_06510,0.995503
test_06511,0.751810
test_06512,0.998040
test_06513,0.807864
test_06514,0.270776
test_06515,0.983716
test_06516,0.997865
test_06517,0.998142
test_06518,0.550841
test_06519,0.003966
test_06520,0.002071
test_06521,0.867500
test_06522,0.998108
test_06523,0.990343
test_06524,0.014576
test_06525,0.002071
test_06526,0.983606
test_06527,0.002969
test_06528,0.582734
test_06529,0.075891
test_06530,0.004921
test_06531,0.997897
test_06532,0.922775
test_06533,0.922286
test_06534,0.982092
test_06535,0.973569
test_06536,0.668780
test_06537,0.002702
test_06538,0.292986
test_06539,0.182039
test_06540,0.003936
test_06541,0.005871
test_06542,0.004848
test_06543,0.081385
test_06544,0.992061
test_06545,0.807303
test_06546,0.002196
test_06547,0.916570
test_06548,0.996393
test_06549,0.862181
test_06550,0.995747
test_06551,0.004624
test_06552,0.315317
test_06553,0.994860
test_06554,0.856815
test_06555,0.438050
test_06556,0.991218
test_06557,0.102418
test_06558,0.429091
test_06559,0.178433
test_06560,0.005504
test_06561,0.971214
test_06562,0.806995
test_06563,0.067899
test_06564,0.858441
test_06565,0.701063
test_06566,0.266599
test_06567,0.052091
test_06568,0.055575
test_06569,0.624348
test_06570,0.004362
test_06571,0.690196
test_06572,0.002731
test_06573,0.283507
test_06574,0.078235
test_06575,0.002421
test_06576,0.572830
test_06577,0.017449
test_06578,0.997056
test_06579,0.617337
test_06580,0.996014
test_06581,0.001926
test_06582,0.995499
test_06583,0.003486
test_06584,0.419180
test_06585,0.004090
test_06586,0.072183
test_06587,0.996307
test_06588,0.020407
test_06589,0.668323
test_06590,0.013974
test_06591,0.001922
test_06592,0.727380
test_06593,0.992544
test_06594,0.997370
test_06595,0.207479
test_06596,0.786238
test_06597,0.236754
test_06598,0.004858
test_06599,0.004683
test_06600,0.004165
test_06601,0.002673
test_06602,0.342600
test_06603,0.005615
test_06604,0.407328
test_06605,0.006070
test_06606,0.984935
test_06607,0.001638
test_06608,0.997603
test_06609,0.948838
test_06610,0.011926
test_06611,0.349724
test_06612,0.002378
test_06613,0.002511
test_06614,0.001824
test_06615,0.004169
test_06616,0.947959
test_06617,0.997423
test_06618,0.029717
test_06619,0.077938
test_06620,0.558554
test_06621,0.008916
test_06622,0.015706
test_06623,0.049055
test_06624,0.997519
test_06625,0.998487
test_06626,0.003718
test_06627,0.002756
test_06628,0.804457
test_06629,0.001883
test_06630,0.174928
test_06631,0.001741
test_06632,0.002397
test_06633,0.014789
test_06634,0.520746
test_06635,0.004892
test_06636,0.008710
test_06637,0.003648
test_06638,0.435706
test_06639,0.810280
test_06640,0.945361
test_06641,0.004424
test_06642,0.725118
test_06643,0.988793
test_06644,0.997590
test_06645,0.971624
test_06646,0.928349
test_06647,0.919442
test_06648,0.119243
test_06649,0.142658
test_06650,0.001743
test_06651,0.019701
test_06652,0.002166
test_06653,0.996518
test_06654,0.001802
test_06655,0.001790
test_06656,0.984200
test_06657,0.966891
test_06658,0.002709
test_06659,0.549956
test_06660,0.854202
test_06661,0.002432
test_06662,0.360001
test_06663,0.005902
test_06664,0.003024
test_06665,0.002663
test_06666,0.547480
test_06667,0.993929
test_06668,0.507808
test_06669,0.006555
test_06670,0.754325
test_06671,0.903201
test_06672,0.328089
test_06673,0.027436
test_06674,0.995158
test_06675,0.065798
test_06676,0.878262
test_06677,0.994153
test_06678,0.991972
test_06679,0.001551
test_06680,0.003807
test_06681,0.336353
test_06682,0.041669
test_06683,0.775351
test_06684,0.003859
test_06685,0.944042
test_06686,0.883137
test_06687,0.035922
test_06688,0.276391
test_06689,0.153818
test_06690,0.467378
test_06691,0.002381
test_06692,0.659939
test_06693,0.092954
test_06694,0.994600
test_06695,0.002637
test_06696,0.997186
test_06697,0.997219
test_06698,0.014334
test_06699,0.612839
test_06700,0.998392
test_06701,0.994251
test_06702,0.997375
test_06703,0.042221
test_06704,0.993932
test_06705,0.985249
test_06706,0.870117
test_06707,0.067397
test_06708,0.997549
test_06709,0.343836
test_06710,0.887373
test_06711,0.997050
test_06712,0.607647
test_06713,0.997283
test_06714,0.107019
test_06715,0.003014
test_06716,0.988478
test_06717,0.998650
test_06718,0.957146
test_06719,0.995284
test_06720,0.979874
test_06721,0.023921
test_06722,0.989905
test_06723,0.973099
test_06724,0.003414
test_06725,0.058252
test_06726,0.991527
test_06727,0.995904
test_06728,0.002825
test_06729,0.002909
test_06730,0.011171
test_06731,0.411539
test_06732,0.976709
test_06733,0.978974
test_06734,0.001927
test_06735,0.795154
test_06736,0.978011
test_06737,0.998199
test_06738,0.996478
test_06739,0.996194
test_06740,0.998384
test_06741,0.726056
test_06742,0.998136
test_06743,0.996753
test_06744,0.100936
test_06745,0.001633
test_06746,0.945909
test_06747,0.996579
test_06748,0.127856
test_06749,0.997377
test_06750,0.727676
test_06751,0.018949
test_06752,0.004491
test_06753,0.039302
test_06754,0.001533
test_06755,0.791500
test_06756,0.011547
test_06757,0.990776
test_06758,0.003231
test_06759,0.068010
test_06760,0.182728
test_06761,0.962559
test_06762,0.997780
test_06763,0.519813
test_06764,0.942308
test_06765,0.998139
test_06766,0.026623
test_06767,0.003181
test_06768,0.998043
test_06769,0.002337
test_06770,0.005301
test_06771,0.983913
test_06772,0.002115
test_06773,0.990829
test_06774,0.143155
test_06775,0.043725
test_06776,0.997772
test_06777,0.976498
test_06778,0.003148
test_06779,0.002121
test_06780,0.996897
test_06781,0.958912
test_06782,0.768089
test_06783,0.457955
test_06784,0.001982
test_06785,0.948514
test_06786,0.929258
test_06787,0.006113
test_06788,0.003726
test_06789,0.934120
test_06790,0.998112
test_06791,0.551420
test_06792,0.997907
test_06793,0.012018
test_06794,0.995046
test_06795,0.001811
test_06796,0.997740
test_06797,0.998329
test_06798,0.834402
test_06799,0.150814
test_06800,0.004560
test_06801,0.682397
test_06802,0.002829
test_06803,0.132386
test_06804,0.114573
test_06805,0.023652
test_06806,0.993622
test_06807,0.925426
test_06808,0.985706
test_06809,0.904289
test_06810,0.471787
test_06811,0.986872
test_06812,0.002986
test_06813,0.951749
test_06814,0.998131
test_06815,0.995486
test_06816,0.986589
test_06817,0.009245
test_06818,0.995279
test_06819,0.995385
test_06820,0.108200
test_06821,0.693146
test_06822,0.003754
test_06823,0.380737
test_06824,0.342894
test_06825,0.003858
test_06826,0.011921
test_06827,0.003437
test_06828,0.950481
test_06829,0.991454
test_06830,0.005745
test_06831,0.997533
test_06832,0.002343
test_06833,0.019698
test_06834,0.042722
test_06835,0.003673
test_06836,0.200869
test_06837,0.009740
test_06838,0.002008
test_06839,0.414799
test_06840,0.967413
test_06841,0.038165
test_06842,0.984852
test_06843,0.076779
test_06844,0.001864
test_06845,0.001728
test_06846,0.649581
test_06847,0.991506
test_06848,0.107650
test_06849,0.959669
test_06850,0.106877
test_06851,0.840683
test_06852,0.954144
test_06853,0.002787
test_06854,0.323502
test_06855,0.002080
test_06856,0.003133
test_06857,0.640396
test_06858,0.023364
test_06859,0.801480
test_06860,0.849183
test_06861,0.004133
test_06862,0.997581
test_06863,0.556586
test_06864,0.997652
test_06865,0.002056
test_06866,0.119435
test_06867,0.697018
test_06868,0.580344
test_06869,0.431636
test_06870,0.997279
test_06871,0.769244
test_06872,0.809273
test_06873,0.195467
test_06874,0.931946
test_06875,0.397290
test_06876,0.002585
test_06877,0.998071
test_06878,0.001821
test_06879,0.905266
test_06880,0.107685
test_06881,0.911448
test_06882,0.028437
test_06883,0.143887
test_06884,0.003283
test_06885,0.002157
test_06886,0.107477
test_06887,0.993387
test_06888,0.018644
test_06889,0.895762
test_06890,0.197372
test_06891,0.012450
test_06892,0.011614
test_06893,0.409158
test_06894,0.003861
test_06895,0.003844
test_06896,0.997728
test_06897,0.693453
test_06898,0.344080
test_06899,0.001781
test_06900,0.001983
test_06901,0.986907
test_06902,0.719219
test_06903,0.997339
test_06904,0.997849
test_06905,0.996192
test_06906,0.003319
test_06907,0.993460
test_06908,0.996584
test_06909,0.003570
test_06910,0.997714
test_06911,0.948072
test_06912,0.004089
test_06913,0.010949
test_06914,0.280914
test_06915,0.406378
test_06916,0.997336
test_06917,0.001840
test_06918,0.859682
test_06919,0.987806
test_06920,0.001851
test_06921,0.678996
test_06922,0.998023
test_06923,0.768303
test_06924,0.980478
test_06925,0.016394
test_06926,0.010540
test_06927,0.090263
test_06928,0.002040
test_06929,0.191959
test_06930,0.004528
test_06931,0.012413
test_06932,0.675413
test_06933,0.997634
test_06934,0.001996
test_06935,0.002602
test_06936,0.987972
test_06937,0.941819
test_06938,0.008965
test_06939,0.014492
test_06940,0.895327
test_06941,0.919428
test_06942,0.172549
test_06943,0.032408
test_06944,0.305739
test_06945,0.034485
test_06946,0.043649
test_06947,0.637717
test_06948,0.460234
test_06949,0.992103
test_06950,0.916843
test_06951,0.078039
test_06952,0.899240
test_06953,0.001782
test_06954,0.332490
test_06955,0.988960
test_06956,0.897595
test_06957,0.687521
test_06958,0.986137
test_06959,0.003426
test_06960,0.001767
test_06961,0.580553
test_06962,0.011259
test_06963,0.672069
test_06964,0.997724
test_06965,0.007673
test_06966,0.004584
test_06967,0.286401
test_06968,0.005424
test_06969,0.002662
test_06970,0.997922
test_06971,0.997771
test_06972,0.132625
test_06973,0.986991
test_06974,0.177069
test_06975,0.992091
test_06976,0.998056
test_06977,0.991871
test_06978,0.001888
test_06979,0.571784
test_06980,0.053653
test_06981,0.988409
test_06982,0.995013
test_06983,0.011006
test_06984,0.036213
test_06985,0.019181
test_06986,0.003671
test_06987,0.001399
test_06988,0.001751
test_06989,0.912884
test_06990,0.996921
test_06991,0.947101
test_06992,0.677687
test_06993,0.001641
test_06994,0.003993
test_06995,0.006634
test_06996,0.045420
test_06997,0.873131
test_06998,0.001901
test_06999,0.949888
test_07000,0.446852
test_07001,0.557765
test_07002,0.997567
test_07003,0.993776
test_07004,0.073286
test_07005,0.655219
test_07006,0.005684
test_07007,0.012925
test_07008,0.004913
test_07009,0.932021
test_07010,0.893882
test_07011,0.995686
test_07012,0.441772
test_07013,0.505459
test_07014,0.998059
test_07015,0.833017
test_07016,0.975152
test_07017,0.002585
test_07018,0.982277
test_07019,0.358436
test_07020,0.021575
test_07021,0.993668
test_07022,0.002625
test_07023,0.782532
test_07024,0.006724
test_07025,0.998292
test_07026,0.997592
test_07027,0.059372
test_07028,0.137650
test_07029,0.432513
test_07030,0.375784
test_07031,0.002536
test_07032,0.927893
test_07033,0.996652
test_07034,0.018913
test_07035,0.004183
test_07036,0.003667
test_07037,0.001583
test_07038,0.994242
test_07039,0.004604
test_07040,0.010156
test_07041,0.980275
test_07042,0.839171
test_07043,0.974906
test_07044,0.995906
test_07045,0.023992
test_07046,0.945175
test_07047,0.997084
test_07048,0.001618
test_07049,0.301011
test_07050,0.950962
test_07051,0.002730
test_07052,0.833664
test_07053,0.004689
test_07054,0.833593
test_07055,0.941591
test_07056,0.891299
test_07057,0.004635
test_07058,0.274271
test_07059,0.281010
test_07060,0.995956
test_07061,0.995562
test_07062,0.002578
test_07063,0.073773
test_07064,0.002948
test_07065,0.236040
test_07066,0.054392
test_07067,0.995846
test_07068,0.401843
test_07069,0.973218
test_07070,0.018037
test_07071,0.002272
test_07072,0.996652
test_07073,0.816230
test_07074,0.995916
test_07075,0.970576
test_07076,0.997754
test_07077,0.077718
test_07078,0.939633
test_07079,0.997522
test_07080,0.475802
test_07081,0.055087
test_07082,0.965236
test_07083,0.004412
test_07084,0.163556
test_07085,0.748150
test_07086,0.331031
test_07087,0.007911
test_07088,0.625466
test_07089,0.056132
test_07090,0.998091
test_07091,0.003980
test_07092,0.960656
test_07093,0.502037
test_07094,0.819834
test_07095,0.004995
test_07096,0.937877
test_07097,0.020917
test_07098,0.002456
test_07099,0.003926
test_07100,0.787975
test_07101,0.995784
test_07102,0.991686
test_07103,0.996918
test_07104,0.283018
test_07105,0.002654
test_07106,0.992033
test_07107,0.002679
test_07108,0.068632
test_07109,0.799867
test_07110,0.787492
test_07111,0.044887
test_07112,0.993504
test_07113,0.001543
test_07114,0.993883
test_07115,0.784146
test_07116,0.377556
test_07117,0.202643
test_07118,0.006481
test_07119,0.019308
test_07120,0.005711
test_07121,0.301382
test_07122,0.479497
test_07123,0.329891
test_07124,0.991272
test_07125,0.995956
test_07126,0.324515
test_07127,0.995865
test_07128,0.003618
test_07129,0.002367
test_07130,0.961259
test_07131,0.951716
test_07132,0.001630
test_07133,0.068966
test_07134,0.002988
test_07135,0.002205
test_07136,0.997715
test_07137,0.534287
test_07138,0.002248
test_07139,0.115751
test_07140,0.012185
test_07141,0.037016
test_07142,0.003978
test_07143,0.006547
test_07144,0.007874
test_07145,0.002981
test_07146,0.981659
test_07147,0.957288
test_07148,0.986514
test_07149,0.003527
test_07150,0.105703
test_07151,0.269354
test_07152,0.467251
test_07153,0.953934
test_07154,0.959245
test_07155,0.002985
test_07156,0.637636
test_07157,0.997680
test_07158,0.944161
test_07159,0.036625
test_07160,0.010301
test_07161,0.019799
test_07162,0.948785
test_07163,0.954413
test_07164,0.608010
test_07165,0.032461
test_07166,0.998537
test_07167,0.002110
test_07168,0.977564
test_07169,0.012960
test_07170,0.993898
test_07171,0.998001
test_07172,0.990394
test_07173,0.993097
test_07174,0.981963
test_07175,0.998196
test_07176,0.010609
test_07177,0.003326
test_07178,0.971178
test_07179,0.314572
test_07180,0.005670
test_07181,0.563466
test_07182,0.003348
test_07183,0.285800
test_07184,0.002379
test_07185,0.993725
test_07186,0.997186
test_07187,0.271187
test_07188,0.985374
test_07189,0.010047
test_07190,0.943302
test_07191,0.004537
test_07192,0.001935
test_07193,0.002459
test_07194,0.273445
test_07195,0.760914
test_07196,0.996358
test_07197,0.001858
test_07198,0.002716
test_07199,0.008252
test_07200,0.996904
test_07201,0.074024
test_07202,0.096249
test_07203,0.993537
test_07204,0.608967
test_07205,0.002521
test_07206,0.301918
test_07207,0.990875
test_07208,0.004210
test_07209,0.118048
test_07210,0.034673
test_07211,0.025226
test_07212,0.725385
test_07213,0.317408
test_07214,0.988915
test_07215,0.950474
test_07216,0.066188
test_07217,0.001745
test_07218,0.039857
test_07219,0.998068
test_07220,0.002869
test_07221,0.931260
test_07222,0.506787
test_07223,0.815467
test_07224,0.128328
test_07225,0.569152
test_07226,0.167536
test_07227,0.997414
test_07228,0.006872
test_07229,0.006360
test_07230,0.005330
test_07231,0.025933
test_07232,0.601182
test_07233,0.997772
test_07234,0.998034
test_07235,0.849689
test_07236,0.002006
test_07237,0.994647
test_07238,0.004009
test_07239,0.383600
test_07240,0.374492
test_07241,0.008058
test_07242,0.006046
test_07243,0.002529
test_07244,0.997590
test_07245,0.121140
test_07246,0.005338
test_07247,0.894436
test_07248,0.994950
test_07249,0.001749
test_07250,0.040897
test_07251,0.005794
test_07252,0.996490
test_07253,0.002263
test_07254,0.035560
test_07255,0.629210
test_07256,0.056145
test_07257,0.984569
test_07258,0.264669
test_07259,0.868900
test_07260,0.957914
test_07261,0.008294
test_07262,0.002507
test_07263,0.997795
test_07264,0.083862
test_07265,0.875475
test_07266,0.001663
test_07267,0.213976
test_07268,0.977272
test_07269,0.949709
test_07270,0.840979
test_07271,0.992071
test_07272,0.417080
test_07273,0.737301
test_07274,0.748152
test_07275,0.783984
test_07276,0.045205
test_07277,0.996920
test_07278,0.053181
test_07279,0.014546
test_07280,0.002594
test_07281,0.002489
test_07282,0.935842
test_07283,0.011782
test_07284,0.003213
test_07285,0.998183
test_07286,0.462452
test_07287,0.995289
test_07288,0.008092
test_07289,0.018608
test_07290,0.003549
test_07291,0.980026
test_07292,0.369027
test_07293,0.002066
test_07294,0.995729
test_07295,0.592897
test_07296,0.972089
test_07297,0.995860
test_07298,0.564859
test_07299,0.125060
test_07300,0.225283
test_07301,0.994576
test_07302,0.014126
test_07303,0.998224
test_07304,0.003005
test_07305,0.135754
test_07306,0.254872
test_07307,0.008037
test_07308,0.002741
test_07309,0.002294
test_07310,0.083989
test_07311,0.085880
test_07312,0.983548
test_07313,0.015606
test_07314,0.905906
test_07315,0.224987
test_07316,0.123435
test_07317,0.996779
test_07318,0.059617
test_07319,0.505102
test_07320,0.796967
test_07321,0.083090
test_07322,0.196000
test_07323,0.012595
test_07324,0.848857
test_07325,0.206713
test_07326,0.995436
test_07327,0.987553
test_07328,0.994394
test_07329,0.018118
test_07330,0.775092
test_07331,0.002425
test_07332,0.004691
test_07333,0.526113
test_07334,0.850048
test_07335,0.909578
test_07336,0.002277
test_07337,0.863069
test_07338,0.966194
test_07339,0.006850
test_07340,0.991025
test_07341,0.230535
test_07342,0.033633
test_07343,0.991744
test_07344,0.996945
test_07345,0.006661
test_07346,0.021960
test_07347,0.003401
test_07348,0.652449
test_07349,0.003490
test_07350,0.997986
test_07351,0.006816
test_07352,0.781626
test_07353,0.996542
test_07354,0.223706
test_07355,0.915475
test_07356,0.997794
test_07357,0.799262
test_07358,0.424538
test_07359,0.625731
test_07360,0.993190
test_07361,0.456765
test_07362,0.040769
test_07363,0.995822
test_07364,0.063286
test_07365,0.495393
test_07366,0.998326
test_07367,0.995400
test_07368,0.100404
test_07369,0.276196
test_07370,0.866372
test_07371,0.011194
test_07372,0.139223
test_07373,0.977950
test_07374,0.021872
test_07375,0.554268
test_07376,0.436062
test_07377,0.004554
test_07378,0.958111
test_07379,0.008717
test_07380,0.009100
test_07381,0.058892
test_07382,0.061503
test_07383,0.955613
test_07384,0.997294
test_07385,0.170483
test_07386,0.019732
test_07387,0.001748
test_07388,0.120984
test_07389,0.154597
test_07390,0.008656
test_07391,0.997795
test_07392,0.559998
test_07393,0.657246
test_07394,0.984618
test_07395,0.990995
test_07396,0.001878
test_07397,0.995721
test_07398,0.852685
test_07399,0.977912
test_07400,0.547288
test_07401,0.289262
test_07402,0.997788
test_07403,0.333623
test_07404,0.004618
test_07405,0.973183
test_07406,0.744959
test_07407,0.002039
test_07408,0.445355
test_07409,0.083285
test_07410,0.984645
test_07411,0.001759
test_07412,0.017202
test_07413,0.911534
test_07414,0.001632
test_07415,0.996943
test_07416,0.116050
test_07417,0.022658
test_07418,0.975937
test_07419,0.002535
test_07420,0.002968
test_07421,0.070337
test_07422,0.997350
test_07423,0.980657
test_07424,0.013109
test_07425,0.030208
test_07426,0.039723
test_07427,0.124333
test_07428,0.057501
test_07429,0.184778
test_07430,0.001915
test_07431,0.974445
test_07432,0.007564
test_07433,0.481266
test_07434,0.004246
test_07435,0.007509
test_07436,0.002717
test_07437,0.988795
test_07438,0.997719
test_07439,0.135879
test_07440,0.001460
test_07441,0.004101
test_07442,0.012189
test_07443,0.995619
test_07444,0.008255
test_07445,0.002861
test_07446,0.003184
test_07447,0.003262
test_07448,0.002235
test_07449,0.940775
test_07450,0.986678
test_07451,0.918041
test_07452,0.563108
test_07453,0.005048
test_07454,0.998156
test_07455,0.020479
test_07456,0.995776
test_07457,0.136733
test_07458,0.995746
test_07459,0.987434
test_07460,0.001975
test_07461,0.678061
test_07462,0.701561
test_07463,0.023882
test_07464,0.001658
test_07465,0.989064
test_07466,0.423433
test_07467,0.137814
test_07468,0.996078
test_07469,0.061472
test_07470,0.995273
test_07471,0.020123
test_07472,0.831747
test_07473,0.002860
test_07474,0.003986
test_07475,0.397857
test_07476,0.005263
test_07477,0.019793
test_07478,0.997829
test_07479,0.960141
test_07480,0.637383
test_07481,0.586643
test_07482,0.010300
test_07483,0.360668
test_07484,0.001725
test_07485,0.609213
test_07486,0.998187
test_07487,0.023146
test_07488,0.005969
test_07489,0.997023
test_07490,0.722654
test_07491,0.066334
test_07492,0.004761
test_07493,0.719955
test_07494,0.688078
test_07495,0.992897
test_07496,0.175186
test_07497,0.005952
test_07498,0.885207
test_07499,0.001813
test_07500,0.373132
test_07501,0.002792
test_07502,0.998017
test_07503,0.005383
test_07504,0.393218
test_07505,0.971926
test_07506,0.997466
test_07507,0.192749
test_07508,0.003774
test_07509,0.984528
test_07510,0.879449
test_07511,0.982409
test_07512,0.006209
test_07513,0.862910
test_07514,0.998135
test_07515,0.997706
test_07516,0.993476
test_07517,0.997918
test_07518,0.004731
test_07519,0.642733
test_07520,0.001996
test_07521,0.021998
test_07522,0.860942
test_07523,0.003606
test_07524,0.666686
test_07525,0.338501
test_07526,0.010567
test_07527,0.878108
test_07528,0.998274
test_07529,0.002944
test_07530,0.964243
test_07531,0.515118
test_07532,0.985663
test_07533,0.014796
test_07534,0.162983
test_07535,0.237522
test_07536,0.211204
test_07537,0.181423
test_07538,0.446231
test_07539,0.998093
test_07540,0.007706
test_07541,0.277177
test_07542,0.605720
test_07543,0.010412
test_07544,0.790375
test_07545,0.096319
test_07546,0.988511
test_07547,0.794316
test_07548,0.027584
test_07549,0.997694
test_07550,0.614761
test_07551,0.997159
test_07552,0.002790
test_07553,0.960178
test_07554,0.981173
test_07555,0.005639
test_07556,0.007878
test_07557,0.997400
test_07558,0.967040
test_07559,0.937128
test_07560,0.856503
test_07561,0.002010
test_07562,0.806628
test_07563,0.939220
test_07564,0.990334
test_07565,0.064698
test_07566,0.365157
test_07567,0.002223
test_07568,0.010751
test_07569,0.239600
test_07570,0.997331
test_07571,0.147617
test_07572,0.997329
test_07573,0.997314
test_07574,0.616452
test_07575,0.002767
test_07576,0.003754
test_07577,0.004897
test_07578,0.002574
test_07579,0.002190
test_07580,0.965949
test_07581,0.002639
test_07582,0.002543
test_07583,0.965297
test_07584,0.974067
test_07585,0.982217
test_07586,0.996078
test_07587,0.044518
test_07588,0.894494
test_07589,0.884527
test_07590,0.017130
test_07591,0.996426
test_07592,0.002420
test_07593,0.986067
test_07594,0.300439
test_07595,0.001807
test_07596,0.003689
test_07597,0.988592
test_07598,0.063590
test_07599,0.965106
test_07600,0.001670
test_07601,0.009915
test_07602,0.054970
test_07603,0.992615
test_07604,0.111652
test_07605,0.016563
test_07606,0.002139
test_07607,0.004001
test_07608,0.042173
test_07609,0.995612
test_07610,0.004959
test_07611,0.005769
test_07612,0.001851
test_07613,0.094753
test_07614,0.996486
test_07615,0.588744
test_07616,0.998131
test_07617,0.483071
test_07618,0.326184
test_07619,0.001549
test_07620,0.658413
test_07621,0.003074
test_07622,0.033619
test_07623,0.997550
test_07624,0.092518
test_07625,0.002500
test_07626,0.974844
test_07627,0.927491
test_07628,0.984509
test_07629,0.005358
test_07630,0.993886
test_07631,0.001497
test_07632,0.072562
test_07633,0.438975
test_07634,0.997881
test_07635,0.994416
test_07636,0.001826
test_07637,0.850798
test_07638,0.997793
test_07639,0.015765
test_07640,0.475285
test_07641,0.802052
test_07642,0.376976
test_07643,0.802553
test_07644,0.995468
test_07645,0.008591
test_07646,0.132052
test_07647,0.997788
test_07648,0.003490
test_07649,0.981390
test_07650,0.907276
test_07651,0.100416
test_07652,0.768836
test_07653,0.996110
test_07654,0.991494
test_07655,0.354733
test_07656,0.004979
test_07657,0.998497
test_07658,0.002269
test_07659,0.998318
test_07660,0.076410
test_07661,0.994251
test_07662,0.189523
test_07663,0.049764
test_07664,0.003633
test_07665,0.062412
test_07666,0.996780
test_07667,0.137869
test_07668,0.005607
test_07669,0.997960
test_07670,0.002838
test_07671,0.022227
test_07672,0.002173
test_07673,0.041670
test_07674,0.286876
test_07675,0.003847
test_07676,0.013384
test_07677,0.001570
test_07678,0.516955
test_07679,0.091918
test_07680,0.965661
test_07681,0.002364
test_07682,0.045382
test_07683,0.995978
test_07684,0.548720
test_07685,0.034736
test_07686,0.309848
test_07687,0.059404
test_07688,0.768236
test_07689,0.921224
test_07690,0.908966
test_07691,0.008139
test_07692,0.997945
test_07693,0.951808
test_07694,0.071632
test_07695,0.666937
test_07696,0.139019
test_07697,0.991405
test_07698,0.992570
test_07699,0.014616
test_07700,0.795315
test_07701,0.005089
test_07702,0.017418
test_07703,0.998300
test_07704,0.995389
test_07705,0.011391
test_07706,0.991383
test_07707,0.010331
test_07708,0.995320
test_07709,0.995598
test_07710,0.351801
test_07711,0.750652
test_07712,0.002120
test_07713,0.003203
test_07714,0.002652
test_07715,0.803119
test_07716,0.995982
test_07717,0.002040
test_07718,0.001833
test_07719,0.003081
test_07720,0.007802
test_07721,0.163989
test_07722,0.025429
test_07723,0.440181
test_07724,0.997432
test_07725,0.992217
test_07726,0.832204
test_07727,0.002860
test_07728,0.028024
test_07729,0.987551
test_07730,0.435017
test_07731,0.001985
test_07732,0.413344
test_07733,0.998494
test_07734,0.008341
test_07735,0.026773
test_07736,0.048641
test_07737,0.985686
test_07738,0.576184
test_07739,0.514333
test_07740,0.017246
test_07741,0.009516
test_07742,0.557123
test_07743,0.982239
test_07744,0.202915
test_07745,0.705793
test_07746,0.001615
test_07747,0.110512
test_07748,0.009421
test_07749,0.988885
test_07750,0.984510
test_07751,0.637519
test_07752,0.001523
test_07753,0.040105
test_07754,0.054934
test_07755,0.002824
test_07756,0.981327
test_07757,0.002412
test_07758,0.004941
test_07759,0.494907
test_07760,0.002044
test_07761,0.967931
test_07762,0.761987
test_07763,0.997427
test_07764,0.984207
test_07765,0.002961
test_07766,0.997276
test_07767,0.003055
test_07768,0.516894
test_07769,0.001843
test_07770,0.023940
test_07771,0.950700
test_07772,0.998136
test_07773,0.915521
test_07774,0.002392
test_07775,0.666671
test_07776,0.286915
test_07777,0.994630
test_07778,0.997563
test_07779,0.998365
test_07780,0.997959
test_07781,0.004241
test_07782,0.121345
test_07783,0.016693
test_07784,0.561935
test_07785,0.128180
test_07786,0.160137
test_07787,0.984145
test_07788,0.945688
test_07789,0.323360
test_07790,0.021797
test_07791,0.102941
test_07792,0.043572
test_07793,0.002580
test_07794,0.089253
test_07795,0.697691
test_07796,0.018803
test_07797,0.026320
test_07798,0.162521
test_07799,0.991561
test_07800,0.891248
test_07801,0.002066
test_07802,0.974365
test_07803,0.961592
test_07804,0.997614
test_07805,0.003215
test_07806,0.003750
test_07807,0.163151
test_07808,0.001947
test_07809,0.004334
test_07810,0.007905
test_07811,0.968601
test_07812,0.203053
test_07813,0.993983
test_07814,0.057388
test_07815,0.002129
test_07816,0.002169
test_07817,0.968509
test_07818,0.001561
test_07819,0.647043
test_07820,0.002204
test_07821,0.771878
test_07822,0.061583
test_07823,0.008029
test_07824,0.989319
test_07825,0.980689
test_07826,0.168746
test_07827,0.994126
test_07828,0.006357
test_07829,0.745128
test_07830,0.007280
test_07831,0.996065
test_07832,0.742196
test_07833,0.627328
test_07834,0.998280
test_07835,0.844300
test_07836,0.684659
test_07837,0.004388
test_07838,0.997778
test_07839,0.983581
test_07840,0.263948
test_07841,0.041631
test_07842,0.011172
test_07843,0.001549
test_07844,0.841867
test_07845,0.998186
test_07846,0.021480
test_07847,0.968133
test_07848,0.012687
test_07849,0.865302
test_07850,0.997968
test_07851,0.178657
test_07852,0.721438
test_07853,0.001753
test_07854,0.992559
test_07855,0.164681
test_07856,0.003235
test_07857,0.002478
test_07858,0.007152
test_07859,0.617888
test_07860,0.023451
test_07861,0.166676
test_07862,0.002654
test_07863,0.055937
test_07864,0.248362
test_07865,0.878101
test_07866,0.670697
test_07867,0.007112
test_07868,0.996141
test_07869,0.740471
test_07870,0.015451
test_07871,0.992106
test_07872,0.323537
test_07873,0.001933
test_07874,0.031610
test_07875,0.002355
test_07876,0.002635
test_07877,0.002782
test_07878,0.002129
test_07879,0.001729
test_07880,0.931863
test_07881,0.091264
test_07882,0.977978
test_07883,0.988888
test_07884,0.291948
test_07885,0.807732
test_07886,0.081005
test_07887,0.995591
test_07888,0.016554
test_07889,0.995412
test_07890,0.995674
test_07891,0.239606
test_07892,0.660267
test_07893,0.998285
test_07894,0.005655
test_07895,0.443714
test_07896,0.827619
test_07897,0.017547
test_07898,0.982352
test_07899,0.997950
test_07900,0.997266
test_07901,0.986040
test_07902,0.002882
test_07903,0.728610
test_07904,0.057173
test_07905,0.012305
test_07906,0.008758
test_07907,0.037794
test_07908,0.018660
test_07909,0.910359
test_07910,0.316431
test_07911,0.987380
test_07912,0.002436
test_07913,0.005356
test_07914,0.002212
test_07915,0.002390
test_07916,0.952201
test_07917,0.001730
test_07918,0.002330
test_07919,0.234184
test_07920,0.006519
test_07921,0.995242
test_07922,0.229837
test_07923,0.988187
test_07924,0.040399
test_07925,0.002136
test_07926,0.183560
test_07927,0.906116
test_07928,0.001811
test_07929,0.002083
test_07930,0.192684
test_07931,0.376726
test_07932,0.987570
test_07933,0.997309
test_07934,0.004178
test_07935,0.014620
test_07936,0.005531
test_07937,0.631131
test_07938,0.984128
test_07939,0.003320
test_07940,0.009113
test_07941,0.803083
test_07942,0.001839
test_07943,0.732769
test_07944,0.078720
test_07945,0.017496
test_07946,0.001590
test_07947,0.997646
test_07948,0.004691
test_07949,0.991510
test_07950,0.989097
test_07951,0.002283
test_07952,0.829642
test_07953,0.004359
test_07954,0.001769
test_07955,0.005110
test_07956,0.955596
test_07957,0.091810
test_07958,0.490742
test_07959,0.980301
test_07960,0.007959
test_07961,0.892893
test_07962,0.199653
test_07963,0.988901
test_07964,0.001585
test_07965,0.001701
test_07966,0.874915
test_07967,0.990897
test_07968,0.001779
test_07969,0.101711
test_07970,0.010032
test_07971,0.004413
test_07972,0.997741
test_07973,0.003111
test_07974,0.586642
test_07975,0.003776
test_07976,0.973462
test_07977,0.003491
test_07978,0.820972
test_07979,0.004082
test_07980,0.029120
test_07981,0.078134
test_07982,0.004120
test_07983,0.005497
test_07984,0.991168
test_07985,0.997314
test_07986,0.007856
test_07987,0.001683
test_07988,0.001662
test_07989,0.006049
test_07990,0.993426
test_07991,0.842214
test_07992,0.002472
test_07993,0.990290
test_07994,0.776830
test_07995,0.961827
test_07996,0.998206
test_07997,0.520370
test_07998,0.996059
test_07999,0.997380
test_08000,0.037596
test_08001,0.002461
test_08002,0.005950
test_08003,0.997501
test_08004,0.296335
test_08005,0.998000
test_08006,0.936274
test_08007,0.002579
test_08008,0.683264
test_08009,0.001813
test_08010,0.482549
test_08011,0.526946
test_08012,0.998331
test_08013,0.002575
test_08014,0.226532
test_08015,0.001705
test_08016,0.934096
test_08017,0.007962
test_08018,0.992379
test_08019,0.997885
test_08020,0.995124
test_08021,0.487212
test_08022,0.037891
test_08023,0.002010
test_08024,0.035003
test_08025,0.916060
test_08026,0.976724
test_08027,0.971303
test_08028,0.002062
test_08029,0.805085
test_08030,0.489167
test_08031,0.005979
test_08032,0.997793
test_08033,0.008232
test_08034,0.975869
test_08035,0.003014
test_08036,0.344759
test_08037,0.002228
test_08038,0.828669
test_08039,0.973989
test_08040,0.183907
test_08041,0.997723
test_08042,0.932901
test_08043,0.025518
test_08044,0.028096
test_08045,0.788653
test_08046,0.667201
test_08047,0.002075
test_08048,0.972751
test_08049,0.936406
test_08050,0.001916
test_08051,0.249587
test_08052,0.996975
test_08053,0.119895
test_08054,0.015568
test_08055,0.997979
test_08056,0.992478
test_08057,0.004786
test_08058,0.454150
test_08059,0.054468
test_08060,0.990418
test_08061,0.329932
test_08062,0.988534
test_08063,0.524888
test_08064,0.002553
test_08065,0.996174
test_08066,0.294478
test_08067,0.998242
test_08068,0.319132
test_08069,0.138162
test_08070,0.002060
test_08071,0.990459
test_08072,0.005702
test_08073,0.989809
test_08074,0.222188
test_08075,0.210761
test_08076,0.005050
test_08077,0.018827
test_08078,0.836325
test_08079,0.002486
test_08080,0.888828
test_08081,0.004234
test_08082,0.003618
test_08083,0.998435
test_08084,0.003645
test_08085,0.004060
test_08086,0.012592
test_08087,0.994956
test_08088,0.607549
test_08089,0.593232
test_08090,0.022412
test_08091,0.997578
test_08092,0.643781
test_08093,0.252945
test_08094,0.022050
test_08095,0.997942
test_08096,0.007861
test_08097,0.989697
test_08098,0.013657
test_08099,0.028982
test_08100,0.955628
test_08101,0.002147
test_08102,0.005589
test_08103,0.995358
test_08104,0.001664
test_08105,0.996188
test_08106,0.998356
test_08107,0.238179
test_08108,0.041230
test_08109,0.993807
test_08110,0.994588
test_08111,0.002479
test_08112,0.998102
test_08113,0.002067
test_08114,0.002127
test_08115,0.015178
test_08116,0.972289
test_08117,0.392407
test_08118,0.339670
test_08119,0.010655
test_08120,0.069922
test_08121,0.385640
test_08122,0.918810
test_08123,0.015552
test_08124,0.008716
test_08125,0.995835
test_08126,0.295522
test_08127,0.006667
test_08128,0.503217
test_08129,0.077811
test_08130,0.076382
test_08131,0.998107
test_08132,0.002411
test_08133,0.012788
test_08134,0.018674
test_08135,0.043044
test_08136,0.951558
test_08137,0.002951
test_08138,0.004899
test_08139,0.995606
test_08140,0.996044
test_08141,0.950631
test_08142,0.998028
test_08143,0.974667
test_08144,0.996396
test_08145,0.002914
test_08146,0.710098
test_08147,0.028773
test_08148,0.203143
test_08149,0.002609
test_08150,0.784553
test_08151,0.050488
test_08152,0.103966
test_08153,0.092845
test_08154,0.801579
test_08155,0.072195
test_08156,0.001780
test_08157,0.003243
test_08158,0.006209
test_08159,0.998343
test_08160,0.996848
test_08161,0.486960
test_08162,0.080694
test_08163,0.995818
test_08164,0.143035
test_08165,0.171167
test_08166,0.100538
test_08167,0.002454
test_08168,0.996139
test_08169,0.961084
test_08170,0.003974
test_08171,0.994503
test_08172,0.983444
test_08173,0.011736
test_08174,0.025747
test_08175,0.925264
test_08176,0.928628
test_08177,0.981286
test_08178,0.994115
test_08179,0.996761
test_08180,0.002219
test_08181,0.417660
test_08182,0.176604
test_08183,0.949074
test_08184,0.992608
test_08185,0.995337
test_08186,0.746493
test_08187,0.983490
test_08188,0.008239
test_08189,0.007366
test_08190,0.009267
test_08191,0.287872
test_08192,0.514164
test_08193,0.949587
test_08194,0.025151
test_08195,0.002188
test_08196,0.129967
test_08197,0.997905
test_08198,0.913471
test_08199,0.097122
test_08200,0.968754
test_08201,0.007851
test_08202,0.989799
test_08203,0.940262
test_08204,0.987292
test_08205,0.764049
test_08206,0.135200
test_08207,0.995367
test_08208,0.053258
test_08209,0.010759
test_08210,0.081485
test_08211,0.002188
test_08212,0.995647
test_08213,0.993182
test_08214,0.004316
test_08215,0.002975
test_08216,0.016229
test_08217,0.993233
test_08218,0.827957
test_08219,0.001676
test_08220,0.002647
test_08221,0.013310
test_08222,0.996647
test_08223,0.005873
test_08224,0.005475
test_08225,0.002130
test_08226,0.717360
test_08227,0.990225
test_08228,0.986736
test_08229,0.005764
test_08230,0.016649
test_08231,0.011885
test_08232,0.745589
test_08233,0.002324
test_08234,0.002017
test_08235,0.002105
test_08236,0.155179
test_08237,0.997306
test_08238,0.995791
test_08239,0.996041
test_08240,0.606894
test_08241,0.761890
test_08242,0.296196
test_08243,0.002380
test_08244,0.984151
test_08245,0.254064
test_08246,0.987236
test_08247,0.002554
test_08248,0.503384
test_08249,0.993264
test_08250,0.298529
test_08251,0.983040
test_08252,0.985729
test_08253,0.002506
test_08254,0.253922
test_08255,0.008643
test_08256,0.002133
test_08257,0.005600
test_08258,0.137925
test_08259,0.997915
test_08260,0.515124
test_08261,0.998123
test_08262,0.846272
test_08263,0.996650
test_08264,0.876226
test_08265,0.933865
test_08266,0.981679
test_08267,0.283501
test_08268,0.089052
test_08269,0.983285
test_08270,0.017387
test_08271,0.825611
test_08272,0.997636
test_08273,0.244790
test_08274,0.996658
test_08275,0.475733
test_08276,0.998055
test_08277,0.002245
test_08278,0.011656
test_08279,0.778888
test_08280,0.002944
test_08281,0.706767
test_08282,0.978069
test_08283,0.936742
test_08284,0.462991
test_08285,0.845402
test_08286,0.058182
test_08287,0.217230
test_08288,0.002807
test_08289,0.313357
test_08290,0.004195
test_08291,0.107572
test_08292,0.002767
test_08293,0.910738
test_08294,0.188160
test_08295,0.986001
test_08296,0.739264
test_08297,0.997347
test_08298,0.001697
test_08299,0.002094
test_08300,0.993602
test_08301,0.997427
test_08302,0.559758
test_08303,0.996496
test_08304,0.993143
test_08305,0.085982
test_08306,0.001884
test_08307,0.769265
test_08308,0.835725
test_08309,0.010130
test_08310,0.092770
test_08311,0.022282
test_08312,0.952797
test_08313,0.923823
test_08314,0.013083
test_08315,0.992053
test_08316,0.988745
test_08317,0.941713
test_08318,0.040996
test_08319,0.997135
test_08320,0.958827
test_08321,0.857919
test_08322,0.997922
test_08323,0.997274
test_08324,0.359676
test_08325,0.996774
test_08326,0.009815
test_08327,0.323471
test_08328,0.004605
test_08329,0.998293
test_08330,0.993449
test_08331,0.977787
test_08332,0.012127
test_08333,0.558572
test_08334,0.500457
test_08335,0.427679
test_08336,0.641116
test_08337,0.242128
test_08338,0.950958
test_08339,0.122944
test_08340,0.008526
test_08341,0.909401
test_08342,0.002497
test_08343,0.627988
test_08344,0.721583
test_08345,0.930852
test_08346,0.068503
test_08347,0.002100
test_08348,0.994292
test_08349,0.010728
test_08350,0.994695
test_08351,0.996634
test_08352,0.002741
test_08353,0.991175
test_08354,0.004595
test_08355,0.247127
test_08356,0.728345
test_08357,0.001851
test_08358,0.991224
test_08359,0.926502
test_08360,0.953578
test_08361,0.824901
test_08362,0.001695
test_08363,0.994985
test_08364,0.490267
test_08365,0.007145
test_08366,0.150991
test_08367,0.997101
test_08368,0.994392
test_08369,0.003820
test_08370,0.982422
test_08371,0.002964
test_08372,0.004641
test_08373,0.978021
test_08374,0.994011
test_08375,0.030894
test_08376,0.989558
test_08377,0.988018
test_08378,0.808575
test_08379,0.994516
test_08380,0.991797
test_08381,0.630662
test_08382,0.987863
test_08383,0.304181
test_08384,0.050617
test_08385,0.011626
test_08386,0.002151
test_08387,0.002143
test_08388,0.002012
test_08389,0.589029
test_08390,0.004978
test_08391,0.565018
test_08392,0.989977
test_08393,0.997147
test_08394,0.001883
test_08395,0.336186
test_08396,0.035278
test_08397,0.131999
test_08398,0.996781
test_08399,0.002700
test_08400,0.003275
test_08401,0.081900
test_08402,0.008107
test_08403,0.021038
test_08404,0.994788
test_08405,0.004804
test_08406,0.023474
test_08407,0.996110
test_08408,0.083089
test_08409,0.093554
test_08410,0.915952
test_08411,0.998156
test_08412,0.997784
test_08413,0.002548
test_08414,0.060311
test_08415,0.133977
test_08416,0.988893
test_08417,0.995013
test_08418,0.870644
test_08419,0.041235
test_08420,0.084062
test_08421,0.050769
test_08422,0.894617
test_08423,0.998196
test_08424,0.019523
test_08425,0.001784
test_08426,0.005723
test_08427,0.996759
test_08428,0.997505
test_08429,0.258223
test_08430,0.827609
test_08431,0.006695
test_08432,0.170046
test_08433,0.849673
test_08434,0.697623
test_08435,0.003063
test_08436,0.997947
test_08437,0.001952
test_08438,0.888416
test_08439,0.057822
test_08440,0.994802
test_08441,0.532018
test_08442,0.931280
test_08443,0.013080
test_08444,0.006659
test_08445,0.955353
test_08446,0.005210
test_08447,0.126577
test_08448,0.569119
test_08449,0.996944
test_08450,0.231627
test_08451,0.004082
test_08452,0.040370
test_08453,0.253638
test_08454,0.025549
test_08455,0.184329
test_08456,0.997555
test_08457,0.995380
test_08458,0.035430
test_08459,0.993291
test_08460,0.994894
test_08461,0.003403
test_08462,0.004072
test_08463,0.992707
test_08464,0.004939
test_08465,0.996366
test_08466,0.008550
test_08467,0.030326
test_08468,0.994370
test_08469,0.081126
test_08470,0.019929
test_08471,0.004027
test_08472,0.997958
test_08473,0.009491
test_08474,0.996278
test_08475,0.007046
test_08476,0.723286
test_08477,0.992268
test_08478,0.852375
test_08479,0.024203
test_08480,0.009626
test_08481,0.445073
test_08482,0.997469
test_08483,0.110985
test_08484,0.995214
test_08485,0.389820
test_08486,0.634757
test_08487,0.001752
test_08488,0.852696
test_08489,0.738606
test_08490,0.715774
test_08491,0.996634
test_08492,0.997433
test_08493,0.892645
test_08494,0.763334
test_08495,0.214869
test_08496,0.042994
test_08497,0.976694
test_08498,0.002435
test_08499,0.560416
test_08500,0.491691
test_08501,0.022225
test_08502,0.989351
test_08503,0.240758
test_08504,0.936011
test_08505,0.003363
test_08506,0.363850
test_08507,0.003848
test_08508,0.995605
test_08509,0.817081
test_08510,0.989272
test_08511,0.042674
test_08512,0.942564
test_08513,0.995076
test_08514,0.019452
test_08515,0.991320
test_08516,0.998225
test_08517,0.981493
test_08518,0.421556
test_08519,0.993877
test_08520,0.377858
test_08521,0.003110
test_08522,0.002500
test_08523,0.003650
test_08524,0.050489
test_08525,0.998190
test_08526,0.020470
test_08527,0.002280
test_08528,0.086408
test_08529,0.448636
test_08530,0.001796
test_08531,0.994055
test_08532,0.864725
test_08533,0.368455
test_08534,0.003310
test_08535,0.995445
test_08536,0.003911
test_08537,0.989843
test_08538,0.317110
test_08539,0.997104
test_08540,0.998422
test_08541,0.002287
test_08542,0.321608
test_08543,0.003030
test_08544,0.949475
test_08545,0.801598
test_08546,0.479475
test_08547,0.996208
test_08548,0.030248
test_08549,0.007344
test_08550,0.842515
test_08551,0.996852
test_08552,0.916660
test_08553,0.972363
test_08554,0.002398
test_08555,0.973064
test_08556,0.002485
test_08557,0.017186
test_08558,0.022278
test_08559,0.993375
test_08560,0.804283
test_08561,0.998234
test_08562,0.035737
test_08563,0.001620
test_08564,0.015937
test_08565,0.997354
test_08566,0.839134
test_08567,0.010332
test_08568,0.477151
test_08569,0.011582
test_08570,0.009968
test_08571,0.194696
test_08572,0.944719
test_08573,0.805123
test_08574,0.002351
test_08575,0.860824
test_08576,0.005036
test_08577,0.948828
test_08578,0.002301
test_08579,0.102451
test_08580,0.983060
test_08581,0.997526
test_08582,0.040081
test_08583,0.217659
test_08584,0.545100
test_08585,0.002332
test_08586,0.955857
test_08587,0.027405
test_08588,0.707265
test_08589,0.939176
test_08590,0.754603
test_08591,0.004106
test_08592,0.996039
test_08593,0.002183
test_08594,0.126349
test_08595,0.338471
test_08596,0.886194
test_08597,0.733951
test_08598,0.810439
test_08599,0.014454
test_08600,0.998126
test_08601,0.994981
test_08602,0.945436
test_08603,0.993327
test_08604,0.997902
test_08605,0.043544
test_08606,0.997718
test_08607,0.998059
test_08608,0.996477
test_08609,0.012904
test_08610,0.480379
test_08611,0.010150
test_08612,0.950727
test_08613,0.673583
test_08614,0.987382
test_08615,0.875420
test_08616,0.997319
test_08617,0.001587
test_08618,0.003569
test_08619,0.997422
test_08620,0.997335
test_08621,0.994969
test_08622,0.997849
test_08623,0.001533
test_08624,0.966283
test_08625,0.749202
test_08626,0.049269
test_08627,0.057949
test_08628,0.942005
test_08629,0.803197
test_08630,0.996648
test_08631,0.297643
test_08632,0.011728
test_08633,0.997748
test_08634,0.866714
test_08635,0.004892
test_08636,0.002490
test_08637,0.995944
test_08638,0.997779
test_08639,0.011243
test_08640,0.043210
test_08641,0.016044
test_08642,0.995554
test_08643,0.002139
test_08644,0.974945
test_08645,0.003655
test_08646,0.002084
test_08647,0.006066
test_08648,0.011255
test_08649,0.972419
test_08650,0.996770
test_08651,0.984499
test_08652,0.191208
test_08653,0.995747
test_08654,0.005958
test_08655,0.400790
test_08656,0.348796
test_08657,0.769904
test_08658,0.924944
test_08659,0.003988
test_08660,0.670668
test_08661,0.002440
test_08662,0.075216
test_08663,0.003076
test_08664,0.017562
test_08665,0.048887
test_08666,0.998440
test_08667,0.997539
test_08668,0.656644
test_08669,0.993346
test_08670,0.087251
test_08671,0.928237
test_08672,0.998106
test_08673,0.997946
test_08674,0.998091
test_08675,0.003982
test_08676,0.782911
test_08677,0.975941
test_08678,0.544150
test_08679,0.658727
test_08680,0.998026
test_08681,0.072423
test_08682,0.207216
test_08683,0.352766
test_08684,0.222109
test_08685,0.995066
test_08686,0.997693
test_08687,0.009947
test_08688,0.948669
test_08689,0.956376
test_08690,0.016259
test_08691,0.990122
test_08692,0.998210
test_08693,0.024416
test_08694,0.013588
test_08695,0.772760
test_08696,0.002694
test_08697,0.027097
test_08698,0.846275
test_08699,0.993734
test_08700,0.996081
test_08701,0.997547
test_08702,0.002655
test_08703,0.002730
test_08704,0.002835
test_08705,0.021292
test_08706,0.312152
test_08707,0.968659
test_08708,0.933274
test_08709,0.992338
test_08710,0.002274
test_08711,0.996699
test_08712,0.004253
test_08713,0.997916
test_08714,0.977255
test_08715,0.001528
test_08716,0.998039
test_08717,0.343546
test_08718,0.002472
test_08719,0.826981
test_08720,0.997013
test_08721,0.837226
test_08722,0.996725
test_08723,0.841945
test_08724,0.003468
test_08725,0.997196
test_08726,0.993911
test_08727,0.177156
test_08728,0.004009
test_08729,0.503310
test_08730,0.632111
test_08731,0.993512
test_08732,0.515086
test_08733,0.027481
test_08734,0.306341
test_08735,0.006547
test_08736,0.998170
test_08737,0.009882
test_08738,0.439551
test_08739,0.009237
test_08740,0.006942
test_08741,0.382644
test_08742,0.998041
test_08743,0.007342
test_08744,0.536890
test_08745,0.988418
test_08746,0.132559
test_08747,0.996968
test_08748,0.001675
test_08749,0.006825
test_08750,0.936675
test_08751,0.045240
test_08752,0.009637
test_08753,0.961022
test_08754,0.001268
test_08755,0.295525
test_08756,0.819844
test_08757,0.997482
test_08758,0.004522
test_08759,0.006386
test_08760,0.003386
test_08761,0.015294
test_08762,0.668644
test_08763,0.036139
test_08764,0.688221
test_08765,0.002252
test_08766,0.997431
test_08767,0.006023
test_08768,0.949966
test_08769,0.053791
test_08770,0.997379
test_08771,0.016131
test_08772,0.003618
test_08773,0.005260
test_08774,0.001936
test_08775,0.928420
test_08776,0.992144
test_08777,0.026779
test_08778,0.997422
test_08779,0.419241
test_08780,0.077765
test_08781,0.560927
test_08782,0.006016
test_08783,0.997644
test_08784,0.558245
test_08785,0.087665
test_08786,0.050317
test_08787,0.047685
test_08788,0.202668
test_08789,0.575712
test_08790,0.005595
test_08791,0.018109
test_08792,0.003328
test_08793,0.008806
test_08794,0.001753
test_08795,0.991436
test_08796,0.998372
test_08797,0.978108
test_08798,0.892708
test_08799,0.997881
test_08800,0.890236
test_08801,0.991155
test_08802,0.788800
test_08803,0.996272
test_08804,0.059875
test_08805,0.997359
test_08806,0.872970
test_08807,0.212152
test_08808,0.998140
test_08809,0.996435
test_08810,0.010402
test_08811,0.998286
test_08812,0.073929
test_08813,0.998330
test_08814,0.039526
test_08815,0.002028
test_08816,0.002115
test_08817,0.994153
test_08818,0.475379
test_08819,0.937741
test_08820,0.996114
test_08821,0.086414
test_08822,0.988705
test_08823,0.193221
test_08824,0.001514
test_08825,0.998365
test_08826,0.006543
test_08827,0.994488
test_08828,0.995986
test_08829,0.292548
test_08830,0.963064
test_08831,0.498532
test_08832,0.003171
test_08833,0.998128
test_08834,0.997125
test_08835,0.879575
test_08836,0.689311
test_08837,0.432627
test_08838,0.996120
test_08839,0.992755
test_08840,0.596320
test_08841,0.994383
test_08842,0.006263
test_08843,0.923713
test_08844,0.257488
test_08845,0.009796
test_08846,0.718439
test_08847,0.779145
test_08848,0.008398
test_08849,0.016976
test_08850,0.958885
test_08851,0.131788
test_08852,0.150261
test_08853,0.740304
test_08854,0.256802
test_08855,0.391026
test_08856,0.995539
test_08857,0.946860
test_08858,0.825537
test_08859,0.066056
test_08860,0.997720
test_08861,0.997728
test_08862,0.003323
test_08863,0.453414
test_08864,0.071031
test_08865,0.309358
test_08866,0.629024
test_08867,0.998426
test_08868,0.055394
test_08869,0.614759
test_08870,0.964721
test_08871,0.996508
test_08872,0.139951
test_08873,0.997275
test_08874,0.001846
test_08875,0.950094
test_08876,0.996644
test_08877,0.452423
test_08878,0.998118
test_08879,0.274465
test_08880,0.688438
test_08881,0.992963
test_08882,0.607435
test_08883,0.160641
test_08884,0.997477
test_08885,0.057019
test_08886,0.003764
test_08887,0.002328
test_08888,0.583040
test_08889,0.998048
test_08890,0.168246
test_08891,0.280931
test_08892,0.589333
test_08893,0.007590
test_08894,0.997826
test_08895,0.013434
test_08896,0.998165
test_08897,0.002446
test_08898,0.689956
test_08899,0.003124
test_08900,0.678782
test_08901,0.996283
test_08902,0.586584
test_08903,0.848141
test_08904,0.989610
test_08905,0.968083
test_08906,0.998010
test_08907,0.966565
test_08908,0.986443
test_08909,0.310742
test_08910,0.001867
test_08911,0.998312
test_08912,0.003331
test_08913,0.005816
test_08914,0.026329
test_08915,0.531662
test_08916,0.992348
test_08917,0.263793
test_08918,0.993651
test_08919,0.157660
test_08920,0.002380
test_08921,0.819438
test_08922,0.059696
test_08923,0.914891
test_08924,0.997676
test_08925,0.971829
test_08926,0.001691
test_08927,0.001823
test_08928,0.008625
test_08929,0.997841
test_08930,0.995357
test_08931,0.768196
test_08932,0.222394
test_08933,0.645184
test_08934,0.904009
test_08935,0.995311
test_08936,0.634976
test_08937,0.394721
test_08938,0.727783
test_08939,0.003046
test_08940,0.015901
test_08941,0.582526
test_08942,0.221671
test_08943,0.983929
test_08944,0.997529
test_08945,0.997199
test_08946,0.002059
test_08947,0.551964
test_08948,0.998451
test_08949,0.240748
test_08950,0.038089
test_08951,0.996828
test_08952,0.937234
test_08953,0.978929
test_08954,0.980188
test_08955,0.992685
test_08956,0.981017
test_08957,0.002354
test_08958,0.008197
test_08959,0.002796
test_08960,0.965420
test_08961,0.004154
test_08962,0.001610
test_08963,0.002010
test_08964,0.014367
test_08965,0.181240
test_08966,0.770023
test_08967,0.010451
test_08968,0.935467
test_08969,0.018970
test_08970,0.998133
test_08971,0.002089
test_08972,0.002987
test_08973,0.988329
test_08974,0.109023
test_08975,0.180310
test_08976,0.023886
test_08977,0.968440
test_08978,0.365147
test_08979,0.939865
test_08980,0.923052
test_08981,0.983459
test_08982,0.991268
test_08983,0.996045
test_08984,0.069315
test_08985,0.179547
test_08986,0.943221
test_08987,0.001737
test_08988,0.088401
test_08989,0.992270
test_08990,0.004845
test_08991,0.002480
test_08992,0.036128
test_08993,0.089139
test_08994,0.997874
test_08995,0.013366
test_08996,0.997070
test_08997,0.189718
test_08998,0.972680
test_08999,0.992481
test_09000,0.988982
test_09001,0.136172
test_09002,0.055391
test_09003,0.904845
test_09004,0.032889
test_09005,0.989512
test_09006,0.877821
test_09007,0.766499
test_09008,0.316598
test_09009,0.658733
test_09010,0.593986
test_09011,0.002476
test_09012,0.998201
test_09013,0.984499
test_09014,0.002486
test_09015,0.692837
test_09016,0.951041
test_09017,0.996912
test_09018,0.996651
test_09019,0.988286
test_09020,0.225900
test_09021,0.813371
test_09022,0.993070
test_09023,0.007845
test_09024,0.678125
test_09025,0.996894
test_09026,0.989321
test_09027,0.789287
test_09028,0.067288
test_09029,0.046376
test_09030,0.815818
test_09031,0.597133
test_09032,0.988769
test_09033,0.741151
test_09034,0.002110
test_09035,0.009578
test_09036,0.002900
test_09037,0.002509
test_09038,0.002369
test_09039,0.002836
test_09040,0.722834
test_09041,0.001668
test_09042,0.981624
test_09043,0.641236
test_09044,0.758509
test_09045,0.003920
test_09046,0.975110
test_09047,0.623648
test_09048,0.025041
test_09049,0.998293
test_09050,0.010205
test_09051,0.949153
test_09052,0.997448
test_09053,0.983135
test_09054,0.514975
test_09055,0.391865
test_09056,0.018590
test_09057,0.004973
test_09058,0.816101
test_09059,0.526247
test_09060,0.993873
test_09061,0.001986
test_09062,0.982074
test_09063,0.872287
test_09064,0.415963
test_09065,0.993449
test_09066,0.724591
test_09067,0.995099
test_09068,0.004588
test_09069,0.018854
test_09070,0.004720
test_09071,0.835185
test_09072,0.995684
test_09073,0.996260
test_09074,0.879230
test_09075,0.994447
test_09076,0.002150
test_09077,0.993707
test_09078,0.996828
test_09079,0.985761
test_09080,0.997004
test_09081,0.679383
test_09082,0.018475
test_09083,0.989156
test_09084,0.002215
test_09085,0.811567
test_09086,0.966571
test_09087,0.046288
test_09088,0.002297
test_09089,0.995137
test_09090,0.636301
test_09091,0.001596
test_09092,0.006530
test_09093,0.760757
test_09094,0.947937
test_09095,0.997074
test_09096,0.002559
test_09097,0.005072
test_09098,0.995923
test_09099,0.075299
test_09100,0.646713
test_09101,0.973805
test_09102,0.002002
test_09103,0.004040
test_09104,0.996471
test_09105,0.127093
test_09106,0.998144
test_09107,0.001597
test_09108,0.115240
test_09109,0.005272
test_09110,0.901526
test_09111,0.997044
test_09112,0.612599
test_09113,0.995598
test_09114,0.004597
test_09115,0.002608
test_09116,0.990918
test_09117,0.010085
test_09118,0.996317
test_09119,0.016584
test_09120,0.996805
test_09121,0.810988
test_09122,0.996836
test_09123,0.001886
test_09124,0.998523
test_09125,0.996085
test_09126,0.002099
test_09127,0.996712
test_09128,0.099752
test_09129,0.002515
test_09130,0.019959
test_09131,0.104810
test_09132,0.017519
test_09133,0.100922
test_09134,0.007619
test_09135,0.997449
test_09136,0.998166
test_09137,0.997204
test_09138,0.819373
test_09139,0.708017
test_09140,0.993946
test_09141,0.099205
test_09142,0.002417
test_09143,0.065129
test_09144,0.997080
test_09145,0.994796
test_09146,0.014466
test_09147,0.871392
test_09148,0.002138
test_09149,0.952522
test_09150,0.217398
test_09151,0.004109
test_09152,0.008852
test_09153,0.440899
test_09154,0.951463
test_09155,0.180321
test_09156,0.795556
test_09157,0.002145
test_09158,0.629981
test_09159,0.021354
test_09160,0.821144
test_09161,0.996038
test_09162,0.001888
test_09163,0.997706
test_09164,0.023411
test_09165,0.004048
test_09166,0.886697
test_09167,0.006158
test_09168,0.994259
test_09169,0.988446
test_09170,0.771563
test_09171,0.526157
test_09172,0.914392
test_09173,0.961515
test_09174,0.741037
test_09175,0.005019
test_09176,0.001701
test_09177,0.940251
test_09178,0.995545
test_09179,0.082629
test_09180,0.001841
test_09181,0.005705
test_09182,0.997333
test_09183,0.001873
test_09184,0.001972
test_09185,0.169111
test_09186,0.642482
test_09187,0.998490
test_09188,0.005985
test_09189,0.010779
test_09190,0.997733
test_09191,0.337958
test_09192,0.002681
test_09193,0.997928
test_09194,0.019026
test_09195,0.992884
test_09196,0.997910
test_09197,0.139796
test_09198,0.002541
test_09199,0.912674
test_09200,0.002819
test_09201,0.005646
test_09202,0.354125
test_09203,0.995539
test_09204,0.961564
test_09205,0.425059
test_09206,0.392234
test_09207,0.004147
test_09208,0.408188
test_09209,0.002869
test_09210,0.552989
test_09211,0.845431
test_09212,0.001771
test_09213,0.996615
test_09214,0.914851
test_09215,0.148019
test_09216,0.004546
test_09217,0.805499
test_09218,0.996065
test_09219,0.997572
test_09220,0.998270
test_09221,0.994952
test_09222,0.002124
test_09223,0.947891
test_09224,0.983511
test_09225,0.980102
test_09226,0.995372
test_09227,0.001692
test_09228,0.004507
test_09229,0.398584
test_09230,0.995846
test_09231,0.898197
test_09232,0.011632
test_09233,0.002293
test_09234,0.948082
test_09235,0.002943
test_09236,0.002452
test_09237,0.967889
test_09238,0.998295
test_09239,0.870818
test_09240,0.130904
test_09241,0.203851
test_09242,0.987841
test_09243,0.001760
test_09244,0.699708
test_09245,0.996489
test_09246,0.957124
test_09247,0.059467
test_09248,0.997597
test_09249,0.981647
test_09250,0.025279
test_09251,0.002131
test_09252,0.001839
test_09253,0.991800
test_09254,0.834183
test_09255,0.963905
test_09256,0.988326
test_09257,0.041485
test_09258,0.439608
test_09259,0.997699
test_09260,0.003474
test_09261,0.051994
test_09262,0.996688
test_09263,0.112968
test_09264,0.021188
test_09265,0.338054
test_09266,0.919801
test_09267,0.977538
test_09268,0.986233
test_09269,0.002984
test_09270,0.023546
test_09271,0.994289
test_09272,0.979087
test_09273,0.997072
test_09274,0.733352
test_09275,0.002212
test_09276,0.006366
test_09277,0.998278
test_09278,0.087415
test_09279,0.005540
test_09280,0.002128
test_09281,0.740042
test_09282,0.011072
test_09283,0.012615
test_09284,0.995501
test_09285,0.193994
test_09286,0.024814
test_09287,0.921769
test_09288,0.018464
test_09289,0.350468
test_09290,0.001769
test_09291,0.792287
test_09292,0.994457
test_09293,0.144446
test_09294,0.014226
test_09295,0.005555
test_09296,0.002084
test_09297,0.613530
test_09298,0.011467
test_09299,0.001864
test_09300,0.001734
test_09301,0.002291
test_09302,0.012354
test_09303,0.113044
test_09304,0.515960
test_09305,0.609676
test_09306,0.001661
test_09307,0.039125
test_09308,0.001925
test_09309,0.943608
test_09310,0.997811
test_09311,0.778490
test_09312,0.014485
test_09313,0.009413
test_09314,0.005056
test_09315,0.180036
test_09316,0.684933
test_09317,0.997591
test_09318,0.937671
test_09319,0.997790
test_09320,0.464362
test_09321,0.429946
test_09322,0.772830
test_09323,0.998102
test_09324,0.640728
test_09325,0.998041
test_09326,0.804312
test_09327,0.769378
test_09328,0.931301
test_09329,0.014859
test_09330,0.002562
test_09331,0.997380
test_09332,0.057913
test_09333,0.922552
test_09334,0.996865
test_09335,0.058450
test_09336,0.006064
test_09337,0.994123
test_09338,0.004734
test_09339,0.088279
test_09340,0.614725
test_09341,0.002885
test_09342,0.462089
test_09343,0.003131
test_09344,0.997462
test_09345,0.996266
test_09346,0.982461
test_09347,0.004205
test_09348,0.505148
test_09349,0.002054
test_09350,0.997974
test_09351,0.996312
test_09352,0.226087
test_09353,0.013461
test_09354,0.997010
test_09355,0.996920
test_09356,0.975728
test_09357,0.992894
test_09358,0.002282
test_09359,0.001814
test_09360,0.419902
test_09361,0.032985
test_09362,0.002092
test_09363,0.450962
test_09364,0.002361
test_09365,0.003104
test_09366,0.997677
test_09367,0.738438
test_09368,0.035763
test_09369,0.005920
test_09370,0.005518
test_09371,0.007324
test_09372,0.997068
test_09373,0.003096
test_09374,0.997023
test_09375,0.080765
test_09376,0.002357
test_09377,0.776176
test_09378,0.880215
test_09379,0.996751
test_09380,0.057936
test_09381,0.997264
test_09382,0.985165
test_09383,0.941436
test_09384,0.064760
test_09385,0.997066
test_09386,0.708994
test_09387,0.996516
test_09388,0.851296
test_09389,0.342317
test_09390,0.943726
test_09391,0.107614
test_09392,0.001796
test_09393,0.134437
test_09394,0.905291
test_09395,0.031989
test_09396,0.998251
test_09397,0.375831
test_09398,0.968984
test_09399,0.067336
test_09400,0.762860
test_09401,0.375849
test_09402,0.564665
test_09403,0.006646
test_09404,0.987148
test_09405,0.013857
test_09406,0.998311
test_09407,0.228169
test_09408,0.144155
test_09409,0.956968
test_09410,0.996023
test_09411,0.997498
test_09412,0.998049
test_09413,0.998273
test_09414,0.004287
test_09415,0.997499
test_09416,0.997389
test_09417,0.029350
test_09418,0.998545
test_09419,0.003724
test_09420,0.997927
test_09421,0.002949
test_09422,0.799294
test_09423,0.032252
test_09424,0.980609
test_09425,0.002642
test_09426,0.121416
test_09427,0.004194
test_09428,0.002281
test_09429,0.975842
test_09430,0.921323
test_09431,0.988736
test_09432,0.007329
test_09433,0.359758
test_09434,0.996584
test_09435,0.876066
test_09436,0.364019
test_09437,0.036220
test_09438,0.656651
test_09439,0.103106
test_09440,0.958674
test_09441,0.191141
test_09442,0.005186
test_09443,0.996176
test_09444,0.868916
test_09445,0.533898
test_09446,0.447842
test_09447,0.325082
test_09448,0.848533
test_09449,0.935566
test_09450,0.993734
test_09451,0.005911
test_09452,0.997877
test_09453,0.993347
test_09454,0.726937
test_09455,0.998058
test_09456,0.875164
test_09457,0.012434
test_09458,0.006029
test_09459,0.995042
test_09460,0.997472
test_09461,0.927136
test_09462,0.042360
test_09463,0.113292
test_09464,0.930346
test_09465,0.993879
test_09466,0.003185
test_09467,0.985470
test_09468,0.167413
test_09469,0.011296
test_09470,0.991931
test_09471,0.570488
test_09472,0.997951
test_09473,0.002764
test_09474,0.479600
test_09475,0.997418
test_09476,0.997798
test_09477,0.691465
test_09478,0.003308
test_09479,0.987215
test_09480,0.006477
test_09481,0.042897
test_09482,0.010960
test_09483,0.998041
test_09484,0.023780
test_09485,0.023055
test_09486,0.997566
test_09487,0.991062
test_09488,0.002751
test_09489,0.974298
test_09490,0.003969
test_09491,0.191659
test_09492,0.997803
test_09493,0.029530
test_09494,0.009566
test_09495,0.137290
test_09496,0.008757
test_09497,0.002806
test_09498,0.997002
test_09499,0.019933
test_09500,0.994880
test_09501,0.992113
test_09502,0.037571
test_09503,0.996820
test_09504,0.475536
test_09505,0.997473
test_09506,0.913848
test_09507,0.997522
test_09508,0.995886
test_09509,0.002578
test_09510,0.133487
test_09511,0.013148
test_09512,0.001967
test_09513,0.643743
test_09514,0.997510
test_09515,0.507076
test_09516,0.545243
test_09517,0.865641
test_09518,0.006880
test_09519,0.997572
test_09520,0.650425
test_09521,0.995620
test_09522,0.441847
test_09523,0.001958
test_09524,0.880086
test_09525,0.995762
test_09526,0.997781
test_09527,0.428273
test_09528,0.002788
test_09529,0.995322
test_09530,0.060556
test_09531,0.125801
test_09532,0.005486
test_09533,0.589949
test_09534,0.977397
test_09535,0.432185
test_09536,0.002582
test_09537,0.998019
test_09538,0.016121
test_09539,0.722339
test_09540,0.007499
test_09541,0.007508
test_09542,0.004743
test_09543,0.932508
test_09544,0.996943
test_09545,0.871805
test_09546,0.005103
test_09547,0.002084
test_09548,0.002047
test_09549,0.995415
test_09550,0.015415
test_09551,0.097576
test_09552,0.839991
test_09553,0.007318
test_09554,0.074080
test_09555,0.002154
test_09556,0.198170
test_09557,0.001938
test_09558,0.455426
test_09559,0.820188
test_09560,0.246649
test_09561,0.105224
test_09562,0.996887
test_09563,0.003750
test_09564,0.934748
test_09565,0.996790
test_09566,0.068190
test_09567,0.845457
test_09568,0.994167
test_09569,0.060752
test_09570,0.003827
test_09571,0.045490
test_09572,0.175379
test_09573,0.861934
test_09574,0.998357
test_09575,0.163999
test_09576,0.049931
test_09577,0.002364
test_09578,0.071300
test_09579,0.772565
test_09580,0.179969
test_09581,0.889713
test_09582,0.963854
test_09583,0.095792
test_09584,0.995387
test_09585,0.465401
test_09586,0.687750
test_09587,0.004731
test_09588,0.996303
test_09589,0.997976
test_09590,0.974535
test_09591,0.974329
test_09592,0.147027
test_09593,0.065967
test_09594,0.967145
test_09595,0.299149
test_09596,0.996916
test_09597,0.922291
test_09598,0.512911
test_09599,0.005473
test_09600,0.001626
test_09601,0.995248
test_09602,0.576734
test_09603,0.061446
test_09604,0.005583
test_09605,0.424323
test_09606,0.172505
test_09607,0.550262
test_09608,0.123681
test_09609,0.994435
test_09610,0.995424
test_09611,0.374646
test_09612,0.995329
test_09613,0.168501
test_09614,0.246467
test_09615,0.118281
test_09616,0.010247
test_09617,0.348492
test_09618,0.777197
test_09619,0.048073
test_09620,0.997224
test_09621,0.997814
test_09622,0.003215
test_09623,0.977640
test_09624,0.226151
test_09625,0.950011
test_09626,0.913424
test_09627,0.056161
test_09628,0.036664
test_09629,0.973947
test_09630,0.998372
test_09631,0.001833
test_09632,0.083459
test_09633,0.992925
test_09634,0.996648
test_09635,0.344718
test_09636,0.003790
test_09637,0.266882
test_09638,0.002968
test_09639,0.986458
test_09640,0.061059
test_09641,0.003280
test_09642,0.997475
test_09643,0.261964
test_09644,0.011228
test_09645,0.058752
test_09646,0.186545
test_09647,0.126370
test_09648,0.665005
test_09649,0.002868
test_09650,0.001511
test_09651,0.029511
test_09652,0.153215
test_09653,0.508499
test_09654,0.002900
test_09655,0.998350
test_09656,0.997521
test_09657,0.007224
test_09658,0.003830
test_09659,0.990870
test_09660,0.934664
test_09661,0.996760
test_09662,0.006628
test_09663,0.992462
test_09664,0.997193
test_09665,0.004346
test_09666,0.090588
test_09667,0.003524
test_09668,0.021520
test_09669,0.668995
test_09670,0.001703
test_09671,0.003581
test_09672,0.939565
test_09673,0.003317
test_09674,0.575836
test_09675,0.002478
test_09676,0.997190
test_09677,0.001790
test_09678,0.994421
test_09679,0.007653
test_09680,0.948321
test_09681,0.862031
test_09682,0.262958
test_09683,0.076126
test_09684,0.918044
test_09685,0.519392
test_09686,0.003554
test_09687,0.002457
test_09688,0.311969
test_09689,0.004645
test_09690,0.994907
test_09691,0.996759
test_09692,0.841652
test_09693,0.461653
test_09694,0.994519
test_09695,0.017118
test_09696,0.001365
test_09697,0.966305
test_09698,0.993776
test_09699,0.307638
test_09700,0.980949
test_09701,0.191608
test_09702,0.997741
test_09703,0.997082
test_09704,0.778256
test_09705,0.997772
test_09706,0.263110
test_09707,0.943898
test_09708,0.663914
test_09709,0.714814
test_09710,0.388282
test_09711,0.004892
test_09712,0.002201
test_09713,0.996552
test_09714,0.958220
test_09715,0.002717
test_09716,0.179388
test_09717,0.929638
test_09718,0.997702
test_09719,0.014963
test_09720,0.518756
test_09721,0.367115
test_09722,0.003177
test_09723,0.901828
test_09724,0.274958
test_09725,0.996842
test_09726,0.059461
test_09727,0.996006
test_09728,0.002997
test_09729,0.003560
test_09730,0.997097
test_09731,0.008255
test_09732,0.469626
test_09733,0.169620
test_09734,0.003058
test_09735,0.012883
test_09736,0.003502
test_09737,0.995175
test_09738,0.001888
test_09739,0.781680
test_09740,0.001635
test_09741,0.141035
test_09742,0.001586
test_09743,0.954149
test_09744,0.998318
test_09745,0.914861
test_09746,0.991050
test_09747,0.997614
test_09748,0.556719
test_09749,0.997666
test_09750,0.995051
test_09751,0.640655
test_09752,0.377437
test_09753,0.982261
test_09754,0.002574
test_09755,0.125294
test_09756,0.637665
test_09757,0.015501
test_09758,0.029322
test_09759,0.998228
test_09760,0.075972
test_09761,0.016941
test_09762,0.005322
test_09763,0.915615
test_09764,0.001559
test_09765,0.004283
test_09766,0.009653
test_09767,0.001845
test_09768,0.240559
test_09769,0.002017
test_09770,0.046599
test_09771,0.240267
test_09772,0.992880
test_09773,0.997371
test_09774,0.018604
test_09775,0.009486
test_09776,0.763065
test_09777,0.963632
test_09778,0.034670
test_09779,0.962070
test_09780,0.004079
test_09781,0.022443
test_09782,0.998152
test_09783,0.998098
test_09784,0.117338
test_09785,0.964047
test_09786,0.002726
test_09787,0.839365
test_09788,0.039661
test_09789,0.801264
test_09790,0.636642
test_09791,0.921305
test_09792,0.417739
test_09793,0.639855
test_09794,0.005834
test_09795,0.646609
test_09796,0.008495
test_09797,0.031937
test_09798,0.997776
test_09799,0.901778
test_09800,0.514143
test_09801,0.038103
test_09802,0.997526
test_09803,0.987961
test_09804,0.996295
test_09805,0.998550
test_09806,0.547494
test_09807,0.998193
test_09808,0.996461
test_09809,0.052854
test_09810,0.993219
test_09811,0.120562
test_09812,0.921034
test_09813,0.004140
test_09814,0.987152
test_09815,0.004344
test_09816,0.148684
test_09817,0.001552
test_09818,0.995707
test_09819,0.926753
test_09820,0.987079
test_09821,0.100234
test_09822,0.844013
test_09823,0.996949
test_09824,0.997672
test_09825,0.945183
test_09826,0.994194
test_09827,0.995660
test_09828,0.998194
test_09829,0.844309
test_09830,0.997606
test_09831,0.997819
test_09832,0.988143
test_09833,0.998377
test_09834,0.974604
test_09835,0.002125
test_09836,0.995147
test_09837,0.998677
test_09838,0.996499
test_09839,0.897149
test_09840,0.100795
test_09841,0.988323
test_09842,0.034242
test_09843,0.001695
test_09844,0.007184
test_09845,0.997111
test_09846,0.902978
test_09847,0.088363
test_09848,0.435755
test_09849,0.997290
test_09850,0.996642
test_09851,0.226734
test_09852,0.983179
test_09853,0.820859
test_09854,0.991967
test_09855,0.003397
test_09856,0.003087
test_09857,0.992694
test_09858,0.417882
test_09859,0.019500
test_09860,0.018999
test_09861,0.997865
test_09862,0.626786
test_09863,0.936572
test_09864,0.986692
test_09865,0.002431
test_09866,0.085022
test_09867,0.002801
test_09868,0.997730
test_09869,0.997793
test_09870,0.049062
test_09871,0.072965
test_09872,0.914281
test_09873,0.969425
test_09874,0.002009
test_09875,0.997453
test_09876,0.992271
test_09877,0.455817
test_09878,0.004034
test_09879,0.007264
test_09880,0.049026
test_09881,0.997311
test_09882,0.057799
test_09883,0.167853
test_09884,0.995080
test_09885,0.997995
test_09886,0.965851
test_09887,0.015252
test_09888,0.002059
test_09889,0.996721
test_09890,0.023570
test_09891,0.486808
test_09892,0.998057
test_09893,0.001904
test_09894,0.093632
test_09895,0.885591
test_09896,0.003570
test_09897,0.989979
test_09898,0.462891
test_09899,0.983613
test_09900,0.004268
test_09901,0.012042
test_09902,0.939904
test_09903,0.007461
test_09904,0.003378
test_09905,0.995650
test_09906,0.997281
test_09907,0.417166
test_09908,0.003255
test_09909,0.276474
test_09910,0.005183
test_09911,0.760737
test_09912,0.647962
test_09913,0.584019
test_09914,0.076880
test_09915,0.004784
test_09916,0.981025
test_09917,0.018264
test_09918,0.486379
test_09919,0.052008
test_09920,0.058983
test_09921,0.994157
test_09922,0.001884
test_09923,0.313419
test_09924,0.982594
test_09925,0.998027
test_09926,0.998435
test_09927,0.056182
test_09928,0.070822
test_09929,0.967989
test_09930,0.998426
test_09931,0.003160
test_09932,0.993027
test_09933,0.363388
test_09934,0.004086
test_09935,0.003036
test_09936,0.998044
test_09937,0.992656
test_09938,0.987761
test_09939,0.120256
test_09940,0.679849
test_09941,0.993416
test_09942,0.640400
test_09943,0.993330
test_09944,0.919089
test_09945,0.991019
test_09946,0.004297
test_09947,0.995049
test_09948,0.657323
test_09949,0.219149
test_09950,0.003630
test_09951,0.998099
test_09952,0.013672
test_09953,0.008924
test_09954,0.071692
test_09955,0.002196
test_09956,0.998160
test_09957,0.003152
test_09958,0.291715
test_09959,0.480150
test_09960,0.996585
test_09961,0.208513
test_09962,0.997535
test_09963,0.967557
test_09964,0.003636
test_09965,0.003779
test_09966,0.988219
test_09967,0.005725
test_09968,0.135612
test_09969,0.346251
test_09970,0.010075
test_09971,0.001786
test_09972,0.998510
test_09973,0.488420
test_09974,0.997925
test_09975,0.009212
test_09976,0.877359
test_09977,0.002172
test_09978,0.419736
test_09979,0.993653
test_09980,0.136133
test_09981,0.794377
test_09982,0.997053
test_09983,0.964481
test_09984,0.002748
test_09985,0.001792
test_09986,0.998093
test_09987,0.020397
test_09988,0.992494
test_09989,0.984339
test_09990,0.002099
test_09991,0.997642
test_09992,0.009736
test_09993,0.003132
test_09994,0.997995
test_09995,0.998601
test_09996,0.992505
test_09997,0.851822
test_09998,0.873006
test_09999,0.929183
test_10000,0.271260
test_10001,0.994406
test_10002,0.996863
test_10003,0.995988
test_10004,0.996229
test_10005,0.001785
test_10006,0.919061
test_10007,0.998002
test_10008,0.896202
test_10009,0.002079
test_10010,0.997123
test_10011,0.056910
test_10012,0.007460
test_10013,0.021337
test_10014,0.003401
test_10015,0.073748
test_10016,0.931280
test_10017,0.922797
test_10018,0.988538
test_10019,0.010366
test_10020,0.002288
test_10021,0.015506
test_10022,0.012816
test_10023,0.001628
test_10024,0.976736
test_10025,0.003645
test_10026,0.219285
test_10027,0.011550
test_10028,0.006080
test_10029,0.989403
test_10030,0.513132
test_10031,0.752431
test_10032,0.020600
test_10033,0.004812
test_10034,0.422748
test_10035,0.208037
test_10036,0.032711
test_10037,0.997705
test_10038,0.991021
test_10039,0.060343
test_10040,0.339920
test_10041,0.509288
test_10042,0.100305
test_10043,0.935196
test_10044,0.980636
test_10045,0.084611
test_10046,0.998276
test_10047,0.086427
test_10048,0.619499
test_10049,0.994214
test_10050,0.993977
test_10051,0.348675
test_10052,0.971602
test_10053,0.027895
test_10054,0.997671
test_10055,0.455678
test_10056,0.874067
test_10057,0.989311
test_10058,0.437047
test_10059,0.984777
test_10060,0.255870
test_10061,0.357623
test_10062,0.002938
test_10063,0.992283
test_10064,0.001427
test_10065,0.006410
test_10066,0.981070
test_10067,0.927622
test_10068,0.813522
test_10069,0.025145
test_10070,0.758913
test_10071,0.954195
test_10072,0.004767
test_10073,0.836399
test_10074,0.009757
test_10075,0.962350
test_10076,0.017242
test_10077,0.573291
test_10078,0.002289
test_10079,0.939548
test_10080,0.007863
test_10081,0.022073
test_10082,0.998553
test_10083,0.996944
test_10084,0.485419
test_10085,0.065328
test_10086,0.891630
test_10087,0.976525
test_10088,0.607907
test_10089,0.058818
test_10090,0.346330
test_10091,0.996758
test_10092,0.998187
test_10093,0.993846
test_10094,0.004211
test_10095,0.987673
test_10096,0.002060
test_10097,0.997288
test_10098,0.018199
test_10099,0.046659
test_10100,0.997868
test_10101,0.791419
test_10102,0.002934
test_10103,0.027095
test_10104,0.988622
test_10105,0.997928
test_10106,0.002623
test_10107,0.005973
test_10108,0.991006
test_10109,0.002397
test_10110,0.002793
test_10111,0.197358
test_10112,0.006865
test_10113,0.947061
test_10114,0.402765
test_10115,0.002940
test_10116,0.001999
test_10117,0.030244
test_10118,0.996961
test_10119,0.997888
test_10120,0.373634
test_10121,0.981655
test_10122,0.004131
test_10123,0.300943
test_10124,0.363475
test_10125,0.085965
test_10126,0.001983
test_10127,0.001336
test_10128,0.147442
test_10129,0.972511
test_10130,0.036501
test_10131,0.001510
test_10132,0.013136
test_10133,0.060053
test_10134,0.108859
test_10135,0.005152
test_10136,0.028111
test_10137,0.004172
test_10138,0.997225
test_10139,0.468861
test_10140,0.004437
test_10141,0.035881
test_10142,0.002405
test_10143,0.570060
test_10144,0.117085
test_10145,0.002052
test_10146,0.085650
test_10147,0.944580
test_10148,0.951640
test_10149,0.196088
test_10150,0.994314
test_10151,0.004462
test_10152,0.046044
test_10153,0.991774
test_10154,0.988764
test_10155,0.097710
test_10156,0.997259
test_10157,0.578998
test_10158,0.003005
test_10159,0.004766
test_10160,0.009295
test_10161,0.974658
test_10162,0.997702
test_10163,0.994376
test_10164,0.009215
test_10165,0.002566
test_10166,0.998645
test_10167,0.998621
test_10168,0.993000
test_10169,0.998235
test_10170,0.002648
test_10171,0.091141
test_10172,0.001805
test_10173,0.990494
test_10174,0.998003
test_10175,0.820550
test_10176,0.002980
test_10177,0.002334
test_10178,0.001732
test_10179,0.004058
test_10180,0.729679
test_10181,0.037297
test_10182,0.964340
test_10183,0.002434
test_10184,0.015068
test_10185,0.878124
test_10186,0.019096
test_10187,0.989706
test_10188,0.997659
test_10189,0.945510
test_10190,0.996677
test_10191,0.993620
test_10192,0.003386
test_10193,0.273528
test_10194,0.437788
test_10195,0.892584
test_10196,0.009596
test_10197,0.848063
test_10198,0.015619
test_10199,0.006922
test_10200,0.496431
test_10201,0.001897
test_10202,0.878093
test_10203,0.996399
test_10204,0.001732
test_10205,0.872708
test_10206,0.038175
test_10207,0.003075
test_10208,0.993784
test_10209,0.997363
test_10210,0.892544
test_10211,0.457896
test_10212,0.998083
test_10213,0.034459
test_10214,0.946050
test_10215,0.231724
test_10216,0.895240
test_10217,0.816077
test_10218,0.622788
test_10219,0.785813
test_10220,0.522079
test_10221,0.164330
test_10222,0.997144
test_10223,0.319120
test_10224,0.396314
test_10225,0.069229
test_10226,0.002108
test_10227,0.004157
test_10228,0.002059
test_10229,0.212087
test_10230,0.005547
test_10231,0.936191
test_10232,0.983034
test_10233,0.747757
test_10234,0.005411
test_10235,0.187150
test_10236,0.517686
test_10237,0.252467
test_10238,0.004063
test_10239,0.101877
test_10240,0.993997
test_10241,0.034633
test_10242,0.986563
test_10243,0.942888
test_10244,0.175628
test_10245,0.437426
test_10246,0.939540
test_10247,0.981041
test_10248,0.644075
test_10249,0.009376
test_10250,0.781376
test_10251,0.971397
test_10252,0.002308
test_10253,0.910633
test_10254,0.003241
test_10255,0.010746
test_10256,0.992816
test_10257,0.002466
test_10258,0.997489
test_10259,0.119063
test_10260,0.987475
test_10261,0.998553
test_10262,0.420990
test_10263,0.997696
test_10264,0.872398
test_10265,0.008867
test_10266,0.005081
test_10267,0.987380
test_10268,0.995358
test_10269,0.634043
test_10270,0.002368
test_10271,0.041266
test_10272,0.156696
test_10273,0.011765
test_10274,0.890240
test_10275,0.996544
test_10276,0.997418
test_10277,0.994803
test_10278,0.709880
test_10279,0.727939
test_10280,0.538496
test_10281,0.011555
test_10282,0.008642
test_10283,0.003003
test_10284,0.998185
test_10285,0.419845
test_10286,0.124023
test_10287,0.421155
test_10288,0.997995
test_10289,0.147217
test_10290,0.970629
test_10291,0.875949
test_10292,0.114330
test_10293,0.998094
test_10294,0.041124
test_10295,0.722538
test_10296,0.997907
test_10297,0.497157
test_10298,0.003783
test_10299,0.005629
test_10300,0.162385
test_10301,0.292458
test_10302,0.996546
test_10303,0.998563
test_10304,0.670155
test_10305,0.900027
test_10306,0.013379
test_10307,0.003559
test_10308,0.016891
test_10309,0.994533
test_10310,0.120907
test_10311,0.049053
test_10312,0.011955
test_10313,0.097536
test_10314,0.985836
test_10315,0.020871
test_10316,0.993507
test_10317,0.002460
test_10318,0.981587
test_10319,0.650649
test_10320,0.986131
test_10321,0.989846
test_10322,0.002454
test_10323,0.038166
test_10324,0.005431
test_10325,0.998379
test_10326,0.989804
test_10327,0.968562
test_10328,0.012687
test_10329,0.997128
test_10330,0.001836
test_10331,0.951037
test_10332,0.997519
test_10333,0.997563
test_10334,0.122840
test_10335,0.123872
test_10336,0.998023
test_10337,0.321858
test_10338,0.574055
test_10339,0.995925
test_10340,0.993093
test_10341,0.003086
test_10342,0.033403
test_10343,0.745913
test_10344,0.770125
test_10345,0.042987
test_10346,0.994525
test_10347,0.980525
test_10348,0.755356
test_10349,0.026153
test_10350,0.503268
test_10351,0.001811
test_10352,0.003048
test_10353,0.005089
test_10354,0.998224
test_10355,0.301028
test_10356,0.003354
test_10357,0.001936
test_10358,0.997114
test_10359,0.002115
test_10360,0.332240
test_10361,0.996777
test_10362,0.992401
test_10363,0.636855
test_10364,0.994958
test_10365,0.012381
test_10366,0.005745
test_10367,0.865247
test_10368,0.144004
test_10369,0.478969
test_10370,0.765204
test_10371,0.989330
test_10372,0.006571
test_10373,0.987892
test_10374,0.002490
test_10375,0.997695
test_10376,0.949999
test_10377,0.003283
test_10378,0.021154
test_10379,0.350490
test_10380,0.997997
test_10381,0.935988
test_10382,0.984074
test_10383,0.037007
test_10384,0.003551
test_10385,0.107993
test_10386,0.985793
test_10387,0.998043
test_10388,0.002583
test_10389,0.002459
test_10390,0.002946
test_10391,0.004531
test_10392,0.160822
test_10393,0.002893
test_10394,0.244962
test_10395,0.830024
test_10396,0.129181
test_10397,0.001923
test_10398,0.996718
test_10399,0.001585
test_10400,0.994680
test_10401,0.023907
test_10402,0.281209
test_10403,0.002112
test_10404,0.179477
test_10405,0.770035
test_10406,0.998305
test_10407,0.992687
test_10408,0.997277
test_10409,0.008281
test_10410,0.007967
test_10411,0.980158
test_10412,0.004066
test_10413,0.243684
test_10414,0.001889
test_10415,0.994488
test_10416,0.035024
test_10417,0.578605
test_10418,0.819451
test_10419,0.996204
test_10420,0.176170
test_10421,0.893047
test_10422,0.008680
test_10423,0.997105
test_10424,0.996881
test_10425,0.311065
test_10426,0.922725
test_10427,0.997367
test_10428,0.520883
test_10429,0.044431
test_10430,0.043263
test_10431,0.042850
test_10432,0.072640
test_10433,0.997609
test_10434,0.993751
test_10435,0.167232
test_10436,0.005998
test_10437,0.021545
test_10438,0.998376
test_10439,0.134860
test_10440,0.001665
test_10441,0.595475
test_10442,0.002400
test_10443,0.987555
test_10444,0.583085
test_10445,0.429677
test_10446,0.998083
test_10447,0.997217
test_10448,0.007915
test_10449,0.972296
test_10450,0.992471
test_10451,0.995528
test_10452,0.882647
test_10453,0.216038
test_10454,0.025412
test_10455,0.091443
test_10456,0.005135
test_10457,0.997417
test_10458,0.012850
test_10459,0.776352
test_10460,0.885606
test_10461,0.364920
test_10462,0.302418
test_10463,0.001818
test_10464,0.595956
test_10465,0.009638
test_10466,0.997777
test_10467,0.997689
test_10468,0.984194
test_10469,0.056346
test_10470,0.993607
test_10471,0.315899
test_10472,0.994080
test_10473,0.998234
test_10474,0.996618
test_10475,0.996487
test_10476,0.001718
test_10477,0.484912
test_10478,0.003776
test_10479,0.995890
test_10480,0.994488
test_10481,0.394535
test_10482,0.379802
test_10483,0.527620
test_10484,0.993046
test_10485,0.001918
test_10486,0.011535
test_10487,0.997280
test_10488,0.001962
test_10489,0.067394
test_10490,0.998225
test_10491,0.004846
test_10492,0.150599
test_10493,0.997417
test_10494,0.024883
test_10495,0.985592
test_10496,0.001553
test_10497,0.002974
test_10498,0.002219
test_10499,0.978340
test_10500,0.990089
test_10501,0.031647
test_10502,0.002180
test_10503,0.673360
test_10504,0.025097
test_10505,0.818688
test_10506,0.995520
test_10507,0.263909
test_10508,0.998157
test_10509,0.890096
test_10510,0.903633
test_10511,0.005821
test_10512,0.002093
test_10513,0.996861
test_10514,0.996307
test_10515,0.003057
test_10516,0.854604
test_10517,0.966513
test_10518,0.481471
test_10519,0.003270
test_10520,0.997239
test_10521,0.997249
test_10522,0.433926
test_10523,0.707247
test_10524,0.997916
test_10525,0.992028
test_10526,0.981347
test_10527,0.873733
test_10528,0.997815
test_10529,0.997902
test_10530,0.330546
test_10531,0.998270
test_10532,0.023738
test_10533,0.985709
test_10534,0.002938
test_10535,0.143629
test_10536,0.995363
test_10537,0.828848
test_10538,0.032479
test_10539,0.996815
test_10540,0.003427
test_10541,0.004402
test_10542,0.991031
test_10543,0.997876
test_10544,0.020340
test_10545,0.493134
test_10546,0.997409
test_10547,0.996088
test_10548,0.204101
test_10549,0.142683
test_10550,0.990338
test_10551,0.001852
test_10552,0.984552
test_10553,0.008693
test_10554,0.971610
test_10555,0.966937
test_10556,0.017596
test_10557,0.906279
test_10558,0.017103
test_10559,0.792305
test_10560,0.997268
test_10561,0.534826
test_10562,0.613268
test_10563,0.994997
test_10564,0.997834
test_10565,0.622019
test_10566,0.998267
test_10567,0.088327
test_10568,0.998297
test_10569,0.004597
test_10570,0.023793
test_10571,0.986077
test_10572,0.996879
test_10573,0.997915
test_10574,0.424888
test_10575,0.789702
test_10576,0.744998
test_10577,0.607252
test_10578,0.020618
test_10579,0.001859
test_10580,0.768245
test_10581,0.023409
test_10582,0.996922
test_10583,0.009755
test_10584,0.620974
test_10585,0.004907
test_10586,0.002725
test_10587,0.699100
test_10588,0.056756
test_10589,0.006896
test_10590,0.037141
test_10591,0.002966
test_10592,0.010103
test_10593,0.997349
test_10594,0.981106
test_10595,0.010709
test_10596,0.971599
test_10597,0.004073
test_10598,0.933804
test_10599,0.206389
test_10600,0.004838
test_10601,0.004483
test_10602,0.676627
test_10603,0.997679
test_10604,0.997095
test_10605,0.995984
test_10606,0.993751
test_10607,0.998030
test_10608,0.207120
test_10609,0.996985
test_10610,0.002847
test_10611,0.846757
test_10612,0.012389
test_10613,0.002514
test_10614,0.005990
test_10615,0.998284
test_10616,0.997568
test_10617,0.691132
test_10618,0.989500
test_10619,0.855415
test_10620,0.994624
test_10621,0.890205
test_10622,0.984397
test_10623,0.002697
test_10624,0.994198
test_10625,0.402999
test_10626,0.004080
test_10627,0.323788
test_10628,0.994826
test_10629,0.774931
test_10630,0.997746
test_10631,0.082913
test_10632,0.971912
test_10633,0.998545
test_10634,0.994369
test_10635,0.002727
test_10636,0.997528
test_10637,0.882509
test_10638,0.002202
test_10639,0.990005
test_10640,0.004801
test_10641,0.997902
test_10642,0.837825
test_10643,0.934614
test_10644,0.851477
test_10645,0.412626
test_10646,0.080340
test_10647,0.006336
test_10648,0.841877
test_10649,0.808142
test_10650,0.757930
test_10651,0.735993
test_10652,0.070686
test_10653,0.998221
test_10654,0.389210
test_10655,0.004030
test_10656,0.995719
test_10657,0.030554
test_10658,0.997399
test_10659,0.001986
test_10660,0.095116
test_10661,0.905967
test_10662,0.001916
test_10663,0.009045
test_10664,0.997465
test_10665,0.919191
test_10666,0.818763
test_10667,0.004032
test_10668,0.998209
test_10669,0.874250
test_10670,0.002385
test_10671,0.625281
test_10672,0.006415
test_10673,0.402526
test_10674,0.361003
test_10675,0.003746
test_10676,0.988683
test_10677,0.997286
test_10678,0.993204
test_10679,0.989989
test_10680,0.064072
test_10681,0.995817
test_10682,0.993191
test_10683,0.002337
test_10684,0.002152
test_10685,0.036620
test_10686,0.997772
test_10687,0.196090
test_10688,0.056423
test_10689,0.002119
test_10690,0.017292
test_10691,0.029564
test_10692,0.987127
test_10693,0.002638
test_10694,0.959443
test_10695,0.991114
test_10696,0.083137
test_10697,0.006376
test_10698,0.883396
test_10699,0.939822
test_10700,0.012613
test_10701,0.562336
test_10702,0.006212
test_10703,0.366212
test_10704,0.701909
test_10705,0.991264
test_10706,0.015872
test_10707,0.992189
test_10708,0.997461
test_10709,0.991230
test_10710,0.991561
test_10711,0.994545
test_10712,0.997290
test_10713,0.002163
test_10714,0.510662
test_10715,0.001753
test_10716,0.775127
test_10717,0.918970
test_10718,0.117934
test_10719,0.990091
test_10720,0.998018
test_10721,0.004225
test_10722,0.994987
test_10723,0.146684
test_10724,0.064057
test_10725,0.008550
test_10726,0.977334
test_10727,0.002448
test_10728,0.002235
test_10729,0.001813
test_10730,0.013914
test_10731,0.003102
test_10732,0.610788
test_10733,0.001745
test_10734,0.005910
test_10735,0.982378
test_10736,0.005809
test_10737,0.005981
test_10738,0.998143
test_10739,0.467837
test_10740,0.866645
test_10741,0.993645
test_10742,0.002254
test_10743,0.138709
test_10744,0.002493
test_10745,0.002559
test_10746,0.160715
test_10747,0.995280
test_10748,0.960082
test_10749,0.997261
test_10750,0.988841
test_10751,0.003444
test_10752,0.809677
test_10753,0.997725
test_10754,0.998387
test_10755,0.003679
test_10756,0.336148
test_10757,0.003477
test_10758,0.002675
test_10759,0.982124
test_10760,0.005844
test_10761,0.003337
test_10762,0.984649
test_10763,0.921804
test_10764,0.980636
test_10765,0.906534
test_10766,0.995735
test_10767,0.035447
test_10768,0.997605
test_10769,0.028800
test_10770,0.002615
test_10771,0.987463
test_10772,0.002165
test_10773,0.997525
test_10774,0.456525
test_10775,0.165378
test_10776,0.194104
test_10777,0.005170
test_10778,0.977061
test_10779,0.867756
test_10780,0.998367
test_10781,0.995109
test_10782,0.795435
test_10783,0.083695
test_10784,0.013944
test_10785,0.976694
test_10786,0.996743
test_10787,0.997271
test_10788,0.134920
test_10789,0.012937
test_10790,0.048237
test_10791,0.585413
test_10792,0.911894
test_10793,0.600367
test_10794,0.970089
test_10795,0.001479
test_10796,0.997916
test_10797,0.900845
test_10798,0.997671
test_10799,0.002007
test_10800,0.993885
test_10801,0.003137
test_10802,0.171494
test_10803,0.998100
test_10804,0.453037
test_10805,0.013454
test_10806,0.997328
test_10807,0.998055
test_10808,0.998231
test_10809,0.993956
test_10810,0.882374
test_10811,0.479990
test_10812,0.002063
test_10813,0.001929
test_10814,0.002361
test_10815,0.751820
test_10816,0.467920
test_10817,0.992001
test_10818,0.998160
test_10819,0.931684
test_10820,0.001462
test_10821,0.011632
test_10822,0.930163
test_10823,0.501349
test_10824,0.002526
test_10825,0.991719
test_10826,0.997331
test_10827,0.722797
test_10828,0.995376
test_10829,0.064413
test_10830,0.997600
test_10831,0.665311
test_10832,0.515578
test_10833,0.904627
test_10834,0.721574
test_10835,0.016239
test_10836,0.004506
test_10837,0.071916
test_10838,0.001788
test_10839,0.077751
test_10840,0.993953
test_10841,0.008493
test_10842,0.511197
test_10843,0.001944
test_10844,0.035227
test_10845,0.003521
test_10846,0.996210
test_10847,0.021906
test_10848,0.023949
test_10849,0.017784
test_10850,0.002404
test_10851,0.001546
test_10852,0.106576
test_10853,0.888518
test_10854,0.457836
test_10855,0.003248
test_10856,0.043355
test_10857,0.985375
test_10858,0.328014
test_10859,0.996865
test_10860,0.043900
test_10861,0.848257
test_10862,0.951001
test_10863,0.985312
test_10864,0.161475
test_10865,0.544840
test_10866,0.996315
test_10867,0.986687
test_10868,0.003542
test_10869,0.084102
test_10870,0.039717
test_10871,0.004616
test_10872,0.997377
test_10873,0.996043
test_10874,0.214558
test_10875,0.633724
test_10876,0.015859
test_10877,0.984681
test_10878,0.997964
test_10879,0.003224
test_10880,0.545434
test_10881,0.001797
test_10882,0.001662
test_10883,0.339204
test_10884,0.996695
test_10885,0.717658
test_10886,0.940905
test_10887,0.998029
test_10888,0.997744
test_10889,0.158681
test_10890,0.026427
test_10891,0.228098
test_10892,0.937330
test_10893,0.015418
test_10894,0.002884
test_10895,0.846811
test_10896,0.003938
test_10897,0.220501
test_10898,0.926941
test_10899,0.935982
test_10900,0.235202
test_10901,0.995639
test_10902,0.998501
test_10903,0.979475
test_10904,0.998373
test_10905,0.996153
test_10906,0.996581
test_10907,0.002725
test_10908,0.195089
test_10909,0.995415
test_10910,0.003974
test_10911,0.001581
test_10912,0.997140
test_10913,0.003924
test_10914,0.966785
test_10915,0.446822
test_10916,0.015918
test_10917,0.987252
test_10918,0.043584
test_10919,0.048093
test_10920,0.998328
test_10921,0.925770
test_10922,0.815171
test_10923,0.983996
test_10924,0.986636
test_10925,0.867683
test_10926,0.030742
test_10927,0.846107
test_10928,0.003133
test_10929,0.002263
test_10930,0.967627
test_10931,0.078070
test_10932,0.892404
test_10933,0.996345
test_10934,0.001930
test_10935,0.001760
test_10936,0.989900
test_10937,0.712064
test_10938,0.002669
test_10939,0.954549
test_10940,0.002650
test_10941,0.026542
test_10942,0.031324
test_10943,0.005104
test_10944,0.998424
test_10945,0.001835
test_10946,0.002066
test_10947,0.988323
test_10948,0.070924
test_10949,0.003339
test_10950,0.270836
test_10951,0.930040
test_10952,0.002978
test_10953,0.832232
test_10954,0.996915
test_10955,0.995872
test_10956,0.002159
test_10957,0.001621
test_10958,0.004194
test_10959,0.650058
test_10960,0.941615
test_10961,0.658112
test_10962,0.036628
test_10963,0.020378
test_10964,0.001859
test_10965,0.036998
test_10966,0.036543
test_10967,0.922897
test_10968,0.003266
test_10969,0.961513
test_10970,0.008195
test_10971,0.805579
test_10972,0.996953
test_10973,0.003691
test_10974,0.013645
test_10975,0.997009
test_10976,0.997647
test_10977,0.582091
test_10978,0.977815
test_10979,0.002574
test_10980,0.420097
test_10981,0.995194
test_10982,0.998188
test_10983,0.004440
test_10984,0.983362
test_10985,0.978634
test_10986,0.016348
test_10987,0.998535
test_10988,0.008121
test_10989,0.013735
test_10990,0.010089
test_10991,0.002860
test_10992,0.995436
test_10993,0.993541
test_10994,0.017767
test_10995,0.010168
test_10996,0.979588
test_10997,0.988748
test_10998,0.019735
test_10999,0.032722
test_11000,0.014612
test_11001,0.534813
test_11002,0.490033
test_11003,0.002483
test_11004,0.009835
test_11005,0.760573
test_11006,0.002607
test_11007,0.004829
test_11008,0.029397
test_11009,0.001991
test_11010,0.965802
test_11011,0.326533
test_11012,0.030102
test_11013,0.040861
test_11014,0.979677
test_11015,0.205344
test_11016,0.006981
test_11017,0.179546
test_11018,0.993537
test_11019,0.068972
test_11020,0.541313
test_11021,0.987806
test_11022,0.009000
test_11023,0.070247
test_11024,0.997323
test_11025,0.998086
test_11026,0.997373
test_11027,0.995917
test_11028,0.364257
test_11029,0.980831
test_11030,0.867861
test_11031,0.042698
test_11032,0.005234
test_11033,0.216487
test_11034,0.011999
test_11035,0.997748
test_11036,0.997045
test_11037,0.038123
test_11038,0.997225
test_11039,0.738077
test_11040,0.998210
test_11041,0.028112
test_11042,0.066367
test_11043,0.809346
test_11044,0.997306
test_11045,0.997301
test_11046,0.996698
test_11047,0.991879
test_11048,0.394931
test_11049,0.076848
test_11050,0.003368
test_11051,0.840491
test_11052,0.996092
test_11053,0.994869
test_11054,0.162614
test_11055,0.006174
test_11056,0.440069
test_11057,0.002536
test_11058,0.658773
test_11059,0.001601
test_11060,0.654460
test_11061,0.003301
test_11062,0.995289
test_11063,0.907686
test_11064,0.989648
test_11065,0.995206
test_11066,0.994769
test_11067,0.046784
test_11068,0.002921
test_11069,0.996123
test_11070,0.917076
test_11071,0.998440
test_11072,0.023033
test_11073,0.002533
test_11074,0.037463
test_11075,0.998239
test_11076,0.929495
test_11077,0.001491
test_11078,0.025610
test_11079,0.986126
test_11080,0.002174
test_11081,0.069183
test_11082,0.001938
test_11083,0.005840
test_11084,0.997751
test_11085,0.006367
test_11086,0.307298
test_11087,0.679337
test_11088,0.003242
test_11089,0.480302
test_11090,0.924821
test_11091,0.897077
test_11092,0.004004
test_11093,0.236412
test_11094,0.832494
test_11095,0.998299
test_11096,0.030701
test_11097,0.201447
test_11098,0.003011
test_11099,0.984196
test_11100,0.995539
test_11101,0.002312
test_11102,0.884809
test_11103,0.998274
test_11104,0.313206
test_11105,0.002710
test_11106,0.808161
test_11107,0.993605
test_11108,0.996207
test_11109,0.998253
test_11110,0.991959
test_11111,0.690120
test_11112,0.385102
test_11113,0.389698
test_11114,0.989088
test_11115,0.994993
test_11116,0.996658
test_11117,0.320480
test_11118,0.980399
test_11119,0.966241
test_11120,0.120177
test_11121,0.996017
test_11122,0.782995
test_11123,0.894031
test_11124,0.996267
test_11125,0.998182
test_11126,0.996991
test_11127,0.905733
test_11128,0.111370
test_11129,0.330915
test_11130,0.988116
test_11131,0.004593
test_11132,0.988985
test_11133,0.005571
test_11134,0.422672
test_11135,0.777592
test_11136,0.998246
test_11137,0.893267
test_11138,0.909881
test_11139,0.696502
test_11140,0.117906
test_11141,0.939966
test_11142,0.002902
test_11143,0.807606
test_11144,0.991074
test_11145,0.001855
test_11146,0.002376
test_11147,0.995517
test_11148,0.001709
test_11149,0.001904
test_11150,0.996828
test_11151,0.667858
test_11152,0.659082
test_11153,0.991209
test_11154,0.951378
test_11155,0.019361
test_11156,0.013142
test_11157,0.997270
test_11158,0.002546
test_11159,0.002627
test_11160,0.072654
test_11161,0.564212
test_11162,0.002285
test_11163,0.002354
test_11164,0.448344
test_11165,0.883863
test_11166,0.863594
test_11167,0.002511
test_11168,0.004739
test_11169,0.996794
test_11170,0.002372
test_11171,0.330373
test_11172,0.964434
test_11173,0.975096
test_11174,0.002586
test_11175,0.018407
test_11176,0.179804
test_11177,0.018236
test_11178,0.001628
test_11179,0.004161
test_11180,0.998278
test_11181,0.894817
test_11182,0.410585
test_11183,0.811532
test_11184,0.993680
test_11185,0.933995
test_11186,0.001389
test_11187,0.008951
test_11188,0.998137
test_11189,0.272175
test_11190,0.009966
test_11191,0.896531
test_11192,0.406522
test_11193,0.002961
test_11194,0.007240
test_11195,0.976384
test_11196,0.153722
test_11197,0.988379
test_11198,0.983931
test_11199,0.005861
test_11200,0.004614
test_11201,0.667546
test_11202,0.050173
test_11203,0.948792
test_11204,0.905610
test_11205,0.002662
test_11206,0.920875
test_11207,0.002501
test_11208,0.988265
test_11209,0.001999
test_11210,0.986229
test_11211,0.021580
test_11212,0.867218
test_11213,0.004283
test_11214,0.004721
test_11215,0.001901
test_11216,0.013573
test_11217,0.994280
test_11218,0.996326
test_11219,0.774630
test_11220,0.972622
test_11221,0.738868
test_11222,0.001682
test_11223,0.002515
test_11224,0.683783
test_11225,0.008227
test_11226,0.034668
test_11227,0.994853
test_11228,0.004834
test_11229,0.715080
test_11230,0.004801
test_11231,0.717304
test_11232,0.569725
test_11233,0.324105
test_11234,0.997789
test_11235,0.334224
test_11236,0.513124
test_11237,0.007048
test_11238,0.915701
test_11239,0.215273
test_11240,0.995770
test_11241,0.850967
test_11242,0.998489
test_11243,0.457834
test_11244,0.131687
test_11245,0.002434
test_11246,0.991534
test_11247,0.013635
test_11248,0.592586
test_11249,0.002860
test_11250,0.992880
test_11251,0.988009
test_11252,0.002575
test_11253,0.093903
test_11254,0.918790
test_11255,0.140148
test_11256,0.503673
test_11257,0.962337
test_11258,0.929818
test_11259,0.009503
test_11260,0.005082
test_11261,0.010445
test_11262,0.997631
test_11263,0.606224
test_11264,0.094372
test_11265,0.400818
test_11266,0.003941
test_11267,0.006436
test_11268,0.861502
test_11269,0.119993
test_11270,0.994153
test_11271,0.246462
test_11272,0.007129
test_11273,0.918055
test_11274,0.986202
test_11275,0.002578
test_11276,0.006857
test_11277,0.988251
test_11278,0.001746
test_11279,0.471370
test_11280,0.951674
test_11281,0.313904
test_11282,0.045244
test_11283,0.023524
test_11284,0.720824
test_11285,0.006698
test_11286,0.006656
test_11287,0.960583
test_11288,0.786582
test_11289,0.005898
test_11290,0.996485
test_11291,0.942666
test_11292,0.997551
test_11293,0.003919
test_11294,0.988572
test_11295,0.998028
test_11296,0.003327
test_11297,0.996980
test_11298,0.302981
test_11299,0.768515
test_11300,0.976915
test_11301,0.935670
test_11302,0.001529
test_11303,0.358576
test_11304,0.996434
test_11305,0.315054
test_11306,0.990828
test_11307,0.981178
test_11308,0.986370
test_11309,0.003904
test_11310,0.296440
test_11311,0.074787
test_11312,0.710414
test_11313,0.004291
test_11314,0.007071
test_11315,0.102986
test_11316,0.066083
test_11317,0.987078
test_11318,0.041999
test_11319,0.007438
test_11320,0.002898
test_11321,0.018617
test_11322,0.010185
test_11323,0.003669
test_11324,0.001950
test_11325,0.993167
test_11326,0.002637
test_11327,0.524344
test_11328,0.998336
test_11329,0.004239
test_11330,0.330775
test_11331,0.082682
test_11332,0.998447
test_11333,0.159167
test_11334,0.462050
test_11335,0.914588
test_11336,0.443054
test_11337,0.860161
test_11338,0.030140
test_11339,0.346633
test_11340,0.124652
test_11341,0.984959
test_11342,0.002102
test_11343,0.996845
test_11344,0.003840
test_11345,0.005311
test_11346,0.172489
test_11347,0.988569
test_11348,0.114554
test_11349,0.005134
test_11350,0.155452
test_11351,0.002379
test_11352,0.005481
test_11353,0.997799
test_11354,0.001619
test_11355,0.005691
test_11356,0.031318
test_11357,0.009694
test_11358,0.009674
test_11359,0.117099
test_11360,0.460120
test_11361,0.008268
test_11362,0.002178
test_11363,0.001825
test_11364,0.002032
test_11365,0.040046
test_11366,0.908198
test_11367,0.002715
test_11368,0.004285
test_11369,0.368829
test_11370,0.700610
test_11371,0.014232
test_11372,0.005987
test_11373,0.005000
test_11374,0.894833
test_11375,0.093617
test_11376,0.001709
test_11377,0.479362
test_11378,0.507407
test_11379,0.002886
test_11380,0.002253
test_11381,0.006472
test_11382,0.732364
test_11383,0.017260
test_11384,0.011531
test_11385,0.939464
test_11386,0.997754
test_11387,0.993944
test_11388,0.002989
test_11389,0.002021
test_11390,0.413352
test_11391,0.987658
test_11392,0.943692
test_11393,0.814976
test_11394,0.026899
test_11395,0.341783
test_11396,0.260545
test_11397,0.002684
test_11398,0.495949
test_11399,0.453927
test_11400,0.073931
test_11401,0.989742
test_11402,0.995661
test_11403,0.331285
test_11404,0.987930
test_11405,0.079383
test_11406,0.008807
test_11407,0.013346
test_11408,0.771439
test_11409,0.112976
test_11410,0.055583
test_11411,0.008491
test_11412,0.975978
test_11413,0.003782
test_11414,0.003042
test_11415,0.996148
test_11416,0.004624
test_11417,0.945573
test_11418,0.499251
test_11419,0.997891
test_11420,0.011840
test_11421,0.091272
test_11422,0.813907
test_11423,0.048651
test_11424,0.924739
test_11425,0.012557
test_11426,0.083584
test_11427,0.997250
test_11428,0.007109
test_11429,0.597148
test_11430,0.055636
test_11431,0.997077
test_11432,0.446223
test_11433,0.002919
test_11434,0.995118
test_11435,0.997599
test_11436,0.627470
test_11437,0.498689
test_11438,0.009281
test_11439,0.005459
test_11440,0.010003
test_11441,0.480119
test_11442,0.002912
test_11443,0.801021
test_11444,0.347989
test_11445,0.717201
test_11446,0.001924
test_11447,0.914436
test_11448,0.058487
test_11449,0.871900
test_11450,0.991463
test_11451,0.662205
test_11452,0.915217
test_11453,0.005992
test_11454,0.003002
test_11455,0.002027
test_11456,0.002144
test_11457,0.971123
test_11458,0.527747
test_11459,0.002624
test_11460,0.965295
test_11461,0.983319
test_11462,0.934689
test_11463,0.462849
test_11464,0.997763
test_11465,0.431365
test_11466,0.984362
test_11467,0.002505
test_11468,0.944486
test_11469,0.001770
test_11470,0.190781
test_11471,0.937730
test_11472,0.002025
test_11473,0.020433
test_11474,0.998392
test_11475,0.414112
test_11476,0.121471
test_11477,0.963943
test_11478,0.008797
test_11479,0.024672
test_11480,0.937483
test_11481,0.002302
test_11482,0.091831
test_11483,0.998400
test_11484,0.002495
test_11485,0.997965
test_11486,0.883051
test_11487,0.137927
test_11488,0.002397
test_11489,0.978124
test_11490,0.823463
test_11491,0.006194
test_11492,0.028504
test_11493,0.988003
test_11494,0.537576
test_11495,0.002669
test_11496,0.837760
test_11497,0.996212
test_11498,0.156917
test_11499,0.906184
test_11500,0.005023
test_11501,0.989904
test_11502,0.023211
test_11503,0.337261
test_11504,0.967466
test_11505,0.876404
test_11506,0.005283
test_11507,0.088662
test_11508,0.207700
test_11509,0.009426
test_11510,0.111041
test_11511,0.035042
test_11512,0.003471
test_11513,0.111775
test_11514,0.001745
test_11515,0.004518
test_11516,0.022950
test_11517,0.005316
test_11518,0.007557
test_11519,0.995584
test_11520,0.697058
test_11521,0.012003
test_11522,0.003091
test_11523,0.931671
test_11524,0.001772
test_11525,0.806810
test_11526,0.409003
test_11527,0.057620
test_11528,0.093506
test_11529,0.005210
test_11530,0.456240
test_11531,0.995769
test_11532,0.998032
test_11533,0.833264
test_11534,0.997430
test_11535,0.863073
test_11536,0.985620
test_11537,0.994177
test_11538,0.059032
test_11539,0.996019
test_11540,0.997913
test_11541,0.012391
test_11542,0.064118
test_11543,0.991625
test_11544,0.009341
test_11545,0.998647
test_11546,0.349648
test_11547,0.997915
test_11548,0.029885
test_11549,0.019017
test_11550,0.618031
test_11551,0.003509
test_11552,0.839946
test_11553,0.920599
test_11554,0.016453
test_11555,0.922688
test_11556,0.239574
test_11557,0.943588
test_11558,0.996519
test_11559,0.063205
test_11560,0.438598
test_11561,0.002998
test_11562,0.998431
test_11563,0.994246
test_11564,0.098583
test_11565,0.697236
test_11566,0.002487
test_11567,0.686665
test_11568,0.635008
test_11569,0.998100
test_11570,0.004171
test_11571,0.222657
test_11572,0.002534
test_11573,0.694076
test_11574,0.998057
test_11575,0.960145
test_11576,0.457562
test_11577,0.995794
test_11578,0.552955
test_11579,0.972620
test_11580,0.877044
test_11581,0.422588
test_11582,0.002007
test_11583,0.655182
test_11584,0.856364
test_11585,0.003001
test_11586,0.998334
test_11587,0.995065
test_11588,0.395316
test_11589,0.997021
test_11590,0.997928
test_11591,0.595661
test_11592,0.996992
test_11593,0.030806
test_11594,0.995716
test_11595,0.004223
test_11596,0.997937
test_11597,0.996792
test_11598,0.002048
test_11599,0.003692
test_11600,0.193905
test_11601,0.986171
test_11602,0.061734
test_11603,0.963049
test_11604,0.997343
test_11605,0.998653
test_11606,0.001870
test_11607,0.998089
test_11608,0.014702
test_11609,0.997918
test_11610,0.001724
test_11611,0.998376
test_11612,0.961702
test_11613,0.997196
test_11614,0.017654
test_11615,0.997924
test_11616,0.564542
test_11617,0.991785
test_11618,0.997749
test_11619,0.570134
test_11620,0.087693
test_11621,0.002173
test_11622,0.881953
test_11623,0.004009
test_11624,0.285695
test_11625,0.340469
test_11626,0.997605
test_11627,0.995818
test_11628,0.010988
test_11629,0.082804
test_11630,0.014990
test_11631,0.002390
test_11632,0.001764
test_11633,0.981446
test_11634,0.564624
test_11635,0.997626
test_11636,0.986347
test_11637,0.987696
test_11638,0.749611
test_11639,0.016732
test_11640,0.997752
test_11641,0.840709
test_11642,0.964266
test_11643,0.997554
test_11644,0.993978
test_11645,0.004757
test_11646,0.001972
test_11647,0.010475
test_11648,0.982171
test_11649,0.003843
test_11650,0.997844
test_11651,0.033991
test_11652,0.001580
test_11653,0.022077
test_11654,0.002877
test_11655,0.005125
test_11656,0.984139
test_11657,0.004401
test_11658,0.283832
test_11659,0.001913
test_11660,0.684885
test_11661,0.001768
test_11662,0.837421
test_11663,0.005756
test_11664,0.238060
test_11665,0.001965
test_11666,0.042864
test_11667,0.001839
test_11668,0.997813
test_11669,0.996203
test_11670,0.072409
test_11671,0.892987
test_11672,0.997785
test_11673,0.012155
test_11674,0.001794
test_11675,0.004752
test_11676,0.970001
test_11677,0.465487
test_11678,0.001991
test_11679,0.997902
test_11680,0.002309
test_11681,0.120914
test_11682,0.002155
test_11683,0.479485
test_11684,0.562170
test_11685,0.049057
test_11686,0.959027
test_11687,0.014770
test_11688,0.010937
test_11689,0.006673
test_11690,0.651283
test_11691,0.617639
test_11692,0.306586
test_11693,0.884124
test_11694,0.002410
test_11695,0.989903
test_11696,0.009656
test_11697,0.002972
test_11698,0.006526
test_11699,0.119016
test_11700,0.561659
test_11701,0.002170
test_11702,0.002048
test_11703,0.005353
test_11704,0.955147
test_11705,0.987854
test_11706,0.997454
test_11707,0.001709
test_11708,0.993927
test_11709,0.995354
test_11710,0.971757
test_11711,0.998075
test_11712,0.527053
test_11713,0.807215
test_11714,0.983679
test_11715,0.996083
test_11716,0.571266
test_11717,0.001371
test_11718,0.379948
test_11719,0.002833
test_11720,0.996070
test_11721,0.785662
test_11722,0.096414
test_11723,0.998287
test_11724,0.003991
test_11725,0.942309
test_11726,0.712042
test_11727,0.994783
test_11728,0.597435
test_11729,0.909990
test_11730,0.163773
test_11731,0.070137
test_11732,0.996879
test_11733,0.997732
test_11734,0.014259
test_11735,0.990622
test_11736,0.057306
test_11737,0.861864
test_11738,0.984725
test_11739,0.488005
test_11740,0.173927
test_11741,0.021806
test_11742,0.225010
test_11743,0.924472
test_11744,0.648397
test_11745,0.009086
test_11746,0.757610
test_11747,0.004717
test_11748,0.002871
test_11749,0.993342
test_11750,0.039663
test_11751,0.997469
test_11752,0.995013
test_11753,0.406754
test_11754,0.915302
test_11755,0.605574
test_11756,0.304315
test_11757,0.054701
test_11758,0.003604
test_11759,0.007730
test_11760,0.930752
test_11761,0.990491
test_11762,0.825359
test_11763,0.281370
test_11764,0.997654
test_11765,0.005776
test_11766,0.672544
test_11767,0.768733
test_11768,0.002327
test_11769,0.012960
test_11770,0.143619
test_11771,0.996547
test_11772,0.993169
test_11773,0.131526
test_11774,0.003342
test_11775,0.251744
test_11776,0.951153
test_11777,0.998101
test_11778,0.997215
test_11779,0.995522
test_11780,0.995136
test_11781,0.023361
test_11782,0.002432
test_11783,0.171546
test_11784,0.997351
test_11785,0.006041
test_11786,0.791553
test_11787,0.004955
test_11788,0.078022
test_11789,0.002963
test_11790,0.004202
test_11791,0.967814
test_11792,0.989313
test_11793,0.997111
test_11794,0.997777
test_11795,0.496451
test_11796,0.002158
test_11797,0.988956
test_11798,0.004900
test_11799,0.955438
test_11800,0.001748
test_11801,0.733756
test_11802,0.002013
test_11803,0.001947
test_11804,0.003547
test_11805,0.002436
test_11806,0.010346
test_11807,0.990959
test_11808,0.992480
test_11809,0.032236
test_11810,0.972562
test_11811,0.004287
test_11812,0.369360
test_11813,0.007943
test_11814,0.796160
test_11815,0.001962
test_11816,0.997384
test_11817,0.911997
test_11818,0.006439
test_11819,0.694376
test_11820,0.394209
test_11821,0.952851
test_11822,0.917374
test_11823,0.998262
test_11824,0.996812
test_11825,0.740984
test_11826,0.006606
test_11827,0.929426
test_11828,0.016554
test_11829,0.006945
test_11830,0.902623
test_11831,0.003585
test_11832,0.003775
test_11833,0.002088
test_11834,0.996867
test_11835,0.837318
test_11836,0.784588
test_11837,0.997047
test_11838,0.058110
test_11839,0.001993
test_11840,0.032548
test_11841,0.128146
test_11842,0.003995
test_11843,0.009161
test_11844,0.004631
test_11845,0.888711
test_11846,0.004921
test_11847,0.869323
test_11848,0.997827
test_11849,0.001950
test_11850,0.997244
test_11851,0.015779
test_11852,0.178625
test_11853,0.993177
test_11854,0.002281
test_11855,0.975804
test_11856,0.944080
test_11857,0.004836
test_11858,0.996576
test_11859,0.326279
test_11860,0.504109
test_11861,0.011423
test_11862,0.004540
test_11863,0.019389
test_11864,0.858694
test_11865,0.809652
test_11866,0.616867
test_11867,0.935256
test_11868,0.003404
test_11869,0.996987
test_11870,0.837818
test_11871,0.995060
test_11872,0.996876
test_11873,0.513147
test_11874,0.639616
test_11875,0.991262
test_11876,0.995059
test_11877,0.244876
test_11878,0.167249
test_11879,0.002305
test_11880,0.003613
test_11881,0.994008
test_11882,0.991748
test_11883,0.133493
test_11884,0.997563
test_11885,0.826242
test_11886,0.045088
test_11887,0.996287
test_11888,0.563181
test_11889,0.869629
test_11890,0.001954
test_11891,0.631725
test_11892,0.074400
test_11893,0.984292
test_11894,0.959810
test_11895,0.006134
test_11896,0.998291
test_11897,0.020530
test_11898,0.001619
test_11899,0.997172
test_11900,0.770530
test_11901,0.986572
test_11902,0.997965
test_11903,0.830444
test_11904,0.984813
test_11905,0.996998
test_11906,0.002213
test_11907,0.993447
test_11908,0.015344
test_11909,0.004458
test_11910,0.660462
test_11911,0.985357
test_11912,0.002137
test_11913,0.864299
test_11914,0.055907
test_11915,0.003965
test_11916,0.005777
test_11917,0.657128
test_11918,0.993549
test_11919,0.544462
test_11920,0.904478
test_11921,0.594667
test_11922,0.003513
test_11923,0.961762
test_11924,0.992677
test_11925,0.997301
test_11926,0.647430
test_11927,0.997477
test_11928,0.131299
test_11929,0.005241
test_11930,0.935495
test_11931,0.789047
test_11932,0.241398
test_11933,0.358247
test_11934,0.010508
test_11935,0.013669
test_11936,0.980893
test_11937,0.003341
test_11938,0.726887
test_11939,0.231684
test_11940,0.001927
test_11941,0.002908
test_11942,0.605970
test_11943,0.004259
test_11944,0.002515
test_11945,0.954416
test_11946,0.208472
test_11947,0.191492
test_11948,0.234220
test_11949,0.442579
test_11950,0.002375
test_11951,0.003568
test_11952,0.001932
test_11953,0.009105
test_11954,0.040093
test_11955,0.944830
test_11956,0.140741
test_11957,0.993434
test_11958,0.424056
test_11959,0.458241
test_11960,0.001810
test_11961,0.166299
test_11962,0.018796
test_11963,0.997535
test_11964,0.010105
test_11965,0.445317
test_11966,0.978162
test_11967,0.010958
test_11968,0.995475
test_11969,0.026429
test_11970,0.003819
test_11971,0.013922
test_11972,0.965778
test_11973,0.921666
test_11974,0.997124
test_11975,0.997818
test_11976,0.220899
test_11977,0.837087
test_11978,0.784430
test_11979,0.993889
test_11980,0.997140
test_11981,0.028158
test_11982,0.931750
test_11983,0.859957
test_11984,0.125238
test_11985,0.043128
test_11986,0.857024
test_11987,0.157620
test_11988,0.997960
test_11989,0.807793
test_11990,0.998076
test_11991,0.960383
test_11992,0.002549
test_11993,0.996472
test_11994,0.270501
test_11995,0.943108
test_11996,0.048119
test_11997,0.996064
test_11998,0.133142
test_11999,0.351479
test_12000,0.940167
test_12001,0.009074
test_12002,0.458962
test_12003,0.438508
test_12004,0.945407
test_12005,0.491452
test_12006,0.001914
test_12007,0.971110
test_12008,0.338810
test_12009,0.017920
test_12010,0.031893
test_12011,0.997620
test_12012,0.882265
test_12013,0.002695
test_12014,0.460917
test_12015,0.996706
test_12016,0.770792
test_12017,0.994539
test_12018,0.942287
test_12019,0.983511
test_12020,0.002108
test_12021,0.995124
test_12022,0.909862
test_12023,0.013192
test_12024,0.026386
test_12025,0.983243
test_12026,0.165659
test_12027,0.947703
test_12028,0.014163
test_12029,0.261816
test_12030,0.498898
test_12031,0.991421
test_12032,0.002269
test_12033,0.997594
test_12034,0.998439
test_12035,0.747841
test_12036,0.004888
test_12037,0.413305
test_12038,0.152983
test_12039,0.003377
test_12040,0.997320
test_12041,0.997694
test_12042,0.073831
test_12043,0.955418
test_12044,0.039491
test_12045,0.002064
test_12046,0.997868
test_12047,0.002915
test_12048,0.982534
test_12049,0.002816
test_12050,0.269551
test_12051,0.002320
test_12052,0.009960
test_12053,0.115622
test_12054,0.991229
test_12055,0.993511
test_12056,0.366184
test_12057,0.833986
test_12058,0.867572
test_12059,0.994510
test_12060,0.985777
test_12061,0.016537
test_12062,0.004178
test_12063,0.971648
test_12064,0.998132
test_12065,0.131574
test_12066,0.004598
test_12067,0.990022
test_12068,0.002904
test_12069,0.006538
test_12070,0.199284
test_12071,0.839237
test_12072,0.914239
test_12073,0.155873
test_12074,0.129884
test_12075,0.995677
test_12076,0.552393
test_12077,0.042524
test_12078,0.995847
test_12079,0.002212
test_12080,0.004566
test_12081,0.976643
test_12082,0.013634
test_12083,0.007203
test_12084,0.997455
test_12085,0.855676
test_12086,0.998339
test_12087,0.998090
test_12088,0.334006
test_12089,0.007919
test_12090,0.060956
test_12091,0.874426
test_12092,0.836945
test_12093,0.997294
test_12094,0.994520
test_12095,0.997460
test_12096,0.990622
test_12097,0.156591
test_12098,0.504730
test_12099,0.034339
test_12100,0.323111
test_12101,0.993610
test_12102,0.002761
test_12103,0.001856
test_12104,0.181304
test_12105,0.004736
test_12106,0.941196
test_12107,0.997983
test_12108,0.961659
test_12109,0.002384
test_12110,0.001542
test_12111,0.993808
test_12112,0.969573
test_12113,0.132144
test_12114,0.995681
test_12115,0.006523
test_12116,0.001773
test_12117,0.015404
test_12118,0.984365
test_12119,0.996905
test_12120,0.994456
test_12121,0.002306
test_12122,0.102046
test_12123,0.002548
test_12124,0.981322
test_12125,0.375098
test_12126,0.997645
test_12127,0.992501
test_12128,0.991553
test_12129,0.015891
test_12130,0.989090
test_12131,0.994941
test_12132,0.001939
test_12133,0.998010
test_12134,0.998059
test_12135,0.002418
test_12136,0.850174
test_12137,0.328243
test_12138,0.009946
test_12139,0.964557
test_12140,0.994086
test_12141,0.002143
test_12142,0.925714
test_12143,0.974891
test_12144,0.289979
test_12145,0.174964
test_12146,0.996607
test_12147,0.014021
test_12148,0.032439
test_12149,0.998174
test_12150,0.001762
test_12151,0.857775
test_12152,0.792086
test_12153,0.271659
test_12154,0.997947
test_12155,0.988325
test_12156,0.002166
test_12157,0.843435
test_12158,0.001734
test_12159,0.993456
test_12160,0.763560
test_12161,0.966368
test_12162,0.997418
test_12163,0.301352
test_12164,0.997897
test_12165,0.018059
test_12166,0.998284
test_12167,0.998037
test_12168,0.101534
test_12169,0.885435
test_12170,0.002356
test_12171,0.015817
test_12172,0.945737
test_12173,0.997414
test_12174,0.639612
test_12175,0.996105
test_12176,0.156111
test_12177,0.290873
test_12178,0.009857
test_12179,0.023054
test_12180,0.998037
test_12181,0.997810
test_12182,0.397848
test_12183,0.992787
test_12184,0.009520
test_12185,0.994044
test_12186,0.503049
test_12187,0.004316
test_12188,0.021293
test_12189,0.104925
test_12190,0.995224
test_12191,0.992358
test_12192,0.019141
test_12193,0.015781
test_12194,0.003407
test_12195,0.001898
test_12196,0.002132
test_12197,0.003287
test_12198,0.090883
test_12199,0.013522
test_12200,0.606219
test_12201,0.002525
test_12202,0.885668
test_12203,0.992091
test_12204,0.026782
test_12205,0.326728
test_12206,0.430241
test_12207,0.004451
test_12208,0.989665
test_12209,0.982366
test_12210,0.004365
test_12211,0.090664
test_12212,0.981816
test_12213,0.003692
test_12214,0.998202
test_12215,0.874834
test_12216,0.562968
test_12217,0.008318
test_12218,0.003907
test_12219,0.004358
test_12220,0.007538
test_12221,0.034706
test_12222,0.005302
test_12223,0.001628
test_12224,0.276367
test_12225,0.003736
test_12226,0.004032
test_12227,0.011305
test_12228,0.995708
test_12229,0.002822
test_12230,0.608895
test_12231,0.016739
test_12232,0.011942
test_12233,0.053292
test_12234,0.930874
test_12235,0.151838
test_12236,0.001368
test_12237,0.925600
test_12238,0.993395
test_12239,0.996583
test_12240,0.123071
test_12241,0.062135
test_12242,0.008208
test_12243,0.833445
test_12244,0.001900
test_12245,0.751454
test_12246,0.984199
test_12247,0.003455
test_12248,0.026433
test_12249,0.037872
test_12250,0.092101
test_12251,0.002442
test_12252,0.126339
test_12253,0.739986
test_12254,0.884293
test_12255,0.008594
test_12256,0.144743
test_12257,0.380755
test_12258,0.002525
test_12259,0.914977
test_12260,0.985963
test_12261,0.990959
test_12262,0.825304
test_12263,0.737145
test_12264,0.029119
test_12265,0.002088
test_12266,0.535566
test_12267,0.003920
test_12268,0.002224
test_12269,0.998571
test_12270,0.053024
test_12271,0.143313
test_12272,0.954507
test_12273,0.007861
test_12274,0.980148
test_12275,0.059907
test_12276,0.218207
test_12277,0.986072
test_12278,0.003254
test_12279,0.956780
test_12280,0.986835
test_12281,0.005272
test_12282,0.008584
test_12283,0.971130
test_12284,0.005458
test_12285,0.732767
test_12286,0.052454
test_12287,0.887458
test_12288,0.996855
test_12289,0.001641
test_12290,0.032959
test_12291,0.996535
test_12292,0.464412
test_12293,0.993706
test_12294,0.215329
test_12295,0.822980
test_12296,0.998074
test_12297,0.013892
test_12298,0.730899
test_12299,0.252833
test_12300,0.007084
test_12301,0.743311
test_12302,0.009820
test_12303,0.007919
test_12304,0.963209
test_12305,0.002308
test_12306,0.986796
test_12307,0.729113
test_12308,0.014434
test_12309,0.998077
test_12310,0.051233
test_12311,0.052737
test_12312,0.988227
test_12313,0.001932
test_12314,0.996432
test_12315,0.020350
test_12316,0.013623
test_12317,0.012013
test_12318,0.001943
test_12319,0.987883
test_12320,0.993618
test_12321,0.997529
test_12322,0.001999
test_12323,0.020393
test_12324,0.003978
test_12325,0.997567
test_12326,0.996174
test_12327,0.996057
test_12328,0.003284
test_12329,0.210069
test_12330,0.904081
test_12331,0.064658
test_12332,0.118292
test_12333,0.008192
test_12334,0.002389
test_12335,0.695491
test_12336,0.054533
test_12337,0.676107
test_12338,0.003539
test_12339,0.971330
test_12340,0.976588
test_12341,0.008634
test_12342,0.003284
test_12343,0.002000
test_12344,0.128840
test_12345,0.962010
test_12346,0.994060
test_12347,0.985939
test_12348,0.475792
test_12349,0.034314
test_12350,0.001937
test_12351,0.004864
test_12352,0.994207
test_12353,0.979943
test_12354,0.049576
test_12355,0.007872
test_12356,0.832262
test_12357,0.989586
test_12358,0.023779
test_12359,0.997350
test_12360,0.199860
test_12361,0.994458
test_12362,0.713025
test_12363,0.582079
test_12364,0.007353
test_12365,0.997959
test_12366,0.167956
test_12367,0.003956
test_12368,0.991744
test_12369,0.856871
test_12370,0.001824
test_12371,0.989290
test_12372,0.995767
test_12373,0.967237
test_12374,0.016025
test_12375,0.993943
test_12376,0.025667
test_12377,0.003307
test_12378,0.003300
test_12379,0.002087
test_12380,0.003258
test_12381,0.379961
test_12382,0.052940
test_12383,0.003127
test_12384,0.951246
test_12385,0.003595
test_12386,0.013909
test_12387,0.995909
test_12388,0.002668
test_12389,0.152052
test_12390,0.998160
test_12391,0.994676
test_12392,0.002533
test_12393,0.002717
test_12394,0.936992
test_12395,0.998264
test_12396,0.784415
test_12397,0.001948
test_12398,0.140161
test_12399,0.001947
test_12400,0.997602
test_12401,0.018523
test_12402,0.015539
test_12403,0.510235
test_12404,0.003152
test_12405,0.403462
test_12406,0.692730
test_12407,0.973007
test_12408,0.998248
test_12409,0.991065
test_12410,0.003611
test_12411,0.926640
test_12412,0.993224
test_12413,0.043866
test_12414,0.002118
test_12415,0.241582
test_12416,0.981541
test_12417,0.985681
test_12418,0.871407
test_12419,0.283046
test_12420,0.998109
test_12421,0.002600
test_12422,0.997993
test_12423,0.005817
test_12424,0.009323
test_12425,0.031811
test_12426,0.997188
test_12427,0.075261
test_12428,0.993439
test_12429,0.759721
test_12430,0.994047
test_12431,0.997341
test_12432,0.993279
test_12433,0.179754
test_12434,0.876032
test_12435,0.003420
test_12436,0.039160
test_12437,0.060050
test_12438,0.003367
test_12439,0.009319
test_12440,0.960281
test_12441,0.998116
test_12442,0.938171
test_12443,0.008974
test_12444,0.007884
test_12445,0.888908
test_12446,0.784594
test_12447,0.004456
test_12448,0.002963
test_12449,0.882973
test_12450,0.991926
test_12451,0.931389
test_12452,0.976815
test_12453,0.991563
test_12454,0.995401
test_12455,0.072634
test_12456,0.283264
test_12457,0.002178
test_12458,0.933683
test_12459,0.964758
test_12460,0.002758
test_12461,0.997063
test_12462,0.034187
test_12463,0.284134
test_12464,0.030745
test_12465,0.996893
test_12466,0.018221
test_12467,0.939798
test_12468,0.050646
test_12469,0.124351
test_12470,0.331635
test_12471,0.912253
test_12472,0.003113
test_12473,0.995952
test_12474,0.002650
test_12475,0.604187
test_12476,0.416737
test_12477,0.006563
test_12478,0.997815
test_12479,0.009641
test_12480,0.002481
test_12481,0.007119
test_12482,0.934446
test_12483,0.002197
test_12484,0.998077
test_12485,0.019874
test_12486,0.009334
test_12487,0.325213
test_12488,0.035798
test_12489,0.995667
test_12490,0.233456
test_12491,0.002416
test_12492,0.855995
test_12493,0.693652
test_12494,0.921388
test_12495,0.003537
test_12496,0.497180
test_12497,0.005302
test_12498,0.891138
test_12499,0.963386
test_12500,0.990620
test_12501,0.998173
test_12502,0.002075
test_12503,0.986732
test_12504,0.995151
test_12505,0.077532
test_12506,0.943062
test_12507,0.619554
test_12508,0.998232
test_12509,0.466666
test_12510,0.657624
test_12511,0.108707
test_12512,0.041611
test_12513,0.179245
test_12514,0.854885
test_12515,0.022655
test_12516,0.960964
test_12517,0.016781
test_12518,0.001471
test_12519,0.044112
test_12520,0.002195
test_12521,0.006430
test_12522,0.134502
test_12523,0.005314
test_12524,0.996295
test_12525,0.021759
test_12526,0.995822
test_12527,0.001947
test_12528,0.001950
test_12529,0.003060
test_12530,0.993880
test_12531,0.002890
test_12532,0.961017
test_12533,0.997340
test_12534,0.874636
test_12535,0.957658
test_12536,0.009228
test_12537,0.807660
test_12538,0.998461
test_12539,0.297037
test_12540,0.915730
test_12541,0.326238
test_12542,0.002818
test_12543,0.043234
test_12544,0.026045
test_12545,0.998468
test_12546,0.089401
test_12547,0.002480
test_12548,0.746040
test_12549,0.983013
test_12550,0.636204
test_12551,0.072378
test_12552,0.246839
test_12553,0.687322
test_12554,0.005262
test_12555,0.997754
test_12556,0.098053
test_12557,0.101105
test_12558,0.008321
test_12559,0.914550
test_12560,0.995288
test_12561,0.996985
test_12562,0.891944
test_12563,0.998375
test_12564,0.088044
test_12565,0.005068
test_12566,0.996744
test_12567,0.001750
test_12568,0.002851
test_12569,0.991888
test_12570,0.993284
test_12571,0.001538
test_12572,0.935519
test_12573,0.004303
test_12574,0.017200
test_12575,0.001741
test_12576,0.684245
test_12577,0.095768
test_12578,0.002909
test_12579,0.997152
test_12580,0.003332
test_12581,0.927620
test_12582,0.001864
test_12583,0.975201
test_12584,0.307261
test_12585,0.996982
test_12586,0.004761
test_12587,0.001875
test_12588,0.003973
test_12589,0.001884
test_12590,0.614605
test_12591,0.996948
test_12592,0.002112
test_12593,0.002223
test_12594,0.820649
test_12595,0.993128
test_12596,0.002975
test_12597,0.994185
test_12598,0.036181
test_12599,0.003210
test_12600,0.998096
test_12601,0.995180
test_12602,0.150270
test_12603,0.998210
test_12604,0.001629
test_12605,0.633066
test_12606,0.511928
test_12607,0.013441
test_12608,0.627027
test_12609,0.982940
test_12610,0.535870
test_12611,0.005024
test_12612,0.001847
test_12613,0.710365
test_12614,0.984414
test_12615,0.350286
test_12616,0.003909
test_12617,0.001728
test_12618,0.002231
test_12619,0.997166
test_12620,0.850091
test_12621,0.004696
test_12622,0.002368
test_12623,0.940775
test_12624,0.994811
test_12625,0.002459
test_12626,0.001524
test_12627,0.016179
test_12628,0.036982
test_12629,0.970502
test_12630,0.006593
test_12631,0.997810
test_12632,0.037234
test_12633,0.014856
test_12634,0.003410
test_12635,0.077532
test_12636,0.283564
test_12637,0.735193
test_12638,0.002555
test_12639,0.985966
test_12640,0.469964
test_12641,0.002777
test_12642,0.641300
test_12643,0.996607
test_12644,0.004680
test_12645,0.998030
test_12646,0.996941
test_12647,0.002002
test_12648,0.001432
test_12649,0.573446
test_12650,0.998401
test_12651,0.996611
test_12652,0.003599
test_12653,0.998158
test_12654,0.001884
test_12655,0.843954
test_12656,0.989780
test_12657,0.995002
test_12658,0.997362
test_12659,0.003191
test_12660,0.107777
test_12661,0.996422
test_12662,0.903103
test_12663,0.034276
test_12664,0.002753
test_12665,0.998209
test_12666,0.006074
test_12667,0.997275
test_12668,0.076721
test_12669,0.008468
test_12670,0.997507
test_12671,0.982306
test_12672,0.004059
test_12673,0.417658
test_12674,0.823153
test_12675,0.002163
test_12676,0.997386
test_12677,0.986707
test_12678,0.543743
test_12679,0.994992
test_12680,0.906705
test_12681,0.500794
test_12682,0.995224
test_12683,0.004190
test_12684,0.887459
test_12685,0.005428
test_12686,0.531346
test_12687,0.996481
test_12688,0.997569
test_12689,0.045304
test_12690,0.057708
test_12691,0.978616
test_12692,0.665211
test_12693,0.238034
test_12694,0.023946
test_12695,0.003987
test_12696,0.713425
test_12697,0.002307
test_12698,0.947605
test_12699,0.001968
test_12700,0.022590
test_12701,0.605106
test_12702,0.003279
test_12703,0.010311
test_12704,0.996979
test_12705,0.998405
test_12706,0.001674
test_12707,0.899886
test_12708,0.998439
test_12709,0.996668
test_12710,0.003392
test_12711,0.436699
test_12712,0.998089
test_12713,0.198439
test_12714,0.010940
test_12715,0.035086
test_12716,0.002214
test_12717,0.083383
test_12718,0.011999
test_12719,0.524194
test_12720,0.981750
test_12721,0.997327
test_12722,0.512542
test_12723,0.002603
test_12724,0.001898
test_12725,0.124201
test_12726,0.988611
test_12727,0.528995
test_12728,0.728185
test_12729,0.989280
test_12730,0.002964
test_12731,0.960788
test_12732,0.331469
test_12733,0.941198
test_12734,0.994122
test_12735,0.988809
test_12736,0.927395
test_12737,0.989197
test_12738,0.353241
test_12739,0.998334
test_12740,0.036238
test_12741,0.002912
test_12742,0.120235
test_12743,0.857271
test_12744,0.002568
test_12745,0.678232
test_12746,0.887408
test_12747,0.967449
test_12748,0.106828
test_12749,0.024181
test_12750,0.002041
test_12751,0.024202
test_12752,0.997863
test_12753,0.014499
test_12754,0.009505
test_12755,0.859163
test_12756,0.985317
test_12757,0.603791
test_12758,0.039290
test_12759,0.002926
test_12760,0.928373
test_12761,0.900517
test_12762,0.002478
test_12763,0.481594
test_12764,0.001897
test_12765,0.976771
test_12766,0.002158
test_12767,0.003167
test_12768,0.997439
test_12769,0.996931
test_12770,0.001440
test_12771,0.002114
test_12772,0.723061
test_12773,0.996148
test_12774,0.002095
test_12775,0.992444
test_12776,0.049225
test_12777,0.003679
test_12778,0.994862
test_12779,0.023701
test_12780,0.995935
test_12781,0.988206
test_12782,0.001788
test_12783,0.997386
test_12784,0.355312
test_12785,0.869074
test_12786,0.821379
test_12787,0.995621
test_12788,0.003674
test_12789,0.976906
test_12790,0.893749
test_12791,0.022442
test_12792,0.002503
test_12793,0.971255
test_12794,0.587849
test_12795,0.996874
test_12796,0.997376
test_12797,0.995756
test_12798,0.696885
test_12799,0.003737
test_12800,0.356197
test_12801,0.003984
test_12802,0.003495
test_12803,0.995699
test_12804,0.996870
test_12805,0.442143
test_12806,0.028228
test_12807,0.948779
test_12808,0.013469
test_12809,0.315407
test_12810,0.135603
test_12811,0.017699
test_12812,0.993781
test_12813,0.995567
test_12814,0.281161
test_12815,0.002735
test_12816,0.035210
test_12817,0.005888
test_12818,0.003980
test_12819,0.001878
test_12820,0.994990
test_12821,0.003525
test_12822,0.236928
test_12823,0.996170
test_12824,0.001678
test_12825,0.400587
test_12826,0.348746
test_12827,0.006319
test_12828,0.647345
test_12829,0.996057
test_12830,0.001524
test_12831,0.005126
test_12832,0.997865
test_12833,0.004380
test_12834,0.997175
test_12835,0.991143
test_12836,0.594606
test_12837,0.994451
test_12838,0.967813
test_12839,0.005902
test_12840,0.002251
test_12841,0.001648
test_12842,0.006775
test_12843,0.997574
test_12844,0.795635
test_12845,0.003318
test_12846,0.073955
test_12847,0.992249
test_12848,0.933804
test_12849,0.011203
test_12850,0.990246
test_12851,0.004478
test_12852,0.243913
test_12853,0.845788
test_12854,0.259741
test_12855,0.009872
test_12856,0.997597
test_12857,0.973070
test_12858,0.001979
test_12859,0.996536
test_12860,0.988075
test_12861,0.083069
test_12862,0.002792
test_12863,0.002290
test_12864,0.002643
test_12865,0.995029
test_12866,0.375772
test_12867,0.913562
test_12868,0.901479
test_12869,0.002655
test_12870,0.996639
test_12871,0.678952
test_12872,0.986806
test_12873,0.918613
test_12874,0.997813
test_12875,0.012881
test_12876,0.021437
test_12877,0.004482
test_12878,0.997009
test_12879,0.979760
test_12880,0.001784
test_12881,0.001730
test_12882,0.995434
test_12883,0.005998
test_12884,0.716586
test_12885,0.001788
test_12886,0.120883
test_12887,0.003786
test_12888,0.005026
test_12889,0.008456
test_12890,0.997445
test_12891,0.003560
test_12892,0.004071
test_12893,0.994691
test_12894,0.022161
test_12895,0.982292
test_12896,0.997463
test_12897,0.934808
test_12898,0.608745
test_12899,0.002535
test_12900,0.995402
test_12901,0.238506
test_12902,0.907935
test_12903,0.825724
test_12904,0.759541
test_12905,0.997764
test_12906,0.001916
test_12907,0.002517
test_12908,0.993538
test_12909,0.982566
test_12910,0.014517
test_12911,0.996083
test_12912,0.998152
test_12913,0.002007
test_12914,0.002542
test_12915,0.992939
test_12916,0.997863
test_12917,0.981274
test_12918,0.002150
test_12919,0.990026
test_12920,0.995611
test_12921,0.003264
test_12922,0.003093
test_12923,0.958200
test_12924,0.996448
test_12925,0.996960
test_12926,0.893527
test_12927,0.076850
test_12928,0.002252
test_12929,0.976164
test_12930,0.997419
test_12931,0.004832
test_12932,0.001715
test_12933,0.998203
test_12934,0.829401
test_12935,0.393642
test_12936,0.568301
test_12937,0.465207
test_12938,0.078896
test_12939,0.998044
test_12940,0.997204
test_12941,0.007393
test_12942,0.353481
test_12943,0.007222
test_12944,0.975699
test_12945,0.012018
test_12946,0.997981
test_12947,0.841050
test_12948,0.075755
test_12949,0.004747
test_12950,0.991919
test_12951,0.252716
test_12952,0.903851
test_12953,0.997043
test_12954,0.008886
test_12955,0.144937
test_12956,0.996888
test_12957,0.300982
test_12958,0.002337
test_12959,0.313116
test_12960,0.979510
test_12961,0.023430
test_12962,0.041375
test_12963,0.996605
test_12964,0.002333
test_12965,0.952555
test_12966,0.882743
test_12967,0.015904
test_12968,0.067881
test_12969,0.219235
test_12970,0.696254
test_12971,0.002685
test_12972,0.038438
test_12973,0.002367
test_12974,0.003566
test_12975,0.017500
test_12976,0.010505
test_12977,0.002537
test_12978,0.987839
test_12979,0.157481
test_12980,0.003943
test_12981,0.996258
test_12982,0.997538
test_12983,0.002327
test_12984,0.276230
test_12985,0.398849
test_12986,0.960320
test_12987,0.364672
test_12988,0.004989
test_12989,0.962546
test_12990,0.877799
test_12991,0.046516
test_12992,0.137784
test_12993,0.998562
test_12994,0.267279
test_12995,0.638258
test_12996,0.638985
test_12997,0.001763
test_12998,0.996142
test_12999,0.176307
test_13000,0.009957
test_13001,0.997913
test_13002,0.002001
test_13003,0.997607
test_13004,0.300089
test_13005,0.561050
test_13006,0.013058
test_13007,0.002990
test_13008,0.079754
test_13009,0.981563
test_13010,0.623316
test_13011,0.210953
test_13012,0.759288
test_13013,0.994928
test_13014,0.074429
test_13015,0.995378
test_13016,0.002782
test_13017,0.839199
test_13018,0.001560
test_13019,0.974398
test_13020,0.004746
test_13021,0.115739
test_13022,0.161428
test_13023,0.282925
test_13024,0.824188
test_13025,0.996445
test_13026,0.998056
test_13027,0.593810
test_13028,0.001888
test_13029,0.976919
test_13030,0.004017
test_13031,0.998248
test_13032,0.976235
test_13033,0.002301
test_13034,0.870731
test_13035,0.023151
test_13036,0.539416
test_13037,0.998114
test_13038,0.571214
test_13039,0.998329
test_13040,0.994479
test_13041,0.127202
test_13042,0.821118
test_13043,0.994791
test_13044,0.772373
test_13045,0.003473
test_13046,0.998086
test_13047,0.004923
test_13048,0.010031
test_13049,0.944256
test_13050,0.001813
test_13051,0.212078
test_13052,0.839579
test_13053,0.679905
test_13054,0.005104
test_13055,0.003982
test_13056,0.997249
test_13057,0.003919
test_13058,0.015251
test_13059,0.997527
test_13060,0.939268
test_13061,0.997961
test_13062,0.997433
test_13063,0.005857
test_13064,0.029401
test_13065,0.997868
test_13066,0.907294
test_13067,0.131935
test_13068,0.094758
test_13069,0.994516
test_13070,0.439862
test_13071,0.016876
test_13072,0.005625
test_13073,0.521513
test_13074,0.995874
test_13075,0.100126
test_13076,0.002932
test_13077,0.323985
test_13078,0.990238
test_13079,0.996632
test_13080,0.002467
test_13081,0.038125
test_13082,0.627131
test_13083,0.611876
test_13084,0.998433
test_13085,0.996646
test_13086,0.970444
test_13087,0.002523
test_13088,0.993031
test_13089,0.092641
test_13090,0.032311
test_13091,0.624406
test_13092,0.778472
test_13093,0.005070
test_13094,0.956258
test_13095,0.998087
test_13096,0.001624
test_13097,0.049768
test_13098,0.006983
test_13099,0.154773
test_13100,0.004750
test_13101,0.002036
test_13102,0.142368
test_13103,0.011902
test_13104,0.002128
test_13105,0.993822
test_13106,0.646715
test_13107,0.882242
test_13108,0.990930
test_13109,0.012947
test_13110,0.996626
test_13111,0.381811
test_13112,0.858226
test_13113,0.003129
test_13114,0.181029
test_13115,0.725944
test_13116,0.453535
test_13117,0.002075
test_13118,0.075008
test_13119,0.006414
test_13120,0.009800
test_13121,0.623879
test_13122,0.003025
test_13123,0.055876
test_13124,0.985475
test_13125,0.985142
test_13126,0.231007
test_13127,0.986709
test_13128,0.842858
test_13129,0.386273
test_13130,0.990074
test_13131,0.053601
test_13132,0.986174
test_13133,0.264407
test_13134,0.002956
test_13135,0.003235
test_13136,0.008122
test_13137,0.983347
test_13138,0.725511
test_13139,0.593006
test_13140,0.008187
test_13141,0.992912
test_13142,0.003191
test_13143,0.951224
test_13144,0.003978
test_13145,0.205168
test_13146,0.993121
test_13147,0.996802
test_13148,0.004635
test_13149,0.028147
test_13150,0.196335
test_13151,0.996492
test_13152,0.004548
test_13153,0.997547
test_13154,0.935184
test_13155,0.998039
test_13156,0.849903
test_13157,0.981811
test_13158,0.816991
test_13159,0.992659
test_13160,0.259984
test_13161,0.217632
test_13162,0.984867
test_13163,0.976095
test_13164,0.252099
test_13165,0.861295
test_13166,0.909630
test_13167,0.001936
test_13168,0.057810
test_13169,0.088686
test_13170,0.058642
test_13171,0.385111
test_13172,0.998127
test_13173,0.012692
test_13174,0.997860
test_13175,0.002378
test_13176,0.254171
test_13177,0.055540
test_13178,0.010616
test_13179,0.003652
test_13180,0.956476
test_13181,0.081824
test_13182,0.958353
test_13183,0.998083
test_13184,0.003022
test_13185,0.995363
test_13186,0.815291
test_13187,0.973117
test_13188,0.170876
test_13189,0.031654
test_13190,0.064050
test_13191,0.003361
test_13192,0.997845
test_13193,0.842049
test_13194,0.997789
test_13195,0.146155
test_13196,0.998387
test_13197,0.014109
test_13198,0.120106
test_13199,0.997777
test_13200,0.117831
test_13201,0.007055
test_13202,0.941632
test_13203,0.996045
test_13204,0.670657
test_13205,0.307903
test_13206,0.002231
test_13207,0.981054
test_13208,0.001895
test_13209,0.002229
test_13210,0.994784
test_13211,0.995701
test_13212,0.998248
test_13213,0.011936
test_13214,0.003848
test_13215,0.012403
test_13216,0.972916
test_13217,0.996417
test_13218,0.997436
test_13219,0.002323
test_13220,0.996630
test_13221,0.007031
test_13222,0.939395
test_13223,0.182419
test_13224,0.996613
test_13225,0.226190
test_13226,0.997038
test_13227,0.997494
test_13228,0.039889
test_13229,0.004988
test_13230,0.027433
test_13231,0.508990
test_13232,0.982053
test_13233,0.001446
test_13234,0.997647
test_13235,0.024177
test_13236,0.242293
test_13237,0.049313
test_13238,0.997946
test_13239,0.951614
test_13240,0.005221
test_13241,0.002005
test_13242,0.017512
test_13243,0.997575
test_13244,0.988654
test_13245,0.440683
test_13246,0.977031
test_13247,0.995659
test_13248,0.461236
test_13249,0.345130
test_13250,0.992920
test_13251,0.672289
test_13252,0.002209
test_13253,0.072231
test_13254,0.003323
test_13255,0.802333
test_13256,0.001509
test_13257,0.002448
test_13258,0.262751
test_13259,0.939867
test_13260,0.449304
test_13261,0.002278
test_13262,0.001463
test_13263,0.088419
test_13264,0.457367
test_13265,0.995983
test_13266,0.996606
test_13267,0.872950
test_13268,0.002590
test_13269,0.003314
test_13270,0.018648
test_13271,0.015602
test_13272,0.002115
test_13273,0.997774
test_13274,0.030734
test_13275,0.030206
test_13276,0.208436
test_13277,0.535870
test_13278,0.496350
test_13279,0.087806
test_13280,0.006863
test_13281,0.898566
test_13282,0.002670
test_13283,0.199495
test_13284,0.953536
test_13285,0.002234
test_13286,0.832468
test_13287,0.001925
test_13288,0.991688
test_13289,0.002112
test_13290,0.967525
test_13291,0.998473
test_13292,0.994551
test_13293,0.984313
test_13294,0.959189
test_13295,0.996989
test_13296,0.996899
test_13297,0.016307
test_13298,0.925029
test_13299,0.998335
test_13300,0.340594
test_13301,0.436469
test_13302,0.993859
test_13303,0.002017
test_13304,0.938674
test_13305,0.002777
test_13306,0.002681
test_13307,0.008370
test_13308,0.987385
test_13309,0.992861
test_13310,0.995411
test_13311,0.987228
test_13312,0.146997
test_13313,0.650368
test_13314,0.656163
test_13315,0.996971
test_13316,0.003967
test_13317,0.995804
test_13318,0.190653
test_13319,0.965447
test_13320,0.016746
test_13321,0.872558
test_13322,0.571099
test_13323,0.995829
test_13324,0.081831
test_13325,0.002248
test_13326,0.020570
test_13327,0.990408
test_13328,0.002070
test_13329,0.008865
test_13330,0.007602
test_13331,0.070439
test_13332,0.001933
test_13333,0.995859
test_13334,0.044568
test_13335,0.015142
test_13336,0.235909
test_13337,0.994021
test_13338,0.022721
test_13339,0.852103
test_13340,0.024393
test_13341,0.990317
test_13342,0.008658
test_13343,0.974386
test_13344,0.994588
test_13345,0.761658
test_13346,0.346235
test_13347,0.001912
test_13348,0.247402
test_13349,0.002278
test_13350,0.029877
test_13351,0.986052
test_13352,0.003147
test_13353,0.003034
test_13354,0.972817
test_13355,0.069968
test_13356,0.985917
test_13357,0.007652
test_13358,0.982989
test_13359,0.982796
test_13360,0.995836
test_13361,0.411411
test_13362,0.993102
test_13363,0.005970
test_13364,0.977382
test_13365,0.993153
test_13366,0.863819
test_13367,0.996799
test_13368,0.864982
test_13369,0.411463
test_13370,0.502285
test_13371,0.997015
test_13372,0.957541
test_13373,0.085405
test_13374,0.725226
test_13375,0.990044
test_13376,0.995666
test_13377,0.974068
test_13378,0.002179
test_13379,0.018594
test_13380,0.884609
test_13381,0.003890
test_13382,0.997594
test_13383,0.997626
test_13384,0.969636
test_13385,0.990257
test_13386,0.004358
test_13387,0.003894
test_13388,0.002869
test_13389,0.003108
test_13390,0.314380
test_13391,0.998300
test_13392,0.015103
test_13393,0.722732
test_13394,0.986331
test_13395,0.985069
test_13396,0.997731
test_13397,0.539484
test_13398,0.840987
test_13399,0.995938
test_13400,0.997757
test_13401,0.184744
test_13402,0.606001
test_13403,0.570723
test_13404,0.980519
test_13405,0.998128
test_13406,0.934658
test_13407,0.004586
test_13408,0.033219
test_13409,0.212460
test_13410,0.019062
test_13411,0.994774
test_13412,0.078260
test_13413,0.050458
test_13414,0.175983
test_13415,0.989740
test_13416,0.996851
test_13417,0.003438
test_13418,0.340708
test_13419,0.566167
test_13420,0.991803
test_13421,0.008154
test_13422,0.006816
test_13423,0.489235
test_13424,0.449332
test_13425,0.010213
test_13426,0.002210
test_13427,0.997631
test_13428,0.997362
test_13429,0.975632
test_13430,0.005636
test_13431,0.997902
test_13432,0.080346
test_13433,0.087715
test_13434,0.976224
test_13435,0.547087
test_13436,0.002573
test_13437,0.014449
test_13438,0.886277
test_13439,0.962148
test_13440,0.901281
test_13441,0.931423
test_13442,0.998217
test_13443,0.945517
test_13444,0.950167
test_13445,0.996978
test_13446,0.007421
test_13447,0.134709
test_13448,0.003665
test_13449,0.002226
test_13450,0.609643
test_13451,0.006490
test_13452,0.934115
test_13453,0.855075
test_13454,0.003333
test_13455,0.007448
test_13456,0.998191
test_13457,0.472453
test_13458,0.853027
test_13459,0.989788
test_13460,0.340917
test_13461,0.004418
test_13462,0.977031
test_13463,0.003930
test_13464,0.003397
test_13465,0.880813
test_13466,0.966737
test_13467,0.001941
test_13468,0.056567
test_13469,0.815319
test_13470,0.300586
test_13471,0.997380
test_13472,0.998235
test_13473,0.997163
test_13474,0.738785
test_13475,0.964863
test_13476,0.519169
test_13477,0.973004
test_13478,0.998093
test_13479,0.884683
test_13480,0.997724
test_13481,0.923372
test_13482,0.080420
test_13483,0.969077
test_13484,0.118898
test_13485,0.982623
test_13486,0.624894
test_13487,0.013120
test_13488,0.009509
test_13489,0.649819
test_13490,0.004534
test_13491,0.523845
test_13492,0.991655
test_13493,0.982743
test_13494,0.002499
test_13495,0.569697
test_13496,0.995715
test_13497,0.001920
test_13498,0.394563
test_13499,0.110026
test_13500,0.995859
test_13501,0.003020
test_13502,0.209344
test_13503,0.082791
test_13504,0.001751
test_13505,0.008329
test_13506,0.449198
test_13507,0.001934
test_13508,0.993742
test_13509,0.009593
test_13510,0.555278
test_13511,0.500335
test_13512,0.997817
test_13513,0.035096
test_13514,0.045053
test_13515,0.330164
test_13516,0.028334
test_13517,0.234742
test_13518,0.007295
test_13519,0.869289
test_13520,0.352835
test_13521,0.997471
test_13522,0.018841
test_13523,0.996183
test_13524,0.893876
test_13525,0.465304
test_13526,0.002241
test_13527,0.806868
test_13528,0.977026
test_13529,0.996416
test_13530,0.997748
test_13531,0.005800
test_13532,0.151927
test_13533,0.898843
test_13534,0.019484
test_13535,0.993255
test_13536,0.006410
test_13537,0.002971
test_13538,0.004538
test_13539,0.186197
test_13540,0.995703
test_13541,0.998400
test_13542,0.035848
test_13543,0.009027
test_13544,0.996963
test_13545,0.951282
test_13546,0.984235
test_13547,0.002884
test_13548,0.292405
test_13549,0.936618
test_13550,0.079424
test_13551,0.784258
test_13552,0.009786
test_13553,0.985207
test_13554,0.991013
test_13555,0.002268
test_13556,0.384327
test_13557,0.996236
test_13558,0.003686
test_13559,0.004128
test_13560,0.010053
test_13561,0.003623
test_13562,0.018833
test_13563,0.990665
test_13564,0.624271
test_13565,0.996470
test_13566,0.308387
test_13567,0.995902
test_13568,0.262959
test_13569,0.973193
test_13570,0.974011
test_13571,0.032916
test_13572,0.959237
test_13573,0.997321
test_13574,0.662092
test_13575,0.993367
test_13576,0.103157
test_13577,0.002380
test_13578,0.937699
test_13579,0.192660
test_13580,0.054564
test_13581,0.954985
test_13582,0.991477
test_13583,0.002627
test_13584,0.996820
test_13585,0.997724
test_13586,0.997717
test_13587,0.079095
test_13588,0.991342
test_13589,0.993525
test_13590,0.002335
test_13591,0.009530
test_13592,0.905556
test_13593,0.996172
test_13594,0.026487
test_13595,0.003808
test_13596,0.003850
test_13597,0.002235
test_13598,0.002850
test_13599,0.931626
test_13600,0.017985
test_13601,0.983025
test_13602,0.996707
test_13603,0.996485
test_13604,0.996525
test_13605,0.456415
test_13606,0.995017
test_13607,0.014780
test_13608,0.008616
test_13609,0.996990
test_13610,0.998134
test_13611,0.987020
test_13612,0.997889
test_13613,0.670270
test_13614,0.998310
test_13615,0.340850
test_13616,0.004155
test_13617,0.998546
test_13618,0.004970
test_13619,0.969558
test_13620,0.008722
test_13621,0.880563
test_13622,0.996214
test_13623,0.002936
test_13624,0.002382
test_13625,0.407833
test_13626,0.036634
test_13627,0.002928
test_13628,0.301822
test_13629,0.004523
test_13630,0.011872
test_13631,0.017358
test_13632,0.994139
test_13633,0.266901
test_13634,0.995173
test_13635,0.627073
test_13636,0.996706
test_13637,0.862406
test_13638,0.997969
test_13639,0.932536
test_13640,0.622438
test_13641,0.036005
test_13642,0.164294
test_13643,0.002316
test_13644,0.003597
test_13645,0.997865
test_13646,0.993530
test_13647,0.914813
test_13648,0.230233
test_13649,0.027391
test_13650,0.002604
test_13651,0.094814
test_13652,0.006487
test_13653,0.975830
test_13654,0.005916
test_13655,0.016410
test_13656,0.005197
test_13657,0.027751
test_13658,0.658114
test_13659,0.948316
test_13660,0.001844
test_13661,0.484525
test_13662,0.787920
test_13663,0.002341
test_13664,0.996991
test_13665,0.021822
test_13666,0.986975
test_13667,0.007382
test_13668,0.004009
test_13669,0.555550
test_13670,0.047893
test_13671,0.036684
test_13672,0.003445
test_13673,0.010546
test_13674,0.918591
test_13675,0.034018
test_13676,0.869652
test_13677,0.032064
test_13678,0.112757
test_13679,0.005077
test_13680,0.012651
test_13681,0.997980
test_13682,0.915046
test_13683,0.994344
test_13684,0.002941
test_13685,0.994392
test_13686,0.003523
test_13687,0.994086
test_13688,0.996447
test_13689,0.998075
test_13690,0.389577
test_13691,0.997242
test_13692,0.019361
test_13693,0.114550
test_13694,0.002942
test_13695,0.995962
test_13696,0.980628
test_13697,0.265510
test_13698,0.997957
test_13699,0.965921
test_13700,0.997921
test_13701,0.005061
test_13702,0.995733
test_13703,0.033910
test_13704,0.002279
test_13705,0.997733
test_13706,0.005229
test_13707,0.001476
test_13708,0.004011
test_13709,0.907034
test_13710,0.583378
test_13711,0.203833
test_13712,0.700957
test_13713,0.985487
test_13714,0.003454
test_13715,0.377379
test_13716,0.014494
test_13717,0.976719
test_13718,0.146684
test_13719,0.394241
test_13720,0.137840
test_13721,0.789290
test_13722,0.293243
test_13723,0.068494
test_13724,0.180310
test_13725,0.992754
test_13726,0.001649
test_13727,0.449230
test_13728,0.003482
test_13729,0.997770
test_13730,0.002393
test_13731,0.001769
test_13732,0.985836
test_13733,0.981438
test_13734,0.010912
test_13735,0.997640
test_13736,0.971516
test_13737,0.004045
test_13738,0.534537
test_13739,0.993669
test_13740,0.414239
test_13741,0.082430
test_13742,0.155380
test_13743,0.004455
test_13744,0.526044
test_13745,0.821992
test_13746,0.030228
test_13747,0.003140
test_13748,0.003502
test_13749,0.115881
test_13750,0.001875
test_13751,0.854725
test_13752,0.064245
test_13753,0.990419
test_13754,0.995672
test_13755,0.061299
test_13756,0.998530
test_13757,0.305563
test_13758,0.002443
test_13759,0.589676
test_13760,0.002096
test_13761,0.004706
test_13762,0.001610
test_13763,0.997291
test_13764,0.993926
test_13765,0.989185
test_13766,0.002908
test_13767,0.923430
test_13768,0.997281
test_13769,0.985942
test_13770,0.013797
test_13771,0.987001
test_13772,0.003107
test_13773,0.843678
test_13774,0.107135
test_13775,0.001894
test_13776,0.975827
test_13777,0.076384
test_13778,0.997822
test_13779,0.808375
test_13780,0.980176
test_13781,0.004029
test_13782,0.996732
test_13783,0.309230
test_13784,0.002894
test_13785,0.996398
test_13786,0.075273
test_13787,0.895543
test_13788,0.047054
test_13789,0.315557
test_13790,0.214814
test_13791,0.126747
test_13792,0.894910
test_13793,0.002212
test_13794,0.039445
test_13795,0.003144
test_13796,0.998041
test_13797,0.996439
test_13798,0.001706
test_13799,0.079704
test_13800,0.983019
test_13801,0.962857
test_13802,0.003228
test_13803,0.002068
test_13804,0.008349
test_13805,0.021661
test_13806,0.990827
test_13807,0.003033
test_13808,0.986740
test_13809,0.145530
test_13810,0.996763
test_13811,0.005166
test_13812,0.721663
test_13813,0.997731
test_13814,0.002182
test_13815,0.995578
test_13816,0.997454
test_13817,0.968145
test_13818,0.004003
test_13819,0.746160
test_13820,0.927501
test_13821,0.303447
test_13822,0.109626
test_13823,0.996850
test_13824,0.003419
test_13825,0.032252
test_13826,0.936672
test_13827,0.973185
test_13828,0.669307
test_13829,0.998016
test_13830,0.099303
test_13831,0.101525
test_13832,0.899274
test_13833,0.997676
test_13834,0.071285
test_13835,0.994584
test_13836,0.977390
test_13837,0.058239
test_13838,0.695575
test_13839,0.998095
test_13840,0.968015
test_13841,0.002345
test_13842,0.990471
test_13843,0.132887
test_13844,0.065221
test_13845,0.920528
test_13846,0.683656
test_13847,0.001871
test_13848,0.994569
test_13849,0.194915
test_13850,0.907207
test_13851,0.987939
test_13852,0.062270
test_13853,0.991761
test_13854,0.875445
test_13855,0.151146
test_13856,0.003490
test_13857,0.991326
test_13858,0.982643
test_13859,0.987234
test_13860,0.012731
test_13861,0.997062
test_13862,0.997493
test_13863,0.985157
test_13864,0.447337
test_13865,0.997841
test_13866,0.004826
test_13867,0.095507
test_13868,0.028977
test_13869,0.557716
test_13870,0.015074
test_13871,0.001975
test_13872,0.174361
test_13873,0.949867
test_13874,0.997400
test_13875,0.002887
test_13876,0.996907
test_13877,0.088110
test_13878,0.673628
test_13879,0.139207
test_13880,0.878129
test_13881,0.998008
test_13882,0.005101
test_13883,0.997273
test_13884,0.006485
test_13885,0.181191
test_13886,0.005803
test_13887,0.826879
test_13888,0.986812
test_13889,0.002176
test_13890,0.406909
test_13891,0.997654
test_13892,0.987012
test_13893,0.003209
test_13894,0.001768
test_13895,0.001922
test_13896,0.981676
test_13897,0.001772
test_13898,0.970652
test_13899,0.998038
test_13900,0.984510
test_13901,0.012732
test_13902,0.015477
test_13903,0.989878
test_13904,0.903125
test_13905,0.005258
test_13906,0.995254
test_13907,0.996475
test_13908,0.003129
test_13909,0.890247
test_13910,0.996922
test_13911,0.186700
test_13912,0.953868
test_13913,0.002004
test_13914,0.008618
test_13915,0.017614
test_13916,0.839550
test_13917,0.002870
test_13918,0.023493
test_13919,0.997477
test_13920,0.020787
test_13921,0.994088
test_13922,0.909236
test_13923,0.995738
test_13924,0.997117
test_13925,0.997393
test_13926,0.853879
test_13927,0.001540
test_13928,0.996994
test_13929,0.964445
test_13930,0.995165
test_13931,0.806973
test_13932,0.995530
test_13933,0.163923
test_13934,0.003394
test_13935,0.017006
test_13936,0.975261
test_13937,0.633605
test_13938,0.932455
test_13939,0.998462
test_13940,0.998396
test_13941,0.033684
test_13942,0.152566
test_13943,0.825892
test_13944,0.997394
test_13945,0.002207
test_13946,0.010245
test_13947,0.974199
test_13948,0.001711
test_13949,0.009244
test_13950,0.034082
test_13951,0.359093
test_13952,0.978161
test_13953,0.994023
test_13954,0.971049
test_13955,0.997953
test_13956,0.997698
test_13957,0.081664
test_13958,0.996386
test_13959,0.001836
test_13960,0.958381
test_13961,0.998541
test_13962,0.555919
test_13963,0.992839
test_13964,0.842923
test_13965,0.995117
test_13966,0.528798
test_13967,0.995904
test_13968,0.424650
test_13969,0.075512
test_13970,0.008221
test_13971,0.677489
test_13972,0.004760
test_13973,0.998111
test_13974,0.915679
test_13975,0.997241
test_13976,0.671643
test_13977,0.995763
test_13978,0.994171
test_13979,0.001776
test_13980,0.065638
test_13981,0.002257
test_13982,0.966485
test_13983,0.996396
test_13984,0.495002
test_13985,0.996794
test_13986,0.617174
test_13987,0.052241
test_13988,0.994817
test_13989,0.996387
test_13990,0.997989
test_13991,0.089971
test_13992,0.989648
test_13993,0.002501
test_13994,0.070352
test_13995,0.694811
test_13996,0.994866
test_13997,0.006879
test_13998,0.006455
test_13999,0.997907
test_14000,0.001783
test_14001,0.020904
test_14002,0.003268
test_14003,0.820653
test_14004,0.887991
test_14005,0.003120
test_14006,0.996925
test_14007,0.996960
test_14008,0.764451
test_14009,0.982810
test_14010,0.001693
test_14011,0.996538
test_14012,0.994894
test_14013,0.995864
test_14014,0.003333
test_14015,0.832237
test_14016,0.997033
test_14017,0.001729
test_14018,0.011140
test_14019,0.990815
test_14020,0.740668
test_14021,0.030544
test_14022,0.998041
test_14023,0.002031
test_14024,0.003450
test_14025,0.975691
test_14026,0.045349
test_14027,0.002484
test_14028,0.974519
test_14029,0.001937
test_14030,0.997813
test_14031,0.308216
test_14032,0.001618
test_14033,0.015788
test_14034,0.001877
test_14035,0.202544
test_14036,0.002451
test_14037,0.274384
test_14038,0.001805
test_14039,0.828235
test_14040,0.032861
test_14041,0.004797
test_14042,0.997081
test_14043,0.904413
test_14044,0.842555
test_14045,0.012873
test_14046,0.973104
test_14047,0.922208
test_14048,0.031318
test_14049,0.183428
test_14050,0.971706
test_14051,0.009612
test_14052,0.993609
test_14053,0.998369
test_14054,0.896842
test_14055,0.008052
test_14056,0.003139
test_14057,0.995128
test_14058,0.956059
test_14059,0.962398
test_14060,0.003017
test_14061,0.992011
test_14062,0.171942
test_14063,0.002172
test_14064,0.994483
test_14065,0.997760
test_14066,0.002057
test_14067,0.054168
test_14068,0.996558
test_14069,0.049188
test_14070,0.016651
test_14071,0.006906
test_14072,0.005231
test_14073,0.261767
test_14074,0.998312
test_14075,0.042963
test_14076,0.002260
test_14077,0.997882
test_14078,0.882379
test_14079,0.988157
test_14080,0.988663
test_14081,0.914292
test_14082,0.236270
test_14083,0.035651
test_14084,0.270006
test_14085,0.996955
test_14086,0.696857
test_14087,0.997920
test_14088,0.996724
test_14089,0.329780
test_14090,0.276650
test_14091,0.005875
test_14092,0.721252
test_14093,0.777164
test_14094,0.988079
test_14095,0.974853
test_14096,0.994564
test_14097,0.942875
test_14098,0.968452
test_14099,0.140034
test_14100,0.076862
test_14101,0.996581
test_14102,0.775106
test_14103,0.031598
test_14104,0.943691
test_14105,0.003246
test_14106,0.996929
test_14107,0.873039
test_14108,0.007090
test_14109,0.002498
test_14110,0.003011
test_14111,0.998235
test_14112,0.004452
test_14113,0.002109
test_14114,0.002061
test_14115,0.003117
test_14116,0.998321
test_14117,0.949554
test_14118,0.039919
test_14119,0.998169
test_14120,0.002137
test_14121,0.003530
test_14122,0.895035
test_14123,0.883117
test_14124,0.003147
test_14125,0.955138
test_14126,0.963012
test_14127,0.374801
test_14128,0.011080
test_14129,0.255433
test_14130,0.001542
test_14131,0.385802
test_14132,0.917112
test_14133,0.035517
test_14134,0.013482
test_14135,0.232649
test_14136,0.482409
test_14137,0.120847
test_14138,0.374894
test_14139,0.172949
test_14140,0.997544
test_14141,0.538135
test_14142,0.002794
test_14143,0.007647
test_14144,0.037496
test_14145,0.031971
test_14146,0.963178
test_14147,0.998120
test_14148,0.003811
test_14149,0.951940
test_14150,0.027005
test_14151,0.438836
test_14152,0.990668
test_14153,0.003304
test_14154,0.024710
test_14155,0.557944
test_14156,0.001854
test_14157,0.072991
test_14158,0.987135
test_14159,0.052551
test_14160,0.024104
test_14161,0.005675
test_14162,0.994006
test_14163,0.998567
test_14164,0.018613
test_14165,0.997726
test_14166,0.302733
test_14167,0.473807
test_14168,0.005019
test_14169,0.004691
test_14170,0.998025
test_14171,0.497374
test_14172,0.071415
test_14173,0.004039
test_14174,0.606088
test_14175,0.996150
test_14176,0.033768
test_14177,0.002883
test_14178,0.006286
test_14179,0.990997
test_14180,0.480004
test_14181,0.053753
test_14182,0.013937
test_14183,0.349062
test_14184,0.307754
test_14185,0.998070
test_14186,0.002761
test_14187,0.001868
test_14188,0.414292
test_14189,0.040788
test_14190,0.980286
test_14191,0.983859
test_14192,0.997609
test_14193,0.003801
test_14194,0.265785
test_14195,0.992474
test_14196,0.997715
test_14197,0.914043
test_14198,0.899023
test_14199,0.020123
test_14200,0.743280
test_14201,0.004118
test_14202,0.861754
test_14203,0.465963
test_14204,0.393072
test_14205,0.506169
test_14206,0.106246
test_14207,0.003254
test_14208,0.822675
test_14209,0.054404
test_14210,0.995530
test_14211,0.005789
test_14212,0.996908
test_14213,0.005505
test_14214,0.321510
test_14215,0.528957
test_14216,0.390967
test_14217,0.003481
test_14218,0.569489
test_14219,0.105628
test_14220,0.002177
test_14221,0.998380
test_14222,0.005663
test_14223,0.728220
test_14224,0.040858
test_14225,0.996947
test_14226,0.002806
test_14227,0.998289
test_14228,0.001969
test_14229,0.987857
test_14230,0.996261
test_14231,0.218473
test_14232,0.006301
test_14233,0.997118
test_14234,0.002422
test_14235,0.002226
test_14236,0.001614
test_14237,0.997681
test_14238,0.102583
test_14239,0.941502
test_14240,0.001861
test_14241,0.764493
test_14242,0.060304
test_14243,0.997762
test_14244,0.571210
test_14245,0.946723
test_14246,0.997606
test_14247,0.843376
test_14248,0.987142
test_14249,0.003904
test_14250,0.997418
test_14251,0.978339
test_14252,0.198401
test_14253,0.998118
test_14254,0.993466
test_14255,0.346887
test_14256,0.007501
test_14257,0.876532
test_14258,0.004462
test_14259,0.996221
test_14260,0.007744
test_14261,0.002848
test_14262,0.925620
test_14263,0.190394
test_14264,0.997842
test_14265,0.003017
test_14266,0.001742
test_14267,0.467689
test_14268,0.005477
test_14269,0.422559
test_14270,0.002146
test_14271,0.002066
test_14272,0.834850
test_14273,0.001960
test_14274,0.998132
test_14275,0.002765
test_14276,0.012872
test_14277,0.004840
test_14278,0.994851
test_14279,0.990663
test_14280,0.400457
test_14281,0.987375
test_14282,0.487631
test_14283,0.002993
test_14284,0.996954
test_14285,0.398402
test_14286,0.991003
test_14287,0.723930
test_14288,0.413405
test_14289,0.995625
test_14290,0.064533
test_14291,0.958879
test_14292,0.325942
test_14293,0.993437
test_14294,0.003632
test_14295,0.994689
test_14296,0.997614
test_14297,0.939423
test_14298,0.998237
test_14299,0.987145
test_14300,0.003668
test_14301,0.005404
test_14302,0.002335
test_14303,0.997855
test_14304,0.648537
test_14305,0.031366
test_14306,0.960117
test_14307,0.996979
test_14308,0.988281
test_14309,0.008667
test_14310,0.001495
test_14311,0.998230
test_14312,0.837281
test_14313,0.985772
test_14314,0.989230
test_14315,0.002032
test_14316,0.001951
test_14317,0.263058
test_14318,0.004967
test_14319,0.974812
test_14320,0.013020
test_14321,0.998124
test_14322,0.997248
test_14323,0.472026
test_14324,0.333432
test_14325,0.836669
test_14326,0.015944
test_14327,0.007357
test_14328,0.990044
test_14329,0.002194
test_14330,0.092750
test_14331,0.121175
test_14332,0.739501
test_14333,0.059245
test_14334,0.997435
test_14335,0.997507
test_14336,0.993302
test_14337,0.002099
test_14338,0.009872
test_14339,0.981564
test_14340,0.184611
test_14341,0.995906
test_14342,0.256241
test_14343,0.973848
test_14344,0.015768
test_14345,0.002445
test_14346,0.978896
test_14347,0.998133
test_14348,0.006976
test_14349,0.723576
test_14350,0.949239
test_14351,0.002566
test_14352,0.007465
test_14353,0.988833
test_14354,0.002268
test_14355,0.953916
test_14356,0.979574
test_14357,0.002243
test_14358,0.940011
test_14359,0.976001
test_14360,0.924974
test_14361,0.003071
test_14362,0.990438
test_14363,0.015061
test_14364,0.991002
test_14365,0.011098
test_14366,0.892070
test_14367,0.589363
test_14368,0.263283
test_14369,0.754185
test_14370,0.998495
test_14371,0.621893
test_14372,0.012783
test_14373,0.005212
test_14374,0.092068
test_14375,0.069832
test_14376,0.001922
test_14377,0.001727
test_14378,0.990965
test_14379,0.002365
test_14380,0.882814
test_14381,0.560634
test_14382,0.413499
test_14383,0.997555
test_14384,0.006460
test_14385,0.004476
test_14386,0.609188
test_14387,0.486025
test_14388,0.003103
test_14389,0.097324
test_14390,0.997734
test_14391,0.960834
test_14392,0.966090
test_14393,0.022360
test_14394,0.989402
test_14395,0.704925
test_14396,0.998414
test_14397,0.998448
test_14398,0.759762
test_14399,0.014247
test_14400,0.925381
test_14401,0.893715
test_14402,0.003012
test_14403,0.993718
test_14404,0.268973
test_14405,0.991834
test_14406,0.159145
test_14407,0.013131
test_14408,0.034666
test_14409,0.989895
test_14410,0.972937
test_14411,0.011443
test_14412,0.916174
test_14413,0.578902
test_14414,0.002973
test_14415,0.423999
test_14416,0.993720
test_14417,0.002083
test_14418,0.010228
test_14419,0.002389
test_14420,0.002246
test_14421,0.997750
test_14422,0.167591
test_14423,0.002617
test_14424,0.015003
test_14425,0.554267
test_14426,0.003038
test_14427,0.991250
test_14428,0.002638
test_14429,0.994089
test_14430,0.005483
test_14431,0.960041
test_14432,0.002793
test_14433,0.995632
test_14434,0.995358
test_14435,0.161014
test_14436,0.745135
test_14437,0.968760
test_14438,0.991999
test_14439,0.002052
test_14440,0.061044
test_14441,0.997821
test_14442,0.002831
test_14443,0.994736
test_14444,0.804071
test_14445,0.002826
test_14446,0.191337
test_14447,0.997554
test_14448,0.026468
test_14449,0.009840
test_14450,0.498673
test_14451,0.173047
test_14452,0.005672
test_14453,0.230422
test_14454,0.002449
test_14455,0.589567
test_14456,0.132565
test_14457,0.026489
test_14458,0.983185
test_14459,0.029606
test_14460,0.004692
test_14461,0.029080
test_14462,0.995660
test_14463,0.347467
test_14464,0.987458
test_14465,0.997993
test_14466,0.981516
test_14467,0.006994
test_14468,0.455231
test_14469,0.050470
test_14470,0.955564
test_14471,0.017199
test_14472,0.013258
test_14473,0.057376
test_14474,0.640828
test_14475,0.777943
test_14476,0.974752
test_14477,0.987976
test_14478,0.998485
test_14479,0.177677
test_14480,0.994076
test_14481,0.839351
test_14482,0.996074
test_14483,0.304590
test_14484,0.997106
test_14485,0.277683
test_14486,0.001715
test_14487,0.821589
test_14488,0.996352
test_14489,0.003600
test_14490,0.003759
test_14491,0.997716
test_14492,0.273218
test_14493,0.021809
test_14494,0.206679
test_14495,0.002110
test_14496,0.199341
test_14497,0.997299
test_14498,0.997192
test_14499,0.006007
test_14500,0.020661
test_14501,0.002911
test_14502,0.961823
test_14503,0.990415
test_14504,0.002931
test_14505,0.002423
test_14506,0.003019
test_14507,0.986962
test_14508,0.028086
test_14509,0.002948
test_14510,0.912254
test_14511,0.984879
test_14512,0.994660
test_14513,0.004071
test_14514,0.002406
test_14515,0.004661
test_14516,0.997401
test_14517,0.003506
test_14518,0.517436
test_14519,0.418965
test_14520,0.003840
test_14521,0.903769
test_14522,0.006737
test_14523,0.996928
test_14524,0.998260
test_14525,0.232935
test_14526,0.002020
test_14527,0.472603
test_14528,0.995964
test_14529,0.091211
test_14530,0.990969
test_14531,0.554237
test_14532,0.044123
test_14533,0.011467
test_14534,0.823868
test_14535,0.001670
test_14536,0.996344
test_14537,0.007524
test_14538,0.039089
test_14539,0.004117
test_14540,0.422084
test_14541,0.001666
test_14542,0.997120
test_14543,0.001785
test_14544,0.009523
test_14545,0.955170
test_14546,0.611248
test_14547,0.923451
test_14548,0.003857
test_14549,0.099654
test_14550,0.957670
test_14551,0.898127
test_14552,0.086292
test_14553,0.997924
test_14554,0.009802
test_14555,0.116041
test_14556,0.628364
test_14557,0.982680
test_14558,0.288802
test_14559,0.011679
test_14560,0.002403
test_14561,0.997947
test_14562,0.997988
test_14563,0.985012
test_14564,0.001775
test_14565,0.985970
test_14566,0.441954
test_14567,0.905228
test_14568,0.997978
test_14569,0.017390
test_14570,0.991746
test_14571,0.013172
test_14572,0.172896
test_14573,0.997743
test_14574,0.939570
test_14575,0.001858
test_14576,0.144533
test_14577,0.140245
test_14578,0.001777
test_14579,0.024495
test_14580,0.076120
test_14581,0.997802
test_14582,0.997830
test_14583,0.990777
test_14584,0.953068
test_14585,0.933312
test_14586,0.003228
test_14587,0.118785
test_14588,0.992168
test_14589,0.038016
test_14590,0.996448
test_14591,0.995315
test_14592,0.363219
test_14593,0.844681
test_14594,0.997527
test_14595,0.996367
test_14596,0.001771
test_14597,0.159459
test_14598,0.003276
test_14599,0.996214
test_14600,0.997694
test_14601,0.835890
test_14602,0.755626
test_14603,0.756082
test_14604,0.202692
test_14605,0.019342
test_14606,0.720281
test_14607,0.004183
test_14608,0.997461
test_14609,0.989822
test_14610,0.042603
test_14611,0.716271
test_14612,0.001608
test_14613,0.990032
test_14614,0.997603
test_14615,0.680326
test_14616,0.546948
test_14617,0.992050
test_14618,0.997497
test_14619,0.998101
test_14620,0.830362
test_14621,0.998064
test_14622,0.998524
test_14623,0.998137
test_14624,0.992531
test_14625,0.906315
test_14626,0.996686
test_14627,0.993652
test_14628,0.507497
test_14629,0.996247
test_14630,0.011389
test_14631,0.012417
test_14632,0.022551
test_14633,0.993944
test_14634,0.447673
test_14635,0.936530
test_14636,0.010477
test_14637,0.005905
test_14638,0.404129
test_14639,0.002317
test_14640,0.138080
test_14641,0.003961
test_14642,0.002938
test_14643,0.958637
test_14644,0.290508
test_14645,0.166043
test_14646,0.017720
test_14647,0.522325
test_14648,0.002802
test_14649,0.928390
test_14650,0.963965
test_14651,0.992295
test_14652,0.322612
test_14653,0.945477
test_14654,0.001738
test_14655,0.452989
test_14656,0.014280
test_14657,0.305681
test_14658,0.283304
test_14659,0.994909
test_14660,0.003119
test_14661,0.076831
test_14662,0.847228
test_14663,0.623449
test_14664,0.997739
test_14665,0.002540
test_14666,0.997471
test_14667,0.585221
test_14668,0.806929
test_14669,0.009681
test_14670,0.998362
test_14671,0.004745
test_14672,0.975070
test_14673,0.875967
test_14674,0.934199
test_14675,0.996715
test_14676,0.913914
test_14677,0.001778
test_14678,0.782521
test_14679,0.996255
test_14680,0.013629
test_14681,0.998068
test_14682,0.963448
test_14683,0.003870
test_14684,0.991101
test_14685,0.663432
test_14686,0.386641
test_14687,0.055206
test_14688,0.922612
test_14689,0.003926
test_14690,0.978695
test_14691,0.763620
test_14692,0.006774
test_14693,0.886223
test_14694,0.736403
test_14695,0.975062
test_14696,0.997580
test_14697,0.004144
test_14698,0.983144
test_14699,0.998102
test_14700,0.982132
test_14701,0.175537
test_14702,0.998509
test_14703,0.003002
test_14704,0.994794
test_14705,0.104761
test_14706,0.679969
test_14707,0.004461
test_14708,0.005994
test_14709,0.986367
test_14710,0.996917
test_14711,0.027042
test_14712,0.002355
test_14713,0.997423
test_14714,0.989252
test_14715,0.299590
test_14716,0.761683
test_14717,0.455720
test_14718,0.003810
test_14719,0.856087
test_14720,0.997915
test_14721,0.782334
test_14722,0.991646
test_14723,0.997382
test_14724,0.777729
test_14725,0.912796
test_14726,0.997365
test_14727,0.701720
test_14728,0.006591
test_14729,0.504916
test_14730,0.746835
test_14731,0.997190
test_14732,0.944988
test_14733,0.140561
test_14734,0.002030
test_14735,0.993696
test_14736,0.996339
test_14737,0.981254
test_14738,0.009308
test_14739,0.976724
test_14740,0.981153
test_14741,0.007507
test_14742,0.023613
test_14743,0.996673
test_14744,0.998069
test_14745,0.993375
test_14746,0.368760
test_14747,0.785345
test_14748,0.002399
test_14749,0.464131
test_14750,0.013235
test_14751,0.006728
test_14752,0.003019
test_14753,0.002717
test_14754,0.998188
test_14755,0.661227
test_14756,0.956844
test_14757,0.987943
test_14758,0.975364
test_14759,0.003266
test_14760,0.772924
test_14761,0.139331
test_14762,0.002532
test_14763,0.487031
test_14764,0.998030
test_14765,0.003007
test_14766,0.969344
test_14767,0.996599
test_14768,0.998113
test_14769,0.996683
test_14770,0.987554
test_14771,0.996675
test_14772,0.674077
test_14773,0.002462
test_14774,0.994684
test_14775,0.002378
test_14776,0.972575
test_14777,0.988068
test_14778,0.842956
test_14779,0.009882
test_14780,0.995600
test_14781,0.005342
test_14782,0.764504
test_14783,0.003286
test_14784,0.554246
test_14785,0.661657
test_14786,0.331992
test_14787,0.099285
test_14788,0.963714
test_14789,0.106819
test_14790,0.484097
test_14791,0.979035
test_14792,0.891185
test_14793,0.978799
test_14794,0.004005
test_14795,0.931116
test_14796,0.907981
test_14797,0.990143
test_14798,0.997727
test_14799,0.066143
test_14800,0.079903
test_14801,0.008422
test_14802,0.041646
test_14803,0.407003
test_14804,0.001841
test_14805,0.005829
test_14806,0.003464
test_14807,0.002088
test_14808,0.886706
test_14809,0.995581
test_14810,0.594311
test_14811,0.003221
test_14812,0.986372
test_14813,0.991421
test_14814,0.392424
test_14815,0.997789
test_14816,0.032782
test_14817,0.684604
test_14818,0.003012
test_14819,0.997230
test_14820,0.002747
test_14821,0.163823
test_14822,0.995956
test_14823,0.006930
test_14824,0.623112
test_14825,0.219132
test_14826,0.981589
test_14827,0.981213
test_14828,0.003625
test_14829,0.916187
test_14830,0.341446
test_14831,0.927543
test_14832,0.002546
test_14833,0.011729
test_14834,0.743626
test_14835,0.006578
test_14836,0.989690
test_14837,0.005980
test_14838,0.002456
test_14839,0.436016
test_14840,0.013906
test_14841,0.997131
test_14842,0.997323
test_14843,0.002963
test_14844,0.171402
test_14845,0.913314
test_14846,0.996501
test_14847,0.998325
test_14848,0.997834
test_14849,0.998347
test_14850,0.004348
test_14851,0.993059
test_14852,0.011420
test_14853,0.074469
test_14854,0.001631
test_14855,0.991430
test_14856,0.006043
test_14857,0.997321
test_14858,0.464160
test_14859,0.987570
test_14860,0.987569
test_14861,0.054765
test_14862,0.995997
test_14863,0.365505
test_14864,0.003759
test_14865,0.978330
test_14866,0.078206
test_14867,0.015275
test_14868,0.004102
test_14869,0.996619
test_14870,0.035601
test_14871,0.983646
test_14872,0.981925
test_14873,0.516446
test_14874,0.041208
test_14875,0.754144
test_14876,0.021467
test_14877,0.001894
test_14878,0.997625
test_14879,0.473018
test_14880,0.992799
test_14881,0.122762
test_14882,0.002423
test_14883,0.992717
test_14884,0.093319
test_14885,0.798056
test_14886,0.009651
test_14887,0.029511
test_14888,0.997338
test_14889,0.105892
test_14890,0.007840
test_14891,0.997175
test_14892,0.002098
test_14893,0.003515
test_14894,0.989117
test_14895,0.955336
test_14896,0.002851
test_14897,0.097876
test_14898,0.992140
test_14899,0.228511
test_14900,0.030627
test_14901,0.007256
test_14902,0.003094
test_14903,0.991043
test_14904,0.476836
test_14905,0.997526
test_14906,0.993307
test_14907,0.014881
test_14908,0.002762
test_14909,0.002126
test_14910,0.311144
test_14911,0.994915
test_14912,0.995440
test_14913,0.995986
test_14914,0.891603
test_14915,0.182824
test_14916,0.986534
test_14917,0.896349
test_14918,0.230118
test_14919,0.003126
test_14920,0.391540
test_14921,0.080790
test_14922,0.007778
test_14923,0.002052
test_14924,0.993856
test_14925,0.997389
test_14926,0.039470
test_14927,0.004713
test_14928,0.992971
test_14929,0.029732
test_14930,0.009266
test_14931,0.997602
test_14932,0.022097
test_14933,0.860420
test_14934,0.034979
test_14935,0.006776
test_14936,0.991607
test_14937,0.490968
test_14938,0.264079
test_14939,0.040047
test_14940,0.073687
test_14941,0.996123
test_14942,0.993727
test_14943,0.013128
test_14944,0.070007
test_14945,0.098441
test_14946,0.003576
test_14947,0.988940
test_14948,0.984160
test_14949,0.647934
test_14950,0.970462
test_14951,0.019770
test_14952,0.020125
test_14953,0.997349
test_14954,0.004841
test_14955,0.019080
test_14956,0.320027
test_14957,0.960348
test_14958,0.002561
test_14959,0.361645
test_14960,0.885193
test_14961,0.994546
test_14962,0.541638
test_14963,0.668484
test_14964,0.693637
test_14965,0.997825
test_14966,0.988596
test_14967,0.037816
test_14968,0.001951
test_14969,0.003580
test_14970,0.002410
test_14971,0.019751
test_14972,0.985929
test_14973,0.047372
test_14974,0.997070
test_14975,0.987824
test_14976,0.006620
test_14977,0.016085
test_14978,0.656345
test_14979,0.002626
test_14980,0.997609
test_14981,0.997187
test_14982,0.681051
test_14983,0.965729
test_14984,0.147487
test_14985,0.277055
test_14986,0.977180
test_14987,0.005734
test_14988,0.233543
test_14989,0.997118
test_14990,0.024851
test_14991,0.998439
test_14992,0.974947
test_14993,0.997456
test_14994,0.695489
test_14995,0.246088
test_14996,0.986376
test_14997,0.002721
test_14998,0.998113
test_14999,0.997907
test_15000,0.982770
test_15001,0.267403
test_15002,0.002450
test_15003,0.003155
test_15004,0.369461
test_15005,0.006204
test_15006,0.001743
test_15007,0.010952
test_15008,0.997855
test_15009,0.012893
test_15010,0.003632
test_15011,0.003107
test_15012,0.072771
test_15013,0.994098
test_15014,0.625340
test_15015,0.887208
test_15016,0.006247
test_15017,0.491492
test_15018,0.970085
test_15019,0.383893
test_15020,0.972087
test_15021,0.315822
test_15022,0.002015
test_15023,0.993523
test_15024,0.991171
test_15025,0.004035
test_15026,0.010964
test_15027,0.007417
test_15028,0.009509
test_15029,0.973781
test_15030,0.002487
test_15031,0.002613
test_15032,0.019841
test_15033,0.002680
test_15034,0.997783
test_15035,0.143248
test_15036,0.009400
test_15037,0.116048
test_15038,0.927963
test_15039,0.030549
test_15040,0.990189
test_15041,0.022554
test_15042,0.997795
test_15043,0.002073
test_15044,0.997564
test_15045,0.504211
test_15046,0.002563
test_15047,0.914128
test_15048,0.998053
test_15049,0.997338
test_15050,0.988433
test_15051,0.997268
test_15052,0.991370
test_15053,0.008776
test_15054,0.015322
test_15055,0.003578
test_15056,0.882373
test_15057,0.140431
test_15058,0.749224
test_15059,0.982478
test_15060,0.019024
test_15061,0.987302
test_15062,0.887748
test_15063,0.995965
test_15064,0.002401
test_15065,0.839399
test_15066,0.001517
test_15067,0.982178
test_15068,0.473202
test_15069,0.011437
test_15070,0.917213
test_15071,0.323059
test_15072,0.896659
test_15073,0.004295
test_15074,0.004736
test_15075,0.001906
test_15076,0.894817
test_15077,0.895906
test_15078,0.163508
test_15079,0.708987
test_15080,0.288003
test_15081,0.871646
test_15082,0.973717
test_15083,0.997746
test_15084,0.974997
test_15085,0.995646
test_15086,0.002262
test_15087,0.672704
test_15088,0.506679
test_15089,0.003852
test_15090,0.003937
test_15091,0.946609
test_15092,0.970643
test_15093,0.001794
test_15094,0.871450
test_15095,0.024416
test_15096,0.002248
test_15097,0.997155
test_15098,0.015917
test_15099,0.436745
test_15100,0.979448
test_15101,0.001829
test_15102,0.996525
test_15103,0.024225
test_15104,0.937536
test_15105,0.996119
test_15106,0.639912
test_15107,0.214228
test_15108,0.010461
test_15109,0.456637
test_15110,0.456252
test_15111,0.932465
test_15112,0.661472
test_15113,0.911742
test_15114,0.985534
test_15115,0.997973
test_15116,0.998378
test_15117,0.095003
test_15118,0.039328
test_15119,0.002073
test_15120,0.008389
test_15121,0.002596
test_15122,0.070806
test_15123,0.369929
test_15124,0.002316
test_15125,0.077553
test_15126,0.021233
test_15127,0.994272
test_15128,0.764099
test_15129,0.001954
test_15130,0.001929
test_15131,0.902231
test_15132,0.165168
test_15133,0.997157
test_15134,0.995951
test_15135,0.995684
test_15136,0.994121
test_15137,0.057818
test_15138,0.781062
test_15139,0.003061
test_15140,0.003434
test_15141,0.997934
test_15142,0.984619
test_15143,0.014431
test_15144,0.003290
test_15145,0.995184
test_15146,0.997278
test_15147,0.038108
test_15148,0.651540
test_15149,0.037399
test_15150,0.112464
test_15151,0.995613
test_15152,0.046963
test_15153,0.004665
test_15154,0.998103
test_15155,0.051048
test_15156,0.244326
test_15157,0.627268
test_15158,0.014517
test_15159,0.006079
test_15160,0.984528
test_15161,0.997271
test_15162,0.851475
test_15163,0.002321
test_15164,0.995308
test_15165,0.006932
test_15166,0.004165
test_15167,0.794779
test_15168,0.049728
test_15169,0.033162
test_15170,0.025772
test_15171,0.981012
test_15172,0.006825
test_15173,0.005003
test_15174,0.003634
test_15175,0.857175
test_15176,0.951863
test_15177,0.127936
test_15178,0.002492
test_15179,0.851625
test_15180,0.997588
test_15181,0.003405
test_15182,0.081942
test_15183,0.002062
test_15184,0.996392
test_15185,0.998085
test_15186,0.981834
test_15187,0.871067
test_15188,0.997509
test_15189,0.898301
test_15190,0.002275
test_15191,0.231945
test_15192,0.017662
test_15193,0.748231
test_15194,0.010956
test_15195,0.001678
test_15196,0.003768
test_15197,0.994296
test_15198,0.004540
test_15199,0.008757
test_15200,0.001788
test_15201,0.993416
test_15202,0.997573
test_15203,0.245313
test_15204,0.956224
test_15205,0.955415
test_15206,0.997512
test_15207,0.900920
test_15208,0.011307
test_15209,0.003092
test_15210,0.001875
test_15211,0.052379
test_15212,0.015295
test_15213,0.997766
test_15214,0.780792
test_15215,0.984162
test_15216,0.954787
test_15217,0.181707
test_15218,0.997932
test_15219,0.996622
test_15220,0.030205
test_15221,0.002875
test_15222,0.987832
test_15223,0.019642
test_15224,0.016337
test_15225,0.844425
test_15226,0.009953
test_15227,0.001852
test_15228,0.997616
test_15229,0.027535
test_15230,0.994507
test_15231,0.998001
test_15232,0.001895
test_15233,0.040271
test_15234,0.835269
test_15235,0.014815
test_15236,0.992898
test_15237,0.028168
test_15238,0.988024
test_15239,0.749631
test_15240,0.990448
test_15241,0.173417
test_15242,0.001661
test_15243,0.014547
test_15244,0.003073
test_15245,0.571822
test_15246,0.001869
test_15247,0.974553
test_15248,0.965704
test_15249,0.778168
test_15250,0.703359
test_15251,0.997230
test_15252,0.944658
test_15253,0.993729
test_15254,0.004497
test_15255,0.004687
test_15256,0.005548
test_15257,0.763191
test_15258,0.002366
test_15259,0.807580
test_15260,0.945219
test_15261,0.905190
test_15262,0.674473
test_15263,0.998297
test_15264,0.001727
test_15265,0.100974
test_15266,0.978330
test_15267,0.018063
test_15268,0.002708
test_15269,0.789720
test_15270,0.997234
test_15271,0.531202
test_15272,0.978916
test_15273,0.782398
test_15274,0.039184
test_15275,0.021193
test_15276,0.295624
test_15277,0.002680
test_15278,0.997788
test_15279,0.995956
test_15280,0.986223
test_15281,0.006108
test_15282,0.997235
test_15283,0.996074
test_15284,0.760961
test_15285,0.013871
test_15286,0.898523
test_15287,0.996319
test_15288,0.027112
test_15289,0.107234
test_15290,0.276393
test_15291,0.533884
test_15292,0.051310
test_15293,0.073286
test_15294,0.995839
test_15295,0.275718
test_15296,0.997422
test_15297,0.933002
test_15298,0.003203
test_15299,0.220532
test_15300,0.002979
test_15301,0.006751
test_15302,0.029302
test_15303,0.413807
test_15304,0.938605
test_15305,0.991007
test_15306,0.872481
test_15307,0.301887
test_15308,0.325781
test_15309,0.998077
test_15310,0.002486
test_15311,0.010079
test_15312,0.001966
test_15313,0.051538
test_15314,0.021518
test_15315,0.738334
test_15316,0.997271
test_15317,0.561223
test_15318,0.004707
test_15319,0.002398
test_15320,0.187264
test_15321,0.971581
test_15322,0.264460
test_15323,0.885339
test_15324,0.336229
test_15325,0.993201
test_15326,0.610902
test_15327,0.333110
test_15328,0.030635
test_15329,0.996572
test_15330,0.011640
test_15331,0.997483
test_15332,0.979959
test_15333,0.002003
test_15334,0.533098
test_15335,0.106688
test_15336,0.868361
test_15337,0.997250
test_15338,0.001676
test_15339,0.674679
test_15340,0.993965
test_15341,0.989038
test_15342,0.083904
test_15343,0.001800
test_15344,0.994632
test_15345,0.975955
test_15346,0.017637
test_15347,0.951386
test_15348,0.008829
test_15349,0.896127
test_15350,0.002055
test_15351,0.006906
test_15352,0.042816
test_15353,0.655242
test_15354,0.866090
test_15355,0.964089
test_15356,0.048682
test_15357,0.011807
test_15358,0.696422
test_15359,0.706467
test_15360,0.994135
test_15361,0.913675
test_15362,0.020274
test_15363,0.665871
test_15364,0.984669
test_15365,0.004335
test_15366,0.006036
test_15367,0.993520
test_15368,0.859886
test_15369,0.996695
test_15370,0.121247
test_15371,0.426469
test_15372,0.002551
test_15373,0.022699
test_15374,0.579628
test_15375,0.429690
test_15376,0.995440
test_15377,0.634133
test_15378,0.997762
test_15379,0.996390
test_15380,0.983371
test_15381,0.702581
test_15382,0.069084
test_15383,0.005159
test_15384,0.191470
test_15385,0.224454
test_15386,0.950129
test_15387,0.997825
test_15388,0.998260
test_15389,0.771936
test_15390,0.015490
test_15391,0.997644
test_15392,0.401528
test_15393,0.955503
test_15394,0.003721
test_15395,0.981720
test_15396,0.002520
test_15397,0.991495
test_15398,0.992211
test_15399,0.612293
test_15400,0.437531
test_15401,0.004400
test_15402,0.417817
test_15403,0.007041
test_15404,0.002666
test_15405,0.730734
test_15406,0.869587
test_15407,0.996646
test_15408,0.318579
test_15409,0.426679
test_15410,0.928896
test_15411,0.337510
test_15412,0.994566
test_15413,0.998292
test_15414,0.996714
test_15415,0.998063
test_15416,0.021562
test_15417,0.985386
test_15418,0.997112
test_15419,0.992984
test_15420,0.995814
test_15421,0.711722
test_15422,0.016211
test_15423,0.064805
test_15424,0.996803
test_15425,0.997820
test_15426,0.716959
test_15427,0.996851
test_15428,0.982423
test_15429,0.994767
test_15430,0.996686
test_15431,0.996925
test_15432,0.003799
test_15433,0.369030
test_15434,0.969395
test_15435,0.845786
test_15436,0.055387
test_15437,0.993399
test_15438,0.044841
test_15439,0.996010
test_15440,0.011136
test_15441,0.711638
test_15442,0.011737
test_15443,0.646585
test_15444,0.002341
test_15445,0.938061
test_15446,0.885597
test_15447,0.004647
test_15448,0.995626
test_15449,0.015993
test_15450,0.984482
test_15451,0.006898
test_15452,0.957428
test_15453,0.470206
test_15454,0.420323
test_15455,0.997264
test_15456,0.995844
test_15457,0.051172
test_15458,0.010500
test_15459,0.061734
test_15460,0.907485
test_15461,0.867056
test_15462,0.969381
test_15463,0.002583
test_15464,0.002005
test_15465,0.962982
test_15466,0.995672
test_15467,0.294861
test_15468,0.846232
test_15469,0.002199
test_15470,0.907437
test_15471,0.002412
test_15472,0.001719
test_15473,0.559494
test_15474,0.002999
test_15475,0.182688
test_15476,0.023462
test_15477,0.990656
test_15478,0.998074
test_15479,0.959901
test_15480,0.357290
test_15481,0.995336
test_15482,0.029637
test_15483,0.975828
test_15484,0.016071
test_15485,0.967538
test_15486,0.374494
test_15487,0.023745
test_15488,0.144104
test_15489,0.012110
test_15490,0.002234
test_15491,0.002964
test_15492,0.997001
test_15493,0.003333
test_15494,0.875859
test_15495,0.118608
test_15496,0.010033
test_15497,0.979767
test_15498,0.895143
test_15499,0.995542
test_15500,0.004344
test_15501,0.994624
test_15502,0.997499
test_15503,0.996797
test_15504,0.990946
test_15505,0.831117
test_15506,0.997000
test_15507,0.013156
test_15508,0.990440
test_15509,0.005904
test_15510,0.002337
test_15511,0.997454
test_15512,0.003664
test_15513,0.961449
test_15514,0.847640
test_15515,0.813094
test_15516,0.670322
test_15517,0.002353
test_15518,0.013461
test_15519,0.997461
test_15520,0.001641
test_15521,0.975754
test_15522,0.858933
test_15523,0.004750
test_15524,0.007110
test_15525,0.002537
test_15526,0.984032
test_15527,0.995697
test_15528,0.083750
test_15529,0.205114
test_15530,0.942522
test_15531,0.315331
test_15532,0.008221
test_15533,0.138800
test_15534,0.004876
test_15535,0.002157
test_15536,0.064852
test_15537,0.995499
test_15538,0.821871
test_15539,0.098093
test_15540,0.002390
test_15541,0.997920
test_15542,0.115115
test_15543,0.948560
test_15544,0.540163
test_15545,0.205548
test_15546,0.085605
test_15547,0.002662
test_15548,0.005472
test_15549,0.016472
test_15550,0.733717
test_15551,0.003736
test_15552,0.004366
test_15553,0.981403
test_15554,0.940997
test_15555,0.928826
test_15556,0.269379
test_15557,0.001995
test_15558,0.197107
test_15559,0.061927
test_15560,0.996600
test_15561,0.998403
test_15562,0.997839
test_15563,0.997859
test_15564,0.005568
test_15565,0.009871
test_15566,0.996585
test_15567,0.002064
test_15568,0.995117
test_15569,0.016525
test_15570,0.991139
test_15571,0.317854
test_15572,0.002917
test_15573,0.998114
test_15574,0.995117
test_15575,0.012000
test_15576,0.996901
test_15577,0.945203
test_15578,0.998434
test_15579,0.565684
test_15580,0.996706
test_15581,0.005799
test_15582,0.988630
test_15583,0.004435
test_15584,0.002379
test_15585,0.997597
test_15586,0.998001
test_15587,0.109034
test_15588,0.993884
test_15589,0.934525
test_15590,0.001999
test_15591,0.036363
test_15592,0.952294
test_15593,0.967735
test_15594,0.081424
test_15595,0.144673
test_15596,0.991151
test_15597,0.975731
test_15598,0.284899
test_15599,0.002229
test_15600,0.615180
test_15601,0.997544
test_15602,0.002422
test_15603,0.005609
test_15604,0.469961
test_15605,0.003211
test_15606,0.801162
test_15607,0.450386
test_15608,0.500259
test_15609,0.997954
test_15610,0.838787
test_15611,0.244876
test_15612,0.998717
test_15613,0.997579
test_15614,0.685395
test_15615,0.007565
test_15616,0.127295
test_15617,0.584243
test_15618,0.284114
test_15619,0.996183
test_15620,0.012177
test_15621,0.997799
test_15622,0.104927
test_15623,0.144215
test_15624,0.034662
test_15625,0.003089
test_15626,0.990451
test_15627,0.995188
test_15628,0.205588
test_15629,0.004591
test_15630,0.004350
test_15631,0.988775
test_15632,0.676044
test_15633,0.853634
test_15634,0.018957
test_15635,0.005259
test_15636,0.997411
test_15637,0.954527
test_15638,0.282253
test_15639,0.065715
test_15640,0.998065
test_15641,0.693680
test_15642,0.979546
test_15643,0.997308
test_15644,0.016375
test_15645,0.991396
test_15646,0.997984
test_15647,0.003996
test_15648,0.926864
test_15649,0.006159
test_15650,0.996022
test_15651,0.002243
test_15652,0.996114
test_15653,0.002456
test_15654,0.996834
test_15655,0.744839
test_15656,0.674691
test_15657,0.188909
test_15658,0.940319
test_15659,0.003143
test_15660,0.548455
test_15661,0.005129
test_15662,0.093759
test_15663,0.996853
test_15664,0.002954
test_15665,0.991792
test_15666,0.998502
test_15667,0.002030
test_15668,0.994341
test_15669,0.997918
test_15670,0.112347
test_15671,0.941739
test_15672,0.998455
test_15673,0.001811
test_15674,0.409140
test_15675,0.508963
test_15676,0.006031
test_15677,0.001967
test_15678,0.996472
test_15679,0.943491
test_15680,0.998188
test_15681,0.001970
test_15682,0.172271
test_15683,0.953857
test_15684,0.994410
test_15685,0.002281
test_15686,0.998107
test_15687,0.814708
test_15688,0.813376
test_15689,0.331430
test_15690,0.338371
test_15691,0.002432
test_15692,0.003933
test_15693,0.995000
test_15694,0.265897
test_15695,0.172040
test_15696,0.938057
test_15697,0.991317
test_15698,0.005681
test_15699,0.998223
test_15700,0.003485
test_15701,0.962287
test_15702,0.809782
test_15703,0.820070
test_15704,0.021403
test_15705,0.356304
test_15706,0.998009
test_15707,0.998298
test_15708,0.037585
test_15709,0.997906
test_15710,0.997794
test_15711,0.993341
test_15712,0.023724
test_15713,0.998136
test_15714,0.010743
test_15715,0.997411
test_15716,0.008559
test_15717,0.004625
test_15718,0.990381
test_15719,0.002245
test_15720,0.834783
test_15721,0.996693
test_15722,0.989545
test_15723,0.994692
test_15724,0.531252
test_15725,0.964955
test_15726,0.962581
test_15727,0.974009
test_15728,0.305644
test_15729,0.029314
test_15730,0.004383
test_15731,0.037979
test_15732,0.754651
test_15733,0.998032
test_15734,0.028463
test_15735,0.001909
test_15736,0.002714
test_15737,0.993671
test_15738,0.274416
test_15739,0.470518
test_15740,0.002447
test_15741,0.996510
test_15742,0.997079
test_15743,0.992759
test_15744,0.662327
test_15745,0.981674
test_15746,0.998143
test_15747,0.995902
test_15748,0.138578
test_15749,0.992486
test_15750,0.984166
test_15751,0.995811
test_15752,0.687909
test_15753,0.995014
test_15754,0.002568
test_15755,0.997420
test_15756,0.014087
test_15757,0.997187
test_15758,0.947680
test_15759,0.088479
test_15760,0.994256
test_15761,0.686334
test_15762,0.750148
test_15763,0.464063
test_15764,0.982681
test_15765,0.703713
test_15766,0.002817
test_15767,0.567879
test_15768,0.310056
test_15769,0.007578
test_15770,0.419804
test_15771,0.012572
test_15772,0.959620
test_15773,0.007132
test_15774,0.992681
test_15775,0.997199
test_15776,0.001823
test_15777,0.010359
test_15778,0.002595
test_15779,0.014458
test_15780,0.618750
test_15781,0.546556
test_15782,0.970986
test_15783,0.988936
test_15784,0.136156
test_15785,0.830055
test_15786,0.972548
test_15787,0.188104
test_15788,0.059015
test_15789,0.003448
test_15790,0.894968
test_15791,0.002530
test_15792,0.996672
test_15793,0.949742
test_15794,0.952575
test_15795,0.001646
test_15796,0.006499
test_15797,0.007407
test_15798,0.269370
test_15799,0.850362
test_15800,0.990694
test_15801,0.981761
test_15802,0.797792
test_15803,0.008837
test_15804,0.003237
test_15805,0.996258
test_15806,0.013545
test_15807,0.844961
test_15808,0.990355
test_15809,0.982517
test_15810,0.003606
test_15811,0.994995
test_15812,0.806492
test_15813,0.992238
test_15814,0.882892
test_15815,0.033954
test_15816,0.116651
test_15817,0.075147
test_15818,0.002256
test_15819,0.997014
test_15820,0.003574
test_15821,0.983408
test_15822,0.857643
test_15823,0.001838
test_15824,0.968563
test_15825,0.009514
test_15826,0.003962
test_15827,0.972756
test_15828,0.992631
test_15829,0.814136
test_15830,0.001761
test_15831,0.002019
test_15832,0.997316
test_15833,0.984828
test_15834,0.065869
test_15835,0.073379
test_15836,0.991384
test_15837,0.998099
test_15838,0.004501
test_15839,0.997119
test_15840,0.711960
test_15841,0.007743
test_15842,0.998195
test_15843,0.671318
test_15844,0.012660
test_15845,0.895974
test_15846,0.251753
test_15847,0.001908
test_15848,0.006967
test_15849,0.956017
test_15850,0.227792
test_15851,0.969306
test_15852,0.003626
test_15853,0.997938
test_15854,0.957816
test_15855,0.814044
test_15856,0.993378
test_15857,0.001625
test_15858,0.460843
test_15859,0.988113
test_15860,0.002140
test_15861,0.997589
test_15862,0.008235
test_15863,0.997753
test_15864,0.981526
test_15865,0.963656
test_15866,0.994614
test_15867,0.997856
test_15868,0.919712
test_15869,0.004300
test_15870,0.002138
test_15871,0.921617
test_15872,0.005138
test_15873,0.001965
test_15874,0.529595
test_15875,0.002934
test_15876,0.002019
test_15877,0.003676
test_15878,0.996197
test_15879,0.031882
test_15880,0.103240
test_15881,0.003458
test_15882,0.993548
test_15883,0.023948
test_15884,0.997072
test_15885,0.851674
test_15886,0.150520
test_15887,0.998133
test_15888,0.304069
test_15889,0.239577
test_15890,0.553866
test_15891,0.612442
test_15892,0.965303
test_15893,0.087838
test_15894,0.005065
test_15895,0.991183
test_15896,0.964050
test_15897,0.983238
test_15898,0.447885
test_15899,0.043623
test_15900,0.991635
test_15901,0.964373
test_15902,0.305360
test_15903,0.280150
test_15904,0.003040
test_15905,0.977523
test_15906,0.005203
test_15907,0.970194
test_15908,0.002413
test_15909,0.996458
test_15910,0.975332
test_15911,0.034108
test_15912,0.936705
test_15913,0.700370
test_15914,0.993074
test_15915,0.044965
test_15916,0.175899
test_15917,0.009413
test_15918,0.003474
test_15919,0.995614
test_15920,0.949389
test_15921,0.995513
test_15922,0.004796
test_15923,0.949695
test_15924,0.002804
test_15925,0.340086
test_15926,0.984616
test_15927,0.997710
test_15928,0.984435
test_15929,0.995654
test_15930,0.151997
test_15931,0.002868
test_15932,0.997883
test_15933,0.970169
test_15934,0.013893
test_15935,0.998195
test_15936,0.560431
test_15937,0.968614
test_15938,0.997696
test_15939,0.879349
test_15940,0.986366
test_15941,0.980724
test_15942,0.002931
test_15943,0.998118
test_15944,0.029847
test_15945,0.496175
test_15946,0.086137
test_15947,0.224480
test_15948,0.307009
test_15949,0.761466
test_15950,0.138262
test_15951,0.001899
test_15952,0.973174
test_15953,0.004296
test_15954,0.993684
test_15955,0.002743
test_15956,0.387708
test_15957,0.005264
test_15958,0.979375
test_15959,0.997396
test_15960,0.029217
test_15961,0.996688
test_15962,0.997847
test_15963,0.037875
test_15964,0.227318
test_15965,0.004856
test_15966,0.997285
test_15967,0.066324
test_15968,0.026201
test_15969,0.298788
test_15970,0.719079
test_15971,0.002335
test_15972,0.125586
test_15973,0.552237
test_15974,0.055916
test_15975,0.018125
test_15976,0.373920
test_15977,0.675877
test_15978,0.776545
test_15979,0.768079
test_15980,0.417733
test_15981,0.960818
test_15982,0.002196
test_15983,0.997764
test_15984,0.993793
test_15985,0.002037
test_15986,0.004909
test_15987,0.002424
test_15988,0.994048
test_15989,0.030674
test_15990,0.869197
test_15991,0.978240
test_15992,0.001780
test_15993,0.997076
test_15994,0.003088
test_15995,0.633263
test_15996,0.212427
test_15997,0.012584
test_15998,0.450683
test_15999,0.997615
test_16000,0.001598
test_16001,0.003751
test_16002,0.003649
test_16003,0.363222
test_16004,0.003689
test_16005,0.019263
test_16006,0.061743
test_16007,0.597088
test_16008,0.374550
test_16009,0.007399
test_16010,0.626296
test_16011,0.158496
test_16012,0.002135
test_16013,0.997916
test_16014,0.004290
test_16015,0.006025
test_16016,0.240246
test_16017,0.054578
test_16018,0.998304
test_16019,0.002698
test_16020,0.990215
test_16021,0.995386
test_16022,0.894832
test_16023,0.004860
test_16024,0.002157
test_16025,0.002881
test_16026,0.992983
test_16027,0.997343
test_16028,0.073079
test_16029,0.003788
test_16030,0.003811
test_16031,0.321502
test_16032,0.871247
test_16033,0.004091
test_16034,0.996657
test_16035,0.010211
test_16036,0.001796
test_16037,0.005961
test_16038,0.003996
test_16039,0.028553
test_16040,0.022295
test_16041,0.997884
test_16042,0.969311
test_16043,0.996349
test_16044,0.517593
test_16045,0.773725
test_16046,0.004885
test_16047,0.225381
test_16048,0.995668
test_16049,0.125076
test_16050,0.795397
test_16051,0.995532
test_16052,0.001658
test_16053,0.926020
test_16054,0.002417
test_16055,0.002507
test_16056,0.404467
test_16057,0.989971
test_16058,0.302252
test_16059,0.983342
test_16060,0.998424
test_16061,0.993322
test_16062,0.008182
test_16063,0.364498
test_16064,0.997447
test_16065,0.997805
test_16066,0.998117
test_16067,0.995787
test_16068,0.008798
test_16069,0.770231
test_16070,0.910920
test_16071,0.641757
test_16072,0.994485
test_16073,0.001698
test_16074,0.054149
test_16075,0.171456
test_16076,0.524464
test_16077,0.992547
test_16078,0.853094
test_16079,0.079542
test_16080,0.997748
test_16081,0.882741
test_16082,0.995251
test_16083,0.543651
test_16084,0.002999
test_16085,0.019229
test_16086,0.995751
test_16087,0.991492
test_16088,0.093621
test_16089,0.032332
test_16090,0.007411
test_16091,0.759524
test_16092,0.005876
test_16093,0.252328
test_16094,0.996081
test_16095,0.984478
test_16096,0.998441
test_16097,0.253031
test_16098,0.371265
test_16099,0.980510
test_16100,0.006098
test_16101,0.064036
test_16102,0.997140
test_16103,0.007118
test_16104,0.148242
test_16105,0.945103
test_16106,0.989617
test_16107,0.991301
test_16108,0.058082
test_16109,0.997554
test_16110,0.015787
test_16111,0.347664
test_16112,0.997588
test_16113,0.889096
test_16114,0.987538
test_16115,0.005291
test_16116,0.665392
test_16117,0.997798
test_16118,0.412863
test_16119,0.631344
test_16120,0.001798
test_16121,0.968480
test_16122,0.002510
test_16123,0.997998
test_16124,0.911852
test_16125,0.998326
test_16126,0.589963
test_16127,0.993430
test_16128,0.044569
test_16129,0.263141
test_16130,0.974539
test_16131,0.768294
test_16132,0.994498
test_16133,0.004360
test_16134,0.969838
test_16135,0.995579
test_16136,0.946828
test_16137,0.998278
test_16138,0.995644
test_16139,0.940356
test_16140,0.007748
test_16141,0.472292
test_16142,0.089831
test_16143,0.985225
test_16144,0.821153
test_16145,0.002017
test_16146,0.002648
test_16147,0.135773
test_16148,0.046104
test_16149,0.371189
test_16150,0.885133
test_16151,0.826510
test_16152,0.003065
test_16153,0.995438
test_16154,0.251068
test_16155,0.997642
test_16156,0.998188
test_16157,0.005844
test_16158,0.003971
test_16159,0.275091
test_16160,0.308263
test_16161,0.959578
test_16162,0.958105
test_16163,0.006100
test_16164,0.623712
test_16165,0.002393
test_16166,0.001841
test_16167,0.586917
test_16168,0.004820
test_16169,0.997935
test_16170,0.614534
test_16171,0.254991
test_16172,0.002854
test_16173,0.164466
test_16174,0.008111
test_16175,0.992727
test_16176,0.001559
test_16177,0.018960
test_16178,0.002147
test_16179,0.002512
test_16180,0.025341
test_16181,0.967865
test_16182,0.017300
test_16183,0.015403
test_16184,0.997597
test_16185,0.991518
test_16186,0.022000
test_16187,0.184731
test_16188,0.109044
test_16189,0.995826
test_16190,0.016704
test_16191,0.162033
test_16192,0.865610
test_16193,0.992681
test_16194,0.024708
test_16195,0.996836
test_16196,0.033460
test_16197,0.906834
test_16198,0.001810
test_16199,0.494973
test_16200,0.050618
test_16201,0.005890
test_16202,0.997185
test_16203,0.953400
test_16204,0.975411
test_16205,0.978884
test_16206,0.992879
test_16207,0.990931
test_16208,0.002089
test_16209,0.287186
test_16210,0.989340
test_16211,0.998113
test_16212,0.996868
test_16213,0.998181
test_16214,0.002214
test_16215,0.616277
test_16216,0.986054
test_16217,0.001799
test_16218,0.997472
test_16219,0.998211
test_16220,0.998067
test_16221,0.981677
test_16222,0.100004
test_16223,0.922232
test_16224,0.977025
test_16225,0.945387
test_16226,0.903848
test_16227,0.015114
test_16228,0.208015
test_16229,0.508786
test_16230,0.864731
test_16231,0.970112
test_16232,0.001915
test_16233,0.032580
test_16234,0.724002
test_16235,0.991791
test_16236,0.001917
test_16237,0.996896
test_16238,0.341288
test_16239,0.466986
test_16240,0.985456
test_16241,0.001831
test_16242,0.123607
test_16243,0.957774
test_16244,0.307386
test_16245,0.932484
test_16246,0.957401
test_16247,0.002575
test_16248,0.903862
test_16249,0.002568
test_16250,0.998092
test_16251,0.997988
test_16252,0.007702
test_16253,0.562585
test_16254,0.241546
test_16255,0.006136
test_16256,0.104941
test_16257,0.440287
test_16258,0.012098
test_16259,0.330401
test_16260,0.486635
test_16261,0.937334
test_16262,0.998314
test_16263,0.852459
test_16264,0.111304
test_16265,0.996067
test_16266,0.833374
test_16267,0.076109
test_16268,0.997593
test_16269,0.002349
test_16270,0.896676
test_16271,0.997970
test_16272,0.997765
test_16273,0.997808
test_16274,0.997672
test_16275,0.002757
test_16276,0.002777
test_16277,0.997737
test_16278,0.017866
test_16279,0.001971
test_16280,0.984148
test_16281,0.935503
test_16282,0.927555
test_16283,0.002412
test_16284,0.941668
test_16285,0.985311
test_16286,0.002793
test_16287,0.998039
test_16288,0.006843
test_16289,0.382750
test_16290,0.073153
test_16291,0.990966
test_16292,0.599275
test_16293,0.997539
test_16294,0.003044
test_16295,0.986106
test_16296,0.089504
test_16297,0.986160
test_16298,0.793879
test_16299,0.695432
test_16300,0.012349
test_16301,0.003020
test_16302,0.002193
test_16303,0.996201
test_16304,0.003359
test_16305,0.997860
test_16306,0.927295
test_16307,0.997328
test_16308,0.748734
test_16309,0.990253
test_16310,0.003002
test_16311,0.978157
test_16312,0.188083
test_16313,0.006744
test_16314,0.997643
test_16315,0.287986
test_16316,0.535671
test_16317,0.334640
test_16318,0.599597
test_16319,0.006797
test_16320,0.997799
test_16321,0.151025
test_16322,0.002283
test_16323,0.189642
test_16324,0.994408
test_16325,0.217466
test_16326,0.991067
test_16327,0.069645
test_16328,0.037183
test_16329,0.021811
test_16330,0.075529
test_16331,0.003920
test_16332,0.667692
test_16333,0.002824
test_16334,0.985188
test_16335,0.997442
test_16336,0.037239
test_16337,0.739387
test_16338,0.981565
test_16339,0.950259
test_16340,0.789274
test_16341,0.996804
test_16342,0.995752
test_16343,0.963643
test_16344,0.989369
test_16345,0.403682
test_16346,0.666181
test_16347,0.002857
test_16348,0.997045
test_16349,0.996724
test_16350,0.945723
test_16351,0.410824
test_16352,0.003142
test_16353,0.781881
test_16354,0.225098
test_16355,0.996167
test_16356,0.468040
test_16357,0.246266
test_16358,0.011569
test_16359,0.711299
test_16360,0.247924
test_16361,0.003363
test_16362,0.443775
test_16363,0.905813
test_16364,0.045968
test_16365,0.995902
test_16366,0.031122
test_16367,0.973438
test_16368,0.023063
test_16369,0.002511
test_16370,0.006321
test_16371,0.301275
test_16372,0.997193
test_16373,0.503864
test_16374,0.002311
test_16375,0.997302
test_16376,0.920933
test_16377,0.998275
test_16378,0.626877
test_16379,0.001743
test_16380,0.009159
test_16381,0.988021
test_16382,0.004444
test_16383,0.732721
test_16384,0.994020
test_16385,0.001715
test_16386,0.994703
test_16387,0.967501
test_16388,0.766405
test_16389,0.981014
test_16390,0.998521
test_16391,0.021163
test_16392,0.996668
test_16393,0.102953
test_16394,0.248545
test_16395,0.037508
test_16396,0.983366
test_16397,0.013022
test_16398,0.978611
test_16399,0.004219
test_16400,0.002663
test_16401,0.993405
test_16402,0.994214
test_16403,0.995318
test_16404,0.953690
test_16405,0.003902
test_16406,0.891391
test_16407,0.981769
test_16408,0.322778
test_16409,0.007940
test_16410,0.007748
test_16411,0.463597
test_16412,0.410367
test_16413,0.003483
test_16414,0.708973
test_16415,0.993522
test_16416,0.021459
test_16417,0.112672
test_16418,0.002168
test_16419,0.007614
test_16420,0.007337
test_16421,0.996096
test_16422,0.997302
test_16423,0.876004
test_16424,0.161900
test_16425,0.043854
test_16426,0.072516
test_16427,0.137058
test_16428,0.003166
test_16429,0.930018
test_16430,0.996968
test_16431,0.988972
test_16432,0.002114
test_16433,0.009672
test_16434,0.010089
test_16435,0.277897
test_16436,0.060436
test_16437,0.801282
test_16438,0.998195
test_16439,0.997862
test_16440,0.998074
test_16441,0.013418
test_16442,0.988780
test_16443,0.001667
test_16444,0.984547
test_16445,0.983661
test_16446,0.001828
test_16447,0.164621
test_16448,0.742297
test_16449,0.997978
test_16450,0.842779
test_16451,0.061766
test_16452,0.002612
test_16453,0.739667
test_16454,0.002331
test_16455,0.996496
test_16456,0.704910
test_16457,0.862949
test_16458,0.002744
test_16459,0.668746
test_16460,0.001971
test_16461,0.993824
test_16462,0.292453
test_16463,0.998544
test_16464,0.985927
test_16465,0.911530
test_16466,0.823411
test_16467,0.993515
test_16468,0.027895
test_16469,0.998407
test_16470,0.997926
test_16471,0.218692
test_16472,0.003451
test_16473,0.370284
test_16474,0.134362
test_16475,0.064973
test_16476,0.071827
test_16477,0.044633
test_16478,0.995295
test_16479,0.084897
test_16480,0.995072
test_16481,0.002557
test_16482,0.988856
test_16483,0.005572
test_16484,0.897903
test_16485,0.003259
test_16486,0.613945
test_16487,0.268380
test_16488,0.014700
test_16489,0.002389
test_16490,0.704560
test_16491,0.314621
test_16492,0.004017
test_16493,0.017872
test_16494,0.070082
test_16495,0.348050
test_16496,0.944890
test_16497,0.002759
test_16498,0.002598
test_16499,0.076787
test_16500,0.006463
test_16501,0.946315
test_16502,0.176224
test_16503,0.010538
test_16504,0.003775
test_16505,0.998075
test_16506,0.004881
test_16507,0.994638
test_16508,0.984035
test_16509,0.020285
test_16510,0.021755
test_16511,0.963693
test_16512,0.002855
test_16513,0.001698
test_16514,0.001764
test_16515,0.233656
test_16516,0.996999
test_16517,0.003717
test_16518,0.998148
test_16519,0.973080
test_16520,0.505484
test_16521,0.001891
test_16522,0.157051
test_16523,0.995311
test_16524,0.406365
test_16525,0.014253
test_16526,0.994486
test_16527,0.003084
test_16528,0.026561
test_16529,0.962591
test_16530,0.002186
test_16531,0.005227
test_16532,0.983806
test_16533,0.006005
test_16534,0.973209
test_16535,0.997602
test_16536,0.012049
test_16537,0.291790
test_16538,0.945357
test_16539,0.952417
test_16540,0.003626
test_16541,0.008424
test_16542,0.992946
test_16543,0.525632
test_16544,0.568864
test_16545,0.004757
test_16546,0.997015
test_16547,0.007273
test_16548,0.053019
test_16549,0.559152
test_16550,0.992739
test_16551,0.987474
test_16552,0.968929
test_16553,0.026044
test_16554,0.012990
test_16555,0.331125
test_16556,0.979455
test_16557,0.990626
test_16558,0.998199
test_16559,0.957866
test_16560,0.050774
test_16561,0.918822
test_16562,0.011956
test_16563,0.007528
test_16564,0.998120
test_16565,0.964842
test_16566,0.003374
test_16567,0.981915
test_16568,0.982923
test_16569,0.009215
test_16570,0.650979
test_16571,0.980222
test_16572,0.409382
test_16573,0.004332
test_16574,0.003865
test_16575,0.072996
test_16576,0.001737
test_16577,0.003036
test_16578,0.997094
test_16579,0.425058
test_16580,0.003811
test_16581,0.001692
test_16582,0.645738
test_16583,0.994965
test_16584,0.982731
test_16585,0.002114
test_16586,0.419198
test_16587,0.661822
test_16588,0.020212
test_16589,0.988833
test_16590,0.001952
test_16591,0.967099
test_16592,0.006356
test_16593,0.171645
test_16594,0.019934
test_16595,0.611763
test_16596,0.005630
test_16597,0.998111
test_16598,0.919966
test_16599,0.530632
test_16600,0.911506
test_16601,0.002320
test_16602,0.986063
test_16603,0.923132
test_16604,0.992218
test_16605,0.004476
test_16606,0.020575
test_16607,0.263538
test_16608,0.996626
test_16609,0.997140
test_16610,0.002719
test_16611,0.177383
test_16612,0.037166
test_16613,0.761629
test_16614,0.746820
test_16615,0.321664
test_16616,0.008035
test_16617,0.434957
test_16618,0.117239
test_16619,0.006608
test_16620,0.890502
test_16621,0.997957
test_16622,0.997560
test_16623,0.634209
test_16624,0.998055
test_16625,0.002893
test_16626,0.027008
test_16627,0.001928
test_16628,0.004670
test_16629,0.023411
test_16630,0.012468
test_16631,0.002385
test_16632,0.996742
test_16633,0.004077
test_16634,0.393510
test_16635,0.003120
test_16636,0.832916
test_16637,0.161539
test_16638,0.997742
test_16639,0.424543
test_16640,0.829145
test_16641,0.595248
test_16642,0.787337
test_16643,0.998013
test_16644,0.998029
test_16645,0.953433
test_16646,0.997166
test_16647,0.892422
test_16648,0.610459
test_16649,0.703527
test_16650,0.017814
test_16651,0.002836
test_16652,0.249212
test_16653,0.886064
test_16654,0.997182
test_16655,0.056812
test_16656,0.947196
test_16657,0.997177
test_16658,0.945382
test_16659,0.640783
test_16660,0.997319
test_16661,0.001678
test_16662,0.971787
test_16663,0.165937
test_16664,0.996709
test_16665,0.030752
test_16666,0.991480
test_16667,0.009654
test_16668,0.998146
test_16669,0.012706
test_16670,0.166727
test_16671,0.141886
test_16672,0.996769
test_16673,0.136429
test_16674,0.027353
test_16675,0.934569
test_16676,0.642812
test_16677,0.284804
test_16678,0.780463
test_16679,0.014060
test_16680,0.324281
test_16681,0.139164
test_16682,0.996185
test_16683,0.041306
test_16684,0.094569
test_16685,0.004332
test_16686,0.065686
test_16687,0.634470
test_16688,0.897055
test_16689,0.680604
test_16690,0.998183
test_16691,0.002849
test_16692,0.989471
test_16693,0.002762
test_16694,0.997980
test_16695,0.091922
test_16696,0.002911
test_16697,0.002383
test_16698,0.523059
test_16699,0.002303
test_16700,0.868778
test_16701,0.002134
test_16702,0.002233
test_16703,0.995141
test_16704,0.680121
test_16705,0.912071
test_16706,0.996228
test_16707,0.311330
test_16708,0.807606
test_16709,0.946542
test_16710,0.019764
test_16711,0.821592
test_16712,0.341196
test_16713,0.038422
test_16714,0.054257
test_16715,0.004024
test_16716,0.001554
test_16717,0.551890
test_16718,0.002594
test_16719,0.328893
test_16720,0.005552
test_16721,0.985376
test_16722,0.994197
test_16723,0.955391
test_16724,0.151000
test_16725,0.030021
test_16726,0.669516
test_16727,0.990372
test_16728,0.023532
test_16729,0.025794
test_16730,0.322423
test_16731,0.003425
test_16732,0.193920
test_16733,0.001860
test_16734,0.853392
test_16735,0.012285
test_16736,0.985884
test_16737,0.992595
test_16738,0.998038
test_16739,0.997772
test_16740,0.997863
test_16741,0.001483
test_16742,0.003103
test_16743,0.003496
test_16744,0.971390
test_16745,0.007354
test_16746,0.220774
test_16747,0.878354
test_16748,0.944292
test_16749,0.189009
test_16750,0.020102
test_16751,0.997195
test_16752,0.086969
test_16753,0.997275
test_16754,0.204919
test_16755,0.060111
test_16756,0.988971
test_16757,0.003769
test_16758,0.950426
test_16759,0.084479
test_16760,0.878124
test_16761,0.997331
test_16762,0.900364
test_16763,0.967808
test_16764,0.008358
test_16765,0.995574
test_16766,0.997706
test_16767,0.078419
test_16768,0.002604
test_16769,0.624385
test_16770,0.771330
test_16771,0.994643
test_16772,0.002015
test_16773,0.853408
test_16774,0.884570
test_16775,0.005710
test_16776,0.357505
test_16777,0.610058
test_16778,0.055918
test_16779,0.004034
test_16780,0.992209
test_16781,0.004034
test_16782,0.998077
test_16783,0.997695
test_16784,0.974977
test_16785,0.986890
test_16786,0.002268
test_16787,0.458746
test_16788,0.872074
test_16789,0.997940
test_16790,0.540024
test_16791,0.003369
test_16792,0.985285
test_16793,0.005456
test_16794,0.996144
test_16795,0.002014
test_16796,0.816060
test_16797,0.253658
test_16798,0.326562
test_16799,0.534829
test_16800,0.988147
test_16801,0.997649
test_16802,0.991884
test_16803,0.003300
test_16804,0.996283
test_16805,0.998254
test_16806,0.998432
test_16807,0.997669
test_16808,0.002550
test_16809,0.075724
test_16810,0.006046
test_16811,0.536306
test_16812,0.003704
test_16813,0.006240
test_16814,0.200375
test_16815,0.681017
test_16816,0.002529
test_16817,0.997758
test_16818,0.159731
test_16819,0.994502
test_16820,0.403426
test_16821,0.955874
test_16822,0.998228
test_16823,0.646986
test_16824,0.997659
test_16825,0.159772
test_16826,0.702267
test_16827,0.014406
test_16828,0.001987
test_16829,0.029468
test_16830,0.003164
test_16831,0.997981
test_16832,0.995373
test_16833,0.910051
test_16834,0.654883
test_16835,0.984386
test_16836,0.007353
test_16837,0.991998
test_16838,0.023247
test_16839,0.951924
test_16840,0.991392
test_16841,0.188853
test_16842,0.167277
test_16843,0.002647
test_16844,0.997200
test_16845,0.003095
test_16846,0.002231
test_16847,0.672749
test_16848,0.998232
test_16849,0.997174
test_16850,0.019076
test_16851,0.098045
test_16852,0.554332
test_16853,0.558315
test_16854,0.002893
test_16855,0.001885
test_16856,0.663081
test_16857,0.996829
test_16858,0.995623
test_16859,0.003373
test_16860,0.943723
test_16861,0.794222
test_16862,0.044236
test_16863,0.991091
test_16864,0.987789
test_16865,0.026879
test_16866,0.144248
test_16867,0.208967
test_16868,0.997966
test_16869,0.997206
test_16870,0.997701
test_16871,0.996181
test_16872,0.997697
test_16873,0.007920
test_16874,0.478302
test_16875,0.007329
test_16876,0.689696
test_16877,0.042988
test_16878,0.182675
test_16879,0.542437
test_16880,0.867434
test_16881,0.009868
test_16882,0.032434
test_16883,0.998174
test_16884,0.997308
test_16885,0.620601
test_16886,0.993736
test_16887,0.843742
test_16888,0.977779
test_16889,0.995385
test_16890,0.991783
test_16891,0.666855
test_16892,0.997684
test_16893,0.926869
test_16894,0.970685
test_16895,0.079293
test_16896,0.973204
test_16897,0.022101
test_16898,0.003351
test_16899,0.137056
test_16900,0.093224
test_16901,0.010668
test_16902,0.080028
test_16903,0.997666
test_16904,0.998069
test_16905,0.066964
test_16906,0.467229
test_16907,0.989053
test_16908,0.002316
test_16909,0.996483
test_16910,0.467232
test_16911,0.264890
test_16912,0.997898
test_16913,0.083999
test_16914,0.001732
test_16915,0.997095
test_16916,0.996125
test_16917,0.001707
test_16918,0.694782
test_16919,0.002509
test_16920,0.986137
test_16921,0.996462
test_16922,0.574261
test_16923,0.055198
test_16924,0.504141
test_16925,0.391515
test_16926,0.001594
test_16927,0.046961
test_16928,0.024374
test_16929,0.027330
test_16930,0.001795
test_16931,0.851330
test_16932,0.005758
test_16933,0.946291
test_16934,0.944048
test_16935,0.777557
test_16936,0.537713
test_16937,0.908187
test_16938,0.281437
test_16939,0.023385
test_16940,0.996217
test_16941,0.994663
test_16942,0.996702
test_16943,0.473593
test_16944,0.006276
test_16945,0.001692
test_16946,0.461329
test_16947,0.002477
test_16948,0.012650
test_16949,0.993615
test_16950,0.872615
test_16951,0.990754
test_16952,0.990065
test_16953,0.972283
test_16954,0.050605
test_16955,0.169647
test_16956,0.003353
test_16957,0.235553
test_16958,0.997523
test_16959,0.084918
test_16960,0.997371
test_16961,0.003550
test_16962,0.047967
test_16963,0.911857
test_16964,0.002870
test_16965,0.997426
test_16966,0.005120
test_16967,0.100086
test_16968,0.002535
test_16969,0.997317
test_16970,0.058059
test_16971,0.995179
test_16972,0.206458
test_16973,0.858133
test_16974,0.854567
test_16975,0.003371
test_16976,0.021315
test_16977,0.162388
test_16978,0.997420
test_16979,0.178218
test_16980,0.996166
test_16981,0.987339
test_16982,0.007500
test_16983,0.998321
test_16984,0.006237
test_16985,0.002298
test_16986,0.053975
test_16987,0.007019
test_16988,0.001824
test_16989,0.009506
test_16990,0.126282
test_16991,0.041392
test_16992,0.620749
test_16993,0.008447
test_16994,0.033555
test_16995,0.007706
test_16996,0.171006
test_16997,0.944693
test_16998,0.014518
test_16999,0.997079
test_17000,0.652197
test_17001,0.910268
test_17002,0.900657
test_17003,0.001793
test_17004,0.987080
test_17005,0.909365
test_17006,0.996340
test_17007,0.262818
test_17008,0.995611
test_17009,0.005331
test_17010,0.002839
test_17011,0.432100
test_17012,0.886766
test_17013,0.389753
test_17014,0.001738
test_17015,0.094649
test_17016,0.996350
test_17017,0.903849
test_17018,0.479904
test_17019,0.002460
test_17020,0.993667
test_17021,0.987932
test_17022,0.007453
test_17023,0.005361
test_17024,0.869682
test_17025,0.040713
test_17026,0.110065
test_17027,0.968221
test_17028,0.993000
test_17029,0.522253
test_17030,0.984995
test_17031,0.081219
test_17032,0.997581
test_17033,0.867806
test_17034,0.002194
test_17035,0.654543
test_17036,0.996357
test_17037,0.007192
test_17038,0.007844
test_17039,0.002810
test_17040,0.594284
test_17041,0.300925
test_17042,0.005405
test_17043,0.002073
test_17044,0.117816
test_17045,0.012564
test_17046,0.997927
test_17047,0.946749
test_17048,0.620306
test_17049,0.997033
test_17050,0.467672
test_17051,0.622316
test_17052,0.003444
test_17053,0.993019
test_17054,0.990500
test_17055,0.019193
test_17056,0.998217
test_17057,0.993837
test_17058,0.001840
test_17059,0.002469
test_17060,0.052614
test_17061,0.038302
test_17062,0.967449
test_17063,0.634697
test_17064,0.002167
test_17065,0.877763
test_17066,0.004895
test_17067,0.903658
test_17068,0.019968
test_17069,0.844567
test_17070,0.002802
test_17071,0.992266
test_17072,0.574801
test_17073,0.750975
test_17074,0.997350
test_17075,0.239597
test_17076,0.002431
test_17077,0.899347
test_17078,0.524958
test_17079,0.997462
test_17080,0.997806
test_17081,0.002618
test_17082,0.998033
test_17083,0.661410
test_17084,0.014221
test_17085,0.068726
test_17086,0.919707
test_17087,0.909983
test_17088,0.997621
test_17089,0.001825
test_17090,0.015833
test_17091,0.003914
test_17092,0.064384
test_17093,0.234473
test_17094,0.002670
test_17095,0.997729
test_17096,0.003098
test_17097,0.992567
test_17098,0.002467
test_17099,0.996702
test_17100,0.001805
test_17101,0.061168
test_17102,0.997493
test_17103,0.050939
test_17104,0.725664
test_17105,0.997883
test_17106,0.995570
test_17107,0.002250
test_17108,0.005942
test_17109,0.997692
test_17110,0.856446
test_17111,0.927728
test_17112,0.994435
test_17113,0.740442
test_17114,0.996288
test_17115,0.367161
test_17116,0.994774
test_17117,0.240036
test_17118,0.833612
test_17119,0.911701
test_17120,0.602298
test_17121,0.856611
test_17122,0.996730
test_17123,0.090843
test_17124,0.056657
test_17125,0.875541
test_17126,0.827130
test_17127,0.002732
test_17128,0.007580
test_17129,0.998255
test_17130,0.642121
test_17131,0.014909
test_17132,0.768179
test_17133,0.003860
test_17134,0.003636
test_17135,0.006392
test_17136,0.998323
test_17137,0.719580
test_17138,0.703945
test_17139,0.303314
test_17140,0.007095
test_17141,0.385881
test_17142,0.998101
test_17143,0.998105
test_17144,0.017407
test_17145,0.002936
test_17146,0.996472
test_17147,0.997626
test_17148,0.004051
test_17149,0.067629
test_17150,0.006293
test_17151,0.997927
test_17152,0.039118
test_17153,0.042931
test_17154,0.002242
test_17155,0.003413
test_17156,0.006210
test_17157,0.983330
test_17158,0.681851
test_17159,0.003245
test_17160,0.048828
test_17161,0.940602
test_17162,0.010172
test_17163,0.967311
test_17164,0.989920
test_17165,0.742420
test_17166,0.002290
test_17167,0.337960
test_17168,0.986699
test_17169,0.997324
test_17170,0.252459
test_17171,0.002884
test_17172,0.894469
test_17173,0.990920
test_17174,0.957978
test_17175,0.005927
test_17176,0.328124
test_17177,0.992467
test_17178,0.997874
test_17179,0.486375
test_17180,0.980508
test_17181,0.998197
test_17182,0.039521
test_17183,0.823676
test_17184,0.582066
test_17185,0.992759
test_17186,0.924768
test_17187,0.927878
test_17188,0.002174
test_17189,0.039883
test_17190,0.002774
test_17191,0.857517
test_17192,0.293604
test_17193,0.035789
test_17194,0.705886
test_17195,0.002262
test_17196,0.039346
test_17197,0.329536
test_17198,0.002324
test_17199,0.021561
test_17200,0.998439
test_17201,0.071927
test_17202,0.004122
test_17203,0.950472
test_17204,0.995197
test_17205,0.013477
test_17206,0.995550
test_17207,0.004273
test_17208,0.998129
test_17209,0.196634
test_17210,0.200544
test_17211,0.147332
test_17212,0.997153
test_17213,0.100836
test_17214,0.996819
test_17215,0.998484
test_17216,0.008502
test_17217,0.015763
test_17218,0.002212
test_17219,0.089739
test_17220,0.002842
test_17221,0.002260
test_17222,0.996998
test_17223,0.019292
test_17224,0.001750
test_17225,0.944647
test_17226,0.087338
test_17227,0.861918
test_17228,0.997741
test_17229,0.984889
test_17230,0.998547
test_17231,0.968616
test_17232,0.001944
test_17233,0.004246
test_17234,0.474482
test_17235,0.996196
test_17236,0.003690
test_17237,0.995534
test_17238,0.200331
test_17239,0.292411
test_17240,0.122062
test_17241,0.005520
test_17242,0.998548
test_17243,0.002737
test_17244,0.995261
test_17245,0.003422
test_17246,0.017279
test_17247,0.002507
test_17248,0.686436
test_17249,0.886596
test_17250,0.006960
test_17251,0.994677
test_17252,0.924249
test_17253,0.182119
test_17254,0.319192
test_17255,0.998103
test_17256,0.087407
test_17257,0.001804
test_17258,0.718843
test_17259,0.976656
test_17260,0.241180
test_17261,0.848697
test_17262,0.001546
test_17263,0.991677
test_17264,0.997635
test_17265,0.996596
test_17266,0.003060
test_17267,0.040359
test_17268,0.011089
test_17269,0.022505
test_17270,0.058010
test_17271,0.005490
test_17272,0.987979
test_17273,0.990694
test_17274,0.389081
test_17275,0.509729
test_17276,0.953170
test_17277,0.864369
test_17278,0.045744
test_17279,0.233072
test_17280,0.756616
test_17281,0.002275
test_17282,0.984889
test_17283,0.004115
test_17284,0.909715
test_17285,0.998066
test_17286,0.997862
test_17287,0.002516
test_17288,0.984232
test_17289,0.880793
test_17290,0.027695
test_17291,0.170943
test_17292,0.996183
test_17293,0.015194
test_17294,0.904779
test_17295,0.038886
test_17296,0.900671
test_17297,0.391673
test_17298,0.658740
test_17299,0.865273
test_17300,0.086350
test_17301,0.910431
test_17302,0.265752
test_17303,0.002998
test_17304,0.008889
test_17305,0.779166
test_17306,0.551675
test_17307,0.965575
test_17308,0.863957
test_17309,0.002014
test_17310,0.989798
test_17311,0.001758
test_17312,0.970271
test_17313,0.253542
test_17314,0.997455
test_17315,0.150842
test_17316,0.002703
test_17317,0.997650
test_17318,0.159353
test_17319,0.997996
test_17320,0.998382
test_17321,0.985195
test_17322,0.012418
test_17323,0.996280
test_17324,0.002738
test_17325,0.016065
test_17326,0.995822
test_17327,0.088335
test_17328,0.879089
test_17329,0.001595
test_17330,0.003999
test_17331,0.520123
test_17332,0.908041
test_17333,0.905555
test_17334,0.002095
test_17335,0.994664
test_17336,0.007712
test_17337,0.011342
test_17338,0.997037
test_17339,0.119869
test_17340,0.103302
test_17341,0.001848
test_17342,0.083484
test_17343,0.032345
test_17344,0.996008
test_17345,0.994390
test_17346,0.905700
test_17347,0.005853
test_17348,0.991504
test_17349,0.003021
test_17350,0.023525
test_17351,0.990138
test_17352,0.997337
test_17353,0.997297
test_17354,0.978364
test_17355,0.003542
test_17356,0.117767
test_17357,0.978281
test_17358,0.003628
test_17359,0.994852
test_17360,0.960956
test_17361,0.285759
test_17362,0.017840
test_17363,0.013991
test_17364,0.017798
test_17365,0.572020
test_17366,0.013102
test_17367,0.344657
test_17368,0.005611
test_17369,0.482993
test_17370,0.874053
test_17371,0.986978
test_17372,0.601672
test_17373,0.076511
test_17374,0.997959
test_17375,0.073357
test_17376,0.980357
test_17377,0.003358
test_17378,0.095109
test_17379,0.996493
test_17380,0.986359
test_17381,0.006336
test_17382,0.721595
test_17383,0.963180
test_17384,0.002109
test_17385,0.009831
test_17386,0.002449
test_17387,0.958805
test_17388,0.002974
test_17389,0.001283
test_17390,0.002729
test_17391,0.471998
test_17392,0.001850
test_17393,0.583193
test_17394,0.005887
test_17395,0.011981
test_17396,0.990886
test_17397,0.051915
test_17398,0.990010
test_17399,0.521762
test_17400,0.001835
test_17401,0.996030
test_17402,0.995111
test_17403,0.353540
test_17404,0.962149
test_17405,0.858766
test_17406,0.008719
test_17407,0.995849
test_17408,0.013972
test_17409,0.991575
test_17410,0.996401
test_17411,0.991565
test_17412,0.434997
test_17413,0.909400
test_17414,0.044230
test_17415,0.027772
test_17416,0.990639
test_17417,0.996055
test_17418,0.992666
test_17419,0.009171
test_17420,0.997658
test_17421,0.772347
test_17422,0.929455
test_17423,0.621007
test_17424,0.997504
test_17425,0.454773
test_17426,0.880936
test_17427,0.992490
test_17428,0.014420
test_17429,0.164121
test_17430,0.961212
test_17431,0.003911
test_17432,0.100298
test_17433,0.161988
test_17434,0.427240
test_17435,0.081099
test_17436,0.002185
test_17437,0.997125
test_17438,0.958679
test_17439,0.003464
test_17440,0.001953
test_17441,0.996442
test_17442,0.001937
test_17443,0.995679
test_17444,0.002615
test_17445,0.002651
test_17446,0.997555
test_17447,0.004478
test_17448,0.978647
test_17449,0.997163
test_17450,0.993541
test_17451,0.010201
test_17452,0.019303
test_17453,0.998157
test_17454,0.979624
test_17455,0.002538
test_17456,0.794321
test_17457,0.934970
test_17458,0.033614
test_17459,0.452804
test_17460,0.076013
test_17461,0.788453
test_17462,0.164669
test_17463,0.106625
test_17464,0.001750
test_17465,0.003103
test_17466,0.423668
test_17467,0.997249
test_17468,0.998168
test_17469,0.023509
test_17470,0.536666
test_17471,0.850384
test_17472,0.887206
test_17473,0.997035
test_17474,0.997785
test_17475,0.239803
test_17476,0.989246
test_17477,0.030759
test_17478,0.005370
test_17479,0.005801
test_17480,0.991920
test_17481,0.851341
test_17482,0.971740
test_17483,0.002068
test_17484,0.002968
test_17485,0.930987
test_17486,0.002317
test_17487,0.521421
test_17488,0.002371
test_17489,0.982752
test_17490,0.025218
test_17491,0.994847
test_17492,0.003545
test_17493,0.995816
test_17494,0.027251
test_17495,0.005434
test_17496,0.347265
test_17497,0.004689
test_17498,0.028984
test_17499,0.994413
test_17500,0.002681
test_17501,0.670245
test_17502,0.008198
test_17503,0.981941
test_17504,0.016293
test_17505,0.132744
test_17506,0.002517
test_17507,0.995344
test_17508,0.997762
test_17509,0.993261
test_17510,0.001684
test_17511,0.958001
test_17512,0.363408
test_17513,0.935085
test_17514,0.992359
test_17515,0.995510
test_17516,0.001745
test_17517,0.735873
test_17518,0.693985
test_17519,0.002474
test_17520,0.217781
test_17521,0.997772
test_17522,0.863114
test_17523,0.004214
test_17524,0.965705
test_17525,0.897028
test_17526,0.998052
test_17527,0.028146
test_17528,0.993073
test_17529,0.010354
test_17530,0.995907
test_17531,0.058753
test_17532,0.012237
test_17533,0.996620
test_17534,0.930924
test_17535,0.855018
test_17536,0.994887
test_17537,0.958198
test_17538,0.974849
test_17539,0.005188
test_17540,0.106482
test_17541,0.994483
test_17542,0.998372
test_17543,0.979339
test_17544,0.002120
test_17545,0.991012
test_17546,0.990158
test_17547,0.019530
test_17548,0.894626
test_17549,0.032241
test_17550,0.668451
test_17551,0.820650
test_17552,0.997641
test_17553,0.025785
test_17554,0.653212
test_17555,0.003344
test_17556,0.003227
test_17557,0.986058
test_17558,0.978316
test_17559,0.998216
test_17560,0.007069
test_17561,0.403518
test_17562,0.001600
test_17563,0.011102
test_17564,0.477625
test_17565,0.001820
test_17566,0.125879
test_17567,0.993570
test_17568,0.891453
test_17569,0.050157
test_17570,0.687964
test_17571,0.002334
test_17572,0.992923
test_17573,0.994077
test_17574,0.001830
test_17575,0.224242
test_17576,0.982698
test_17577,0.986335
test_17578,0.003274
test_17579,0.009948
test_17580,0.750843
test_17581,0.902819
test_17582,0.963502
test_17583,0.670611
test_17584,0.982088
test_17585,0.906685
test_17586,0.008332
test_17587,0.012568
test_17588,0.001995
test_17589,0.997937
test_17590,0.473726
test_17591,0.850528
test_17592,0.287472
test_17593,0.997904
test_17594,0.005806
test_17595,0.783247
test_17596,0.985167
test_17597,0.994841
test_17598,0.089235
test_17599,0.995177
test_17600,0.883391
test_17601,0.158160
test_17602,0.125792
test_17603,0.709994
test_17604,0.007494
test_17605,0.003329
test_17606,0.023564
test_17607,0.060750
test_17608,0.002744
test_17609,0.989903
test_17610,0.961274
test_17611,0.933604
test_17612,0.414874
test_17613,0.007126
test_17614,0.998045
test_17615,0.006531
test_17616,0.980274
test_17617,0.001991
test_17618,0.004214
test_17619,0.978566
test_17620,0.357973
test_17621,0.002501
test_17622,0.153109
test_17623,0.127548
test_17624,0.995805
test_17625,0.998021
test_17626,0.002523
test_17627,0.009798
test_17628,0.997547
test_17629,0.974106
test_17630,0.826402
test_17631,0.779103
test_17632,0.061893
test_17633,0.995751
test_17634,0.002370
test_17635,0.236589
test_17636,0.001952
test_17637,0.933769
test_17638,0.536244
test_17639,0.910834
test_17640,0.850844
test_17641,0.025766
test_17642,0.915429
test_17643,0.002079
test_17644,0.735358
test_17645,0.998376
test_17646,0.878621
test_17647,0.002246
test_17648,0.063360
test_17649,0.012742
test_17650,0.004592
test_17651,0.977099
test_17652,0.358033
test_17653,0.710066
test_17654,0.001838
test_17655,0.003929
test_17656,0.969810
test_17657,0.973354
test_17658,0.002796
test_17659,0.002611
test_17660,0.993601
test_17661,0.954831
test_17662,0.003890
test_17663,0.997688
test_17664,0.137324
test_17665,0.144214
test_17666,0.011604
test_17667,0.997673
test_17668,0.054427
test_17669,0.085475
test_17670,0.002103
test_17671,0.004299
test_17672,0.995145
test_17673,0.198217
test_17674,0.130623
test_17675,0.997451
test_17676,0.973238
test_17677,0.982641
test_17678,0.004144
test_17679,0.814197
test_17680,0.011865
test_17681,0.398913
test_17682,0.859481
test_17683,0.988277
test_17684,0.998596
test_17685,0.980684
test_17686,0.002728
test_17687,0.080985
test_17688,0.001642
test_17689,0.997926
test_17690,0.034920
test_17691,0.439566
test_17692,0.950935
test_17693,0.949021
test_17694,0.765492
test_17695,0.997596
test_17696,0.998203
test_17697,0.996899
test_17698,0.002727
test_17699,0.307136
test_17700,0.077128
test_17701,0.970485
test_17702,0.007160
test_17703,0.467653
test_17704,0.006141
test_17705,0.001833
test_17706,0.912778
test_17707,0.216478
test_17708,0.992590
test_17709,0.252463
test_17710,0.985497
test_17711,0.102937
test_17712,0.045746
test_17713,0.009072
test_17714,0.005198
test_17715,0.295750
test_17716,0.088815
test_17717,0.998054
test_17718,0.400033
test_17719,0.001507
test_17720,0.201674
test_17721,0.751912
test_17722,0.003627
test_17723,0.585154
test_17724,0.975655
test_17725,0.003303
test_17726,0.511774
test_17727,0.988729
test_17728,0.868595
test_17729,0.983767
test_17730,0.996044
test_17731,0.019969
test_17732,0.995931
test_17733,0.995986
test_17734,0.005280
test_17735,0.611304
test_17736,0.998289
test_17737,0.143768
test_17738,0.624064
test_17739,0.197137
test_17740,0.002410
test_17741,0.998019
test_17742,0.002621
test_17743,0.991792
test_17744,0.994842
test_17745,0.002156
test_17746,0.006383
test_17747,0.211234
test_17748,0.995204
test_17749,0.997496
test_17750,0.004623
test_17751,0.275398
test_17752,0.002171
test_17753,0.156357
test_17754,0.005831
test_17755,0.997446
test_17756,0.002824
test_17757,0.876540
test_17758,0.003686
test_17759,0.991536
test_17760,0.617926
test_17761,0.988293
test_17762,0.161310
test_17763,0.003855
test_17764,0.088680
test_17765,0.969804
test_17766,0.449527
test_17767,0.034892
test_17768,0.996809
test_17769,0.002936
test_17770,0.985767
test_17771,0.564371
test_17772,0.582903
test_17773,0.008375
test_17774,0.007469
test_17775,0.116511
test_17776,0.981755
test_17777,0.032657
test_17778,0.085980
test_17779,0.041055
test_17780,0.998072
test_17781,0.002892
test_17782,0.994695
test_17783,0.001801
test_17784,0.997505
test_17785,0.997964
test_17786,0.875732
test_17787,0.286545
test_17788,0.929726
test_17789,0.003018
test_17790,0.002560
test_17791,0.983616
test_17792,0.252015
test_17793,0.039470
test_17794,0.109722
test_17795,0.074990
test_17796,0.078042
test_17797,0.997926
test_17798,0.003147
test_17799,0.056096
test_17800,0.828213
test_17801,0.024855
test_17802,0.445289
test_17803,0.031951
test_17804,0.988425
test_17805,0.652285
test_17806,0.927386
test_17807,0.023537
test_17808,0.047511
test_17809,0.005552
test_17810,0.021749
test_17811,0.409066
test_17812,0.002430
test_17813,0.599162
test_17814,0.954809
test_17815,0.948218
test_17816,0.966079
test_17817,0.988678
test_17818,0.508496
test_17819,0.998174
test_17820,0.003217
test_17821,0.997044
test_17822,0.001902
test_17823,0.002044
test_17824,0.630808
test_17825,0.051105
test_17826,0.979502
test_17827,0.472761
test_17828,0.995419
test_17829,0.643036
test_17830,0.985657
test_17831,0.007579
test_17832,0.003112
test_17833,0.997721
test_17834,0.166250
test_17835,0.997449
test_17836,0.992454
test_17837,0.997373
test_17838,0.998377
test_17839,0.997312
test_17840,0.715921
test_17841,0.998083
test_17842,0.997030
test_17843,0.002002
test_17844,0.040439
test_17845,0.699166
test_17846,0.001742
test_17847,0.777484
test_17848,0.996369
test_17849,0.003192
test_17850,0.166872
test_17851,0.068583
test_17852,0.962261
test_17853,0.986084
test_17854,0.001850
test_17855,0.001795
test_17856,0.996926
test_17857,0.003929
test_17858,0.996892
test_17859,0.997786
test_17860,0.003397
test_17861,0.981506
test_17862,0.998537
test_17863,0.005450
test_17864,0.004506
test_17865,0.987167
test_17866,0.039353
test_17867,0.494476
test_17868,0.307402
test_17869,0.013418
test_17870,0.997666
test_17871,0.709345
test_17872,0.092648
test_17873,0.997139
test_17874,0.007851
test_17875,0.972766
test_17876,0.001916
test_17877,0.009476
test_17878,0.699805
test_17879,0.997440
test_17880,0.006737
test_17881,0.350494
test_17882,0.329841
test_17883,0.566640
test_17884,0.954987
test_17885,0.995358
test_17886,0.001548
test_17887,0.997919
test_17888,0.041214
test_17889,0.995375
test_17890,0.997227
test_17891,0.796757
test_17892,0.995200
test_17893,0.997807
test_17894,0.996548
test_17895,0.537012
test_17896,0.997977
test_17897,0.230548
test_17898,0.987162
test_17899,0.050446
test_17900,0.929937
test_17901,0.081205
test_17902,0.293095
test_17903,0.995732
test_17904,0.994151
test_17905,0.418949
test_17906,0.998569
test_17907,0.959305
test_17908,0.222899
test_17909,0.997252
test_17910,0.001556
test_17911,0.014105
test_17912,0.857011
test_17913,0.861143
test_17914,0.119397
test_17915,0.995586
test_17916,0.002384
test_17917,0.003144
test_17918,0.002836
test_17919,0.001844
test_17920,0.003916
test_17921,0.995258
test_17922,0.991502
test_17923,0.994623
test_17924,0.084683
test_17925,0.028734
test_17926,0.005079
test_17927,0.617051
test_17928,0.993419
test_17929,0.298209
test_17930,0.997324
test_17931,0.941880
test_17932,0.274062
test_17933,0.993954
test_17934,0.029810
test_17935,0.344498
test_17936,0.906281
test_17937,0.002323
test_17938,0.004131
test_17939,0.578892
test_17940,0.997231
test_17941,0.515130
test_17942,0.996503
test_17943,0.966215
test_17944,0.996845
test_17945,0.001892
test_17946,0.322346
test_17947,0.420131
test_17948,0.409251
test_17949,0.805032
test_17950,0.453615
test_17951,0.076844
test_17952,0.184446
test_17953,0.998026
test_17954,0.027998
test_17955,0.014791
test_17956,0.989911
test_17957,0.002840
test_17958,0.003213
test_17959,0.002344
test_17960,0.002326
test_17961,0.002765
test_17962,0.007826
test_17963,0.993254
test_17964,0.736428
test_17965,0.993672
test_17966,0.923289
test_17967,0.040039
test_17968,0.539011
test_17969,0.002536
test_17970,0.009110
test_17971,0.995174
test_17972,0.126539
test_17973,0.749497
test_17974,0.767413
test_17975,0.002441
test_17976,0.988525
test_17977,0.016887
test_17978,0.998134
test_17979,0.401241
test_17980,0.527616
test_17981,0.674376
test_17982,0.998347
test_17983,0.151923
test_17984,0.008141
test_17985,0.620842
test_17986,0.006611
test_17987,0.998259
test_17988,0.996854
test_17989,0.991208
test_17990,0.021128
test_17991,0.996131
test_17992,0.975446
test_17993,0.009252
test_17994,0.009382
test_17995,0.248955
test_17996,0.998327
test_17997,0.005409
test_17998,0.042007
test_17999,0.879265
test_18000,0.326199
test_18001,0.003097
test_18002,0.997630
test_18003,0.997856
test_18004,0.901183
test_18005,0.948779
test_18006,0.288794
test_18007,0.797812
test_18008,0.942164
test_18009,0.985732
test_18010,0.002336
test_18011,0.997912
test_18012,0.002408
test_18013,0.960020
test_18014,0.002793
test_18015,0.025602
test_18016,0.045494
test_18017,0.010895
test_18018,0.001889
test_18019,0.003219
test_18020,0.060570
test_18021,0.361374
test_18022,0.996424
test_18023,0.995059
test_18024,0.001942
test_18025,0.019254
test_18026,0.668821
test_18027,0.002788
test_18028,0.998084
test_18029,0.132567
test_18030,0.995497
test_18031,0.683594
test_18032,0.008614
test_18033,0.952536
test_18034,0.986973
test_18035,0.608981
test_18036,0.992883
test_18037,0.005676
test_18038,0.501274
test_18039,0.897415
test_18040,0.992335
test_18041,0.998028
test_18042,0.997051
test_18043,0.011692
test_18044,0.997474
test_18045,0.003768
test_18046,0.997659
test_18047,0.412156
test_18048,0.050298
test_18049,0.996997
test_18050,0.994177
test_18051,0.001738
test_18052,0.432402
test_18053,0.915705
test_18054,0.001988
test_18055,0.981768
test_18056,0.007016
test_18057,0.088060
test_18058,0.094429
test_18059,0.302438
test_18060,0.960651
test_18061,0.982181
test_18062,0.996995
test_18063,0.847921
test_18064,0.452013
test_18065,0.895890
test_18066,0.003171
test_18067,0.907621
test_18068,0.633082
test_18069,0.880798
test_18070,0.997201
test_18071,0.001776
test_18072,0.915749
test_18073,0.204565
test_18074,0.473256
test_18075,0.998368
test_18076,0.994667
test_18077,0.001858
test_18078,0.942806
test_18079,0.973854
test_18080,0.997766
test_18081,0.320269
test_18082,0.993369
test_18083,0.979664
test_18084,0.997412
test_18085,0.003249
test_18086,0.991765
test_18087,0.018856
test_18088,0.997959
test_18089,0.024453
test_18090,0.003090
test_18091,0.872554
test_18092,0.995754
test_18093,0.996859
test_18094,0.197705
test_18095,0.711999
test_18096,0.979610
test_18097,0.920263
test_18098,0.998043
test_18099,0.998387
test_18100,0.359984
test_18101,0.010352
test_18102,0.997033
test_18103,0.017427
test_18104,0.488852
test_18105,0.996690
test_18106,0.544118
test_18107,0.302526
test_18108,0.010188
test_18109,0.003172
test_18110,0.500273
test_18111,0.424672
test_18112,0.335094
test_18113,0.808416
test_18114,0.988172
test_18115,0.977277
test_18116,0.997224
test_18117,0.002765
test_18118,0.033058
test_18119,0.153444
test_18120,0.001638
test_18121,0.817740
test_18122,0.009542
test_18123,0.956762
test_18124,0.002932
test_18125,0.993869
test_18126,0.995660
test_18127,0.002568
test_18128,0.002418
test_18129,0.002478
test_18130,0.003766
test_18131,0.982540
test_18132,0.003464
test_18133,0.001475
test_18134,0.001696
test_18135,0.410433
test_18136,0.027467
test_18137,0.002152
test_18138,0.973888
test_18139,0.002055
test_18140,0.001762
test_18141,0.010191
test_18142,0.008153
test_18143,0.917082
test_18144,0.156760
test_18145,0.177376
test_18146,0.988048
test_18147,0.006424
test_18148,0.207790
test_18149,0.940845
test_18150,0.995244
test_18151,0.094531
test_18152,0.997918
test_18153,0.031855
test_18154,0.969844
test_18155,0.998233
test_18156,0.279079
test_18157,0.101039
test_18158,0.351533
test_18159,0.265286
test_18160,0.992301
test_18161,0.933240
test_18162,0.247603
test_18163,0.001782
test_18164,0.993196
test_18165,0.142121
test_18166,0.078644
test_18167,0.960609
test_18168,0.996986
test_18169,0.685784
test_18170,0.998244
test_18171,0.662897
test_18172,0.998225
test_18173,0.996065
test_18174,0.997611
test_18175,0.010113
test_18176,0.996832
test_18177,0.998324
test_18178,0.996537
test_18179,0.957248
test_18180,0.062472
test_18181,0.659309
test_18182,0.981959
test_18183,0.695320
test_18184,0.776720
test_18185,0.979181
test_18186,0.003655
test_18187,0.002000
test_18188,0.319132
test_18189,0.009332
test_18190,0.996033
test_18191,0.998049
test_18192,0.997494
test_18193,0.979261
test_18194,0.034621
test_18195,0.993544
test_18196,0.444218
test_18197,0.977150
test_18198,0.627996
test_18199,0.597639
test_18200,0.081878
test_18201,0.918322
test_18202,0.563782
test_18203,0.968501
test_18204,0.990656
test_18205,0.532865
test_18206,0.074479
test_18207,0.988508
test_18208,0.020571
test_18209,0.997960
test_18210,0.931549
test_18211,0.023705
test_18212,0.005593
test_18213,0.094283
test_18214,0.009165
test_18215,0.648712
test_18216,0.019074
test_18217,0.210404
test_18218,0.997150
test_18219,0.002100
test_18220,0.970249
test_18221,0.373593
test_18222,0.003446
test_18223,0.002128
test_18224,0.996688
test_18225,0.998241
test_18226,0.958413
test_18227,0.865160
test_18228,0.994840
test_18229,0.357079
test_18230,0.995856
test_18231,0.956012
test_18232,0.388662
test_18233,0.998291
test_18234,0.021062
test_18235,0.877820
test_18236,0.004239
test_18237,0.009060
test_18238,0.630297
test_18239,0.804067
test_18240,0.318479
test_18241,0.425961
test_18242,0.003231
test_18243,0.003628
test_18244,0.881953
test_18245,0.997639
test_18246,0.995962
test_18247,0.126289
test_18248,0.994351
test_18249,0.201707
test_18250,0.001880
test_18251,0.003484
test_18252,0.636864
test_18253,0.995429
test_18254,0.003062
test_18255,0.003258
test_18256,0.057984
test_18257,0.003629
test_18258,0.955497
test_18259,0.069995
test_18260,0.957530
test_18261,0.996375
test_18262,0.137080
test_18263,0.236183
test_18264,0.009982
test_18265,0.005993
test_18266,0.002080
test_18267,0.996180
test_18268,0.979500
test_18269,0.002172
test_18270,0.996944
test_18271,0.003453
test_18272,0.003326
test_18273,0.039680
test_18274,0.005098
test_18275,0.002233
test_18276,0.001803
test_18277,0.003121
test_18278,0.002880
test_18279,0.768427
test_18280,0.996609
test_18281,0.005316
test_18282,0.233909
test_18283,0.041825
test_18284,0.941534
test_18285,0.996414
test_18286,0.004244
test_18287,0.023165
test_18288,0.002016
test_18289,0.997015
test_18290,0.747006
test_18291,0.003799
test_18292,0.133221
test_18293,0.045557
test_18294,0.168977
test_18295,0.993186
test_18296,0.010028
test_18297,0.187548
test_18298,0.852508
test_18299,0.002176
test_18300,0.525303
test_18301,0.008514
test_18302,0.016716
test_18303,0.175448
test_18304,0.006518
test_18305,0.995934
test_18306,0.003425
test_18307,0.003467
test_18308,0.024258
test_18309,0.974539
test_18310,0.992042
test_18311,0.007380
test_18312,0.106532
test_18313,0.998355
test_18314,0.234869
test_18315,0.101301
test_18316,0.562879
test_18317,0.002372
test_18318,0.946055
test_18319,0.011506
test_18320,0.890563
test_18321,0.003552
test_18322,0.874418
test_18323,0.389892
test_18324,0.861923
test_18325,0.584632
test_18326,0.983182
test_18327,0.320133
test_18328,0.049875
test_18329,0.997351
test_18330,0.003750
test_18331,0.998012
test_18332,0.134819
test_18333,0.003605
test_18334,0.996507
test_18335,0.273703
test_18336,0.043214
test_18337,0.996096
test_18338,0.958096
test_18339,0.004449
test_18340,0.996924
test_18341,0.006688
test_18342,0.001792
test_18343,0.996097
test_18344,0.993430
test_18345,0.002798
test_18346,0.012992
test_18347,0.717669
test_18348,0.002132
test_18349,0.009188
test_18350,0.753694
test_18351,0.054952
test_18352,0.263319
test_18353,0.028883
test_18354,0.567411
test_18355,0.690235
test_18356,0.629231
test_18357,0.997517
test_18358,0.002104
test_18359,0.002904
test_18360,0.997855
test_18361,0.997986
test_18362,0.155490
test_18363,0.995376
test_18364,0.444292
test_18365,0.991091
test_18366,0.885128
test_18367,0.391680
test_18368,0.998139
test_18369,0.995970
test_18370,0.997552
test_18371,0.446991
test_18372,0.887726
test_18373,0.005003
test_18374,0.998178
test_18375,0.997614
test_18376,0.002850
test_18377,0.817977
test_18378,0.659685
test_18379,0.658327
test_18380,0.009540
test_18381,0.996077
test_18382,0.069225
test_18383,0.997110
test_18384,0.190184
test_18385,0.909886
test_18386,0.996708
test_18387,0.034647
test_18388,0.945939
test_18389,0.989813
test_18390,0.997819
test_18391,0.003499
test_18392,0.627884
test_18393,0.057572
test_18394,0.002568
test_18395,0.002766
test_18396,0.073715
test_18397,0.989802
test_18398,0.272910
test_18399,0.989768
test_18400,0.004057
test_18401,0.954149
test_18402,0.998673
test_18403,0.992848
test_18404,0.510833
test_18405,0.021141
test_18406,0.763385
test_18407,0.610421
test_18408,0.997346
test_18409,0.020010
test_18410,0.998007
test_18411,0.637825
test_18412,0.997615
test_18413,0.985249
test_18414,0.001855
test_18415,0.001858
test_18416,0.997048
test_18417,0.001941
test_18418,0.132428
test_18419,0.998030
test_18420,0.623870
test_18421,0.306533
test_18422,0.619859
test_18423,0.998242
test_18424,0.995600
test_18425,0.004114
test_18426,0.998229
test_18427,0.989859
test_18428,0.440579
test_18429,0.003295
test_18430,0.972126
test_18431,0.995551
test_18432,0.018517
test_18433,0.997059
test_18434,0.913278
test_18435,0.888703
test_18436,0.871137
test_18437,0.664660
test_18438,0.001968
test_18439,0.997910
test_18440,0.077830
test_18441,0.492373
test_18442,0.996895
test_18443,0.052213
test_18444,0.001738
test_18445,0.997932
test_18446,0.876411
test_18447,0.002428
test_18448,0.023115
test_18449,0.002618
test_18450,0.612262
test_18451,0.590599
test_18452,0.042030
test_18453,0.997673
test_18454,0.005591
test_18455,0.704203
test_18456,0.974953
test_18457,0.002782
test_18458,0.997891
test_18459,0.997408
test_18460,0.568766
test_18461,0.998172
test_18462,0.655035
test_18463,0.516218
test_18464,0.960195
test_18465,0.003978
test_18466,0.995782
test_18467,0.342568
test_18468,0.010629
test_18469,0.006676
test_18470,0.200179
test_18471,0.975857
test_18472,0.001490
test_18473,0.997451
test_18474,0.004615
test_18475,0.018400
test_18476,0.997794
test_18477,0.037632
test_18478,0.133574
test_18479,0.992770
test_18480,0.268005
test_18481,0.005489
test_18482,0.003879
test_18483,0.743303
test_18484,0.837423
test_18485,0.873960
test_18486,0.007538
test_18487,0.041986
test_18488,0.860081
test_18489,0.036710
test_18490,0.983732
test_18491,0.003658
test_18492,0.001657
test_18493,0.168120
test_18494,0.001716
test_18495,0.996473
test_18496,0.126623
test_18497,0.998170
test_18498,0.998374
test_18499,0.001630
test_18500,0.112701
test_18501,0.990331
test_18502,0.976669
test_18503,0.002379
test_18504,0.907584
test_18505,0.099697
test_18506,0.997032
test_18507,0.997040
test_18508,0.003004
test_18509,0.997912
test_18510,0.677330
test_18511,0.535263
test_18512,0.430752
test_18513,0.004823
test_18514,0.769030
test_18515,0.338256
test_18516,0.998263
test_18517,0.975452
test_18518,0.603133
test_18519,0.997276
test_18520,0.449573
test_18521,0.002150
test_18522,0.772748
test_18523,0.996053
test_18524,0.058978
test_18525,0.254506
test_18526,0.617135
test_18527,0.003103
test_18528,0.004605
test_18529,0.997157
test_18530,0.988832
test_18531,0.966916
test_18532,0.002047
test_18533,0.995086
test_18534,0.002949
test_18535,0.003970
test_18536,0.706316
test_18537,0.897414
test_18538,0.998005
test_18539,0.347772
test_18540,0.175887
test_18541,0.489547
test_18542,0.030722
test_18543,0.954289
test_18544,0.318459
test_18545,0.998263
test_18546,0.997099
test_18547,0.990438
test_18548,0.841970
test_18549,0.630970
test_18550,0.992668
test_18551,0.939981
test_18552,0.005996
test_18553,0.012032
test_18554,0.994583
test_18555,0.943685
test_18556,0.849190
test_18557,0.755543
test_18558,0.042617
test_18559,0.996789
test_18560,0.002563
test_18561,0.090030
test_18562,0.989773
test_18563,0.987521
test_18564,0.001754
test_18565,0.689801
test_18566,0.304613
test_18567,0.997015
test_18568,0.905063
test_18569,0.931715
test_18570,0.004903
test_18571,0.002264
test_18572,0.004248
test_18573,0.993686
test_18574,0.940955
test_18575,0.007064
test_18576,0.014217
test_18577,0.002724
test_18578,0.969061
test_18579,0.997542
test_18580,0.163235
test_18581,0.002904
test_18582,0.995550
test_18583,0.030656
test_18584,0.418893
test_18585,0.021940
test_18586,0.997921
test_18587,0.895080
test_18588,0.903588
test_18589,0.219972
test_18590,0.992953
test_18591,0.115085
test_18592,0.001799
test_18593,0.012432
test_18594,0.005995
test_18595,0.988260
test_18596,0.891168
test_18597,0.992066
test_18598,0.993125
test_18599,0.975922
test_18600,0.739458
test_18601,0.983767
test_18602,0.997074
test_18603,0.746961
test_18604,0.679868
test_18605,0.120773
test_18606,0.997735
test_18607,0.998021
test_18608,0.003997
test_18609,0.001596
test_18610,0.592615
test_18611,0.992436
test_18612,0.996342
test_18613,0.348975
test_18614,0.001815
test_18615,0.995152
test_18616,0.002750
test_18617,0.997234
test_18618,0.007969
test_18619,0.619224
test_18620,0.994688
test_18621,0.990267
test_18622,0.627008
test_18623,0.989881
test_18624,0.047882
test_18625,0.881544
test_18626,0.194021
test_18627,0.761916
test_18628,0.009352
test_18629,0.002544
test_18630,0.997125
test_18631,0.001679
test_18632,0.004234
test_18633,0.002015
test_18634,0.996026
test_18635,0.606518
test_18636,0.002789
test_18637,0.223342
test_18638,0.003152
test_18639,0.998203
test_18640,0.998310
test_18641,0.392517
test_18642,0.024598
test_18643,0.002466
test_18644,0.002323
test_18645,0.016165
test_18646,0.931161
test_18647,0.127928
test_18648,0.858203
test_18649,0.004614
test_18650,0.003016
test_18651,0.998462
test_18652,0.001967
test_18653,0.001956
test_18654,0.029448
test_18655,0.549372
test_18656,0.020582
test_18657,0.273405
test_18658,0.013267
test_18659,0.397253
test_18660,0.882726
test_18661,0.025508
test_18662,0.014294
test_18663,0.317707
test_18664,0.992617
test_18665,0.011711
test_18666,0.450222
test_18667,0.846523
test_18668,0.997160
test_18669,0.993026
test_18670,0.002179
test_18671,0.002788
test_18672,0.005567
test_18673,0.983245
test_18674,0.013993
test_18675,0.966224
test_18676,0.996399
test_18677,0.002039
test_18678,0.001851
test_18679,0.996234
test_18680,0.989732
test_18681,0.938117
test_18682,0.986763
test_18683,0.997132
test_18684,0.927539
test_18685,0.872118
test_18686,0.938189
test_18687,0.996102
test_18688,0.001902
test_18689,0.993553
test_18690,0.996515
test_18691,0.980003
test_18692,0.029876
test_18693,0.988019
test_18694,0.105867
test_18695,0.994405
test_18696,0.994290
test_18697,0.001998
test_18698,0.002657
test_18699,0.510454
test_18700,0.439790
test_18701,0.708961
test_18702,0.001899
test_18703,0.001566
test_18704,0.847931
test_18705,0.118349
test_18706,0.998070
test_18707,0.013267
test_18708,0.003617
test_18709,0.998152
test_18710,0.987557
test_18711,0.932830
test_18712,0.209352
test_18713,0.995934
test_18714,0.110207
test_18715,0.993424
test_18716,0.753483
test_18717,0.133883
test_18718,0.198256
test_18719,0.996760
test_18720,0.099935
test_18721,0.786481
test_18722,0.856698
test_18723,0.079981
test_18724,0.997068
test_18725,0.928229
test_18726,0.357975
test_18727,0.985159
test_18728,0.979387
test_18729,0.582734
test_18730,0.002888
test_18731,0.995486
test_18732,0.001676
test_18733,0.997200
test_18734,0.946487
test_18735,0.074997
test_18736,0.991683
test_18737,0.988444
test_18738,0.001899
test_18739,0.728136
test_18740,0.026907
test_18741,0.107025
test_18742,0.016683
test_18743,0.988907
test_18744,0.911288
test_18745,0.995738
test_18746,0.997086
test_18747,0.006673
test_18748,0.957819
test_18749,0.995191
test_18750,0.499761
test_18751,0.862293
test_18752,0.001738
test_18753,0.990045
test_18754,0.949566
test_18755,0.679911
test_18756,0.215046
test_18757,0.368572
test_18758,0.001958
test_18759,0.954048
test_18760,0.009215
test_18761,0.945601
test_18762,0.993656
test_18763,0.993899
test_18764,0.675565
test_18765,0.123676
test_18766,0.001817
test_18767,0.996580
test_18768,0.007986
test_18769,0.003075
test_18770,0.498410
test_18771,0.016481
test_18772,0.003930
test_18773,0.417472
test_18774,0.005499
test_18775,0.003002
test_18776,0.006430
test_18777,0.003680
test_18778,0.998377
test_18779,0.438705
test_18780,0.564544
test_18781,0.088669
test_18782,0.997814
test_18783,0.119114
test_18784,0.004867
test_18785,0.026664
test_18786,0.001400
test_18787,0.997394
test_18788,0.984391
test_18789,0.002609
test_18790,0.005290
test_18791,0.005031
test_18792,0.995527
test_18793,0.001560
test_18794,0.995367
test_18795,0.004544
test_18796,0.947643
test_18797,0.970300
test_18798,0.007504
test_18799,0.992418
test_18800,0.261661
test_18801,0.994062
test_18802,0.997718
test_18803,0.429710
test_18804,0.027959
test_18805,0.805887
test_18806,0.997636
test_18807,0.043054
test_18808,0.930715
test_18809,0.003238
test_18810,0.010945
test_18811,0.915250
test_18812,0.002407
test_18813,0.997433
test_18814,0.806488
test_18815,0.002646
test_18816,0.989715
test_18817,0.003408
test_18818,0.495429
test_18819,0.992430
test_18820,0.416709
test_18821,0.996524
test_18822,0.996269
test_18823,0.997703
test_18824,0.001612
test_18825,0.268471
test_18826,0.003078
test_18827,0.002041
test_18828,0.009462
test_18829,0.008886
test_18830,0.001572
test_18831,0.840886
test_18832,0.018188
test_18833,0.017225
test_18834,0.752293
test_18835,0.997169
test_18836,0.965872
test_18837,0.950232
test_18838,0.002134
test_18839,0.996949
test_18840,0.996570
test_18841,0.599822
test_18842,0.002954
test_18843,0.922272
test_18844,0.004168
test_18845,0.956138
test_18846,0.950499
test_18847,0.090513
test_18848,0.984556
test_18849,0.713711
test_18850,0.001543
test_18851,0.998007
test_18852,0.005664
test_18853,0.634722
test_18854,0.335248
test_18855,0.003115
test_18856,0.333072
test_18857,0.007718
test_18858,0.997739
test_18859,0.002768
test_18860,0.817117
test_18861,0.020280
test_18862,0.001899
test_18863,0.003400
test_18864,0.984573
test_18865,0.001811
test_18866,0.001408
test_18867,0.998094
test_18868,0.002584
test_18869,0.924816
test_18870,0.997869
test_18871,0.003293
test_18872,0.997841
test_18873,0.934959
test_18874,0.597846
test_18875,0.997137
test_18876,0.994313
test_18877,0.009173
test_18878,0.864051
test_18879,0.004119
test_18880,0.975605
test_18881,0.995824
test_18882,0.002029
test_18883,0.791658
test_18884,0.007052
test_18885,0.008550
test_18886,0.719444
test_18887,0.260660
test_18888,0.006742
test_18889,0.002252
test_18890,0.006080
test_18891,0.002626
test_18892,0.998162
test_18893,0.995618
test_18894,0.997466
test_18895,0.886269
test_18896,0.985311
test_18897,0.895372
test_18898,0.976818
test_18899,0.223468
test_18900,0.366814
test_18901,0.990506
test_18902,0.990062
test_18903,0.031473
test_18904,0.953401
test_18905,0.408006
test_18906,0.191493
test_18907,0.002076
test_18908,0.995606
test_18909,0.996245
test_18910,0.026678
test_18911,0.033805
test_18912,0.278914
test_18913,0.010081
test_18914,0.005148
test_18915,0.202911
test_18916,0.004379
test_18917,0.482159
test_18918,0.996849
test_18919,0.391771
test_18920,0.017488
test_18921,0.990294
test_18922,0.002012
test_18923,0.727762
test_18924,0.003389
test_18925,0.060554
test_18926,0.002922
test_18927,0.975353
test_18928,0.001640
test_18929,0.345468
test_18930,0.996550
test_18931,0.989350
test_18932,0.004435
test_18933,0.039685
test_18934,0.998423
test_18935,0.676094
test_18936,0.030454
test_18937,0.943921
test_18938,0.006267
test_18939,0.382938
test_18940,0.015509
test_18941,0.953930
test_18942,0.003800
test_18943,0.002595
test_18944,0.005217
test_18945,0.997477
test_18946,0.002800
test_18947,0.997020
test_18948,0.405324
test_18949,0.845969
test_18950,0.446484
test_18951,0.002630
test_18952,0.997905
test_18953,0.573632
test_18954,0.992143
test_18955,0.007472
test_18956,0.015390
test_18957,0.975726
test_18958,0.298618
test_18959,0.004298
test_18960,0.798886
test_18961,0.047321
test_18962,0.003822
test_18963,0.003674
test_18964,0.003169
test_18965,0.023803
test_18966,0.994038
test_18967,0.998199
test_18968,0.933075
test_18969,0.997535
test_18970,0.002625
test_18971,0.998212
test_18972,0.014688
test_18973,0.990207
test_18974,0.997852
test_18975,0.982187
test_18976,0.996744
test_18977,0.987197
test_18978,0.996584
test_18979,0.998269
test_18980,0.983341
test_18981,0.021117
test_18982,0.002366
test_18983,0.995853
test_18984,0.991778
test_18985,0.199858
test_18986,0.639344
test_18987,0.960051
test_18988,0.001638
test_18989,0.967544
test_18990,0.980499
test_18991,0.998411
test_18992,0.063661
test_18993,0.997470
test_18994,0.748143
test_18995,0.996720
test_18996,0.001808
test_18997,0.294421
test_18998,0.995161
test_18999,0.045020
test_19000,0.989553
test_19001,0.301310
test_19002,0.111598
test_19003,0.002224
test_19004,0.419946
test_19005,0.002297
test_19006,0.990696
test_19007,0.179563
test_19008,0.094096
test_19009,0.002071
test_19010,0.937617
test_19011,0.998169
test_19012,0.003122
test_19013,0.052451
test_19014,0.994860
test_19015,0.004878
test_19016,0.983126
test_19017,0.009108
test_19018,0.001750
test_19019,0.976965
test_19020,0.670783
test_19021,0.074075
test_19022,0.003444
test_19023,0.009186
test_19024,0.693815
test_19025,0.879246
test_19026,0.996126
test_19027,0.003550
test_19028,0.540593
test_19029,0.998399
test_19030,0.067823
test_19031,0.984458
test_19032,0.294554
test_19033,0.993961
test_19034,0.689034
test_19035,0.001918
test_19036,0.272003
test_19037,0.995345
test_19038,0.004934
test_19039,0.066425
test_19040,0.992071
test_19041,0.793693
test_19042,0.997981
test_19043,0.714178
test_19044,0.372743
test_19045,0.001823
test_19046,0.369602
test_19047,0.610523
test_19048,0.992870
test_19049,0.997128
test_19050,0.998148
test_19051,0.023135
test_19052,0.660293
test_19053,0.963972
test_19054,0.009407
test_19055,0.997664
test_19056,0.439725
test_19057,0.996810
test_19058,0.002388
test_19059,0.002609
test_19060,0.002210
test_19061,0.959390
test_19062,0.024298
test_19063,0.843525
test_19064,0.003477
test_19065,0.061450
test_19066,0.390090
test_19067,0.382302
test_19068,0.990950
test_19069,0.002448
test_19070,0.599270
test_19071,0.694871
test_19072,0.014199
test_19073,0.998140
test_19074,0.996406
test_19075,0.689536
test_19076,0.997618
test_19077,0.004153
test_19078,0.350807
test_19079,0.484865
test_19080,0.700529
test_19081,0.997829
test_19082,0.742633
test_19083,0.996134
test_19084,0.460387
test_19085,0.172008
test_19086,0.001725
test_19087,0.040654
test_19088,0.005282
test_19089,0.922281
test_19090,0.002005
test_19091,0.997633
test_19092,0.629930
test_19093,0.090366
test_19094,0.039000
test_19095,0.003308
test_19096,0.995256
test_19097,0.003260
test_19098,0.253610
test_19099,0.994086
test_19100,0.014317
test_19101,0.988844
test_19102,0.002881
test_19103,0.109791
test_19104,0.020752
test_19105,0.996703
test_19106,0.040773
test_19107,0.997367
test_19108,0.203779
test_19109,0.018443
test_19110,0.763618
test_19111,0.001797
test_19112,0.997641
test_19113,0.469314
test_19114,0.510589
test_19115,0.021411
test_19116,0.996158
test_19117,0.649815
test_19118,0.082005
test_19119,0.234931
test_19120,0.097887
test_19121,0.996931
test_19122,0.923842
test_19123,0.996312
test_19124,0.359988
test_19125,0.980210
test_19126,0.760514
test_19127,0.002287
test_19128,0.901010
test_19129,0.096854
test_19130,0.997154
test_19131,0.862811
test_19132,0.821030
test_19133,0.268118
test_19134,0.996546
test_19135,0.002244
test_19136,0.997402
test_19137,0.984489
test_19138,0.001848
test_19139,0.550858
test_19140,0.996273
test_19141,0.007824
test_19142,0.837305
test_19143,0.001943
test_19144,0.618775
test_19145,0.998206
test_19146,0.550130
test_19147,0.982033
test_19148,0.993999
test_19149,0.762911
test_19150,0.041863
test_19151,0.012921
test_19152,0.901081
test_19153,0.806352
test_19154,0.019043
test_19155,0.995720
test_19156,0.205461
test_19157,0.995542
test_19158,0.832745
test_19159,0.995812
test_19160,0.001638
test_19161,0.048690
test_19162,0.005040
test_19163,0.997624
test_19164,0.002182
test_19165,0.002928
test_19166,0.997601
test_19167,0.722439
test_19168,0.965179
test_19169,0.003128
test_19170,0.996251
test_19171,0.996756
test_19172,0.868721
test_19173,0.970253
test_19174,0.003738
test_19175,0.971580
test_19176,0.495303
test_19177,0.990023
test_19178,0.990503
test_19179,0.626915
test_19180,0.023691
test_19181,0.228632
test_19182,0.002257
test_19183,0.995716
test_19184,0.994570
test_19185,0.003701
test_19186,0.519989
test_19187,0.974196
test_19188,0.312038
test_19189,0.989026
test_19190,0.889601
test_19191,0.002469
test_19192,0.990661
test_19193,0.027232
test_19194,0.066694
test_19195,0.006668
test_19196,0.980634
test_19197,0.398034
test_19198,0.994664
test_19199,0.001698
test_19200,0.895624
test_19201,0.989688
test_19202,0.990815
test_19203,0.998242
test_19204,0.988598
test_19205,0.123982
test_19206,0.765321
test_19207,0.046105
test_19208,0.988757
test_19209,0.996131
test_19210,0.131848
test_19211,0.002488
test_19212,0.997381
test_19213,0.801506
test_19214,0.013660
test_19215,0.603422
test_19216,0.001938
test_19217,0.998284
test_19218,0.327392
test_19219,0.013264
test_19220,0.218295
test_19221,0.054970
test_19222,0.992934
test_19223,0.997837
test_19224,0.001995
test_19225,0.004909
test_19226,0.894292
test_19227,0.011669
test_19228,0.998043
test_19229,0.001530
test_19230,0.564815
test_19231,0.995905
test_19232,0.998183
test_19233,0.986689
test_19234,0.001833
test_19235,0.015935
test_19236,0.001674
test_19237,0.001475
test_19238,0.049313
test_19239,0.002241
test_19240,0.933480
test_19241,0.943078
test_19242,0.823525
test_19243,0.921025
test_19244,0.555396
test_19245,0.994297
test_19246,0.996228
test_19247,0.048746
test_19248,0.997152
test_19249,0.002623
test_19250,0.987615
test_19251,0.621659
test_19252,0.002833
test_19253,0.009952
test_19254,0.998073
test_19255,0.996949
test_19256,0.980479
test_19257,0.003370
test_19258,0.005394
test_19259,0.002753
test_19260,0.858077
test_19261,0.888758
test_19262,0.520873
test_19263,0.066624
test_19264,0.007626
test_19265,0.667465
test_19266,0.066808
test_19267,0.966590
test_19268,0.995504
test_19269,0.234287
test_19270,0.220934
test_19271,0.004964
test_19272,0.994594
test_19273,0.975898
test_19274,0.008566
test_19275,0.991038
test_19276,0.836344
test_19277,0.002407
test_19278,0.002542
test_19279,0.616871
test_19280,0.353918
test_19281,0.995734
test_19282,0.003678
test_19283,0.258960
test_19284,0.077946
test_19285,0.726018
test_19286,0.003990
test_19287,0.963328
test_19288,0.005188
test_19289,0.014845
test_19290,0.997925
test_19291,0.002496
test_19292,0.108246
test_19293,0.006255
test_19294,0.996509
test_19295,0.994729
test_19296,0.989513
test_19297,0.001783
test_19298,0.877926
test_19299,0.026197
test_19300,0.044146
test_19301,0.531228
test_19302,0.006567
test_19303,0.997785
test_19304,0.997706
test_19305,0.009150
test_19306,0.991459
test_19307,0.997465
test_19308,0.979560
test_19309,0.257795
test_19310,0.002726
test_19311,0.004600
test_19312,0.006384
test_19313,0.263572
test_19314,0.007797
test_19315,0.994065
test_19316,0.996628
test_19317,0.003482
test_19318,0.953600
test_19319,0.004377
test_19320,0.994570
test_19321,0.692310
test_19322,0.005563
test_19323,0.997750
test_19324,0.001969
test_19325,0.004622
test_19326,0.019206
test_19327,0.927243
test_19328,0.007089
test_19329,0.104621
test_19330,0.119215
test_19331,0.002891
test_19332,0.998153
test_19333,0.001746
test_19334,0.003376
test_19335,0.014739
test_19336,0.006723
test_19337,0.022530
test_19338,0.992773
test_19339,0.116617
test_19340,0.995576
test_19341,0.015708
test_19342,0.995072
test_19343,0.948536
test_19344,0.006189
test_19345,0.998070
test_19346,0.430505
test_19347,0.240063
test_19348,0.253660
test_19349,0.001968
test_19350,0.002347
test_19351,0.002529
test_19352,0.707473
test_19353,0.012130
test_19354,0.997529
test_19355,0.008519
test_19356,0.109517
test_19357,0.722432
test_19358,0.413190
test_19359,0.995537
test_19360,0.001764
test_19361,0.024080
test_19362,0.056207
test_19363,0.001897
test_19364,0.928330
test_19365,0.005894
test_19366,0.142128
test_19367,0.741309
test_19368,0.959209
test_19369,0.432510
test_19370,0.993474
test_19371,0.022598
test_19372,0.023836
test_19373,0.355536
test_19374,0.977491
test_19375,0.818740
test_19376,0.997333
test_19377,0.998399
test_19378,0.791970
test_19379,0.002935
test_19380,0.987710
test_19381,0.994450
test_19382,0.003286
test_19383,0.971241
test_19384,0.995673
test_19385,0.995942
test_19386,0.998526
test_19387,0.011334
test_19388,0.634759
test_19389,0.397278
test_19390,0.997215
test_19391,0.992638
test_19392,0.008717
test_19393,0.897021
test_19394,0.996470
test_19395,0.002252
test_19396,0.997223
test_19397,0.546756
test_19398,0.956151
test_19399,0.100897
test_19400,0.012864
test_19401,0.393498
test_19402,0.219124
test_19403,0.022863
test_19404,0.002997
test_19405,0.997950
test_19406,0.997772
test_19407,0.167513
test_19408,0.277322
test_19409,0.002034
test_19410,0.436444
test_19411,0.001706
test_19412,0.003638
test_19413,0.870847
test_19414,0.174943
test_19415,0.002994
test_19416,0.991691
test_19417,0.752601
test_19418,0.001607
test_19419,0.970966
test_19420,0.003977
test_19421,0.998207
test_19422,0.629816
test_19423,0.956498
test_19424,0.178121
test_19425,0.004795
test_19426,0.005514
test_19427,0.145536
test_19428,0.995088
test_19429,0.834691
test_19430,0.957334
test_19431,0.998413
test_19432,0.983168
test_19433,0.002312
test_19434,0.937649
test_19435,0.997563
test_19436,0.994105
test_19437,0.986779
test_19438,0.002396
test_19439,0.993095
test_19440,0.070996
test_19441,0.661612
test_19442,0.358955
test_19443,0.004084
test_19444,0.024270
test_19445,0.002748
test_19446,0.988488
test_19447,0.005943
test_19448,0.749742
test_19449,0.986363
test_19450,0.995538
test_19451,0.994674
test_19452,0.997889
test_19453,0.757013
test_19454,0.997523
test_19455,0.102661
test_19456,0.004125
test_19457,0.995714
test_19458,0.012945
test_19459,0.927551
test_19460,0.002397
test_19461,0.002072
test_19462,0.997605
test_19463,0.042684
test_19464,0.832521
test_19465,0.003839
test_19466,0.736618
test_19467,0.913330
test_19468,0.986941
test_19469,0.997926
test_19470,0.130283
test_19471,0.001649
test_19472,0.808558
test_19473,0.997359
test_19474,0.918766
test_19475,0.997904
test_19476,0.996438
test_19477,0.022581
test_19478,0.291410
test_19479,0.997434
test_19480,0.996514
test_19481,0.964170
test_19482,0.729423
test_19483,0.990506
test_19484,0.626783
test_19485,0.614972
test_19486,0.213615
test_19487,0.658129
test_19488,0.976388
test_19489,0.186557
test_19490,0.001839
test_19491,0.238904
test_19492,0.118898
test_19493,0.998117
test_19494,0.998195
test_19495,0.977387
test_19496,0.967457
test_19497,0.260946
test_19498,0.994239
test_19499,0.770581
test_19500,0.004913
test_19501,0.666502
test_19502,0.061970
test_19503,0.592632
test_19504,0.003131
test_19505,0.871299
test_19506,0.966956
test_19507,0.972569
test_19508,0.991943
test_19509,0.972839
test_19510,0.988552
test_19511,0.614589
test_19512,0.903314
test_19513,0.308122
test_19514,0.988141
test_19515,0.020727
test_19516,0.961118
test_19517,0.329581
test_19518,0.922142
test_19519,0.976692
test_19520,0.002465
test_19521,0.060392
test_19522,0.023827
test_19523,0.982079
test_19524,0.815703
test_19525,0.005082
test_19526,0.001863
test_19527,0.477559
test_19528,0.014493
test_19529,0.097734
test_19530,0.005517
test_19531,0.421472
test_19532,0.869167
test_19533,0.028500
test_19534,0.978488
test_19535,0.717486
test_19536,0.974091
test_19537,0.996803
test_19538,0.816791
test_19539,0.996181
test_19540,0.002678
test_19541,0.159885
test_19542,0.821147
test_19543,0.003877
test_19544,0.992935
test_19545,0.775464
test_19546,0.997222
test_19547,0.001736
test_19548,0.963903
test_19549,0.001624
test_19550,0.002723
test_19551,0.782481
test_19552,0.962540
test_19553,0.001732
test_19554,0.002573
test_19555,0.840249
test_19556,0.001678
test_19557,0.009833
test_19558,0.131520
test_19559,0.009891
test_19560,0.997884
test_19561,0.997650
test_19562,0.470637
test_19563,0.982487
test_19564,0.003695
test_19565,0.002154
test_19566,0.040103
test_19567,0.614666
test_19568,0.001740
test_19569,0.050898
test_19570,0.715709
test_19571,0.831076
test_19572,0.994088
test_19573,0.974721
test_19574,0.003705
test_19575,0.004985
test_19576,0.996851
test_19577,0.997593
test_19578,0.721673
test_19579,0.001624
test_19580,0.002107
test_19581,0.808048
test_19582,0.871938
test_19583,0.001847
test_19584,0.008492
test_19585,0.992876
test_19586,0.793313
test_19587,0.536649
test_19588,0.994385
test_19589,0.003799
test_19590,0.982220
test_19591,0.997823
test_19592,0.383420
test_19593,0.799202
test_19594,0.007005
test_19595,0.042988
test_19596,0.979670
test_19597,0.001975
test_19598,0.053071
test_19599,0.979053
test_19600,0.011664
test_19601,0.002358
test_19602,0.007828
test_19603,0.991143
test_19604,0.988835
test_19605,0.006228
test_19606,0.837130
test_19607,0.004013
test_19608,0.251391
test_19609,0.445604
test_19610,0.968845
test_19611,0.328448
test_19612,0.019729
test_19613,0.996894
test_19614,0.050035
test_19615,0.994712
test_19616,0.002338
test_19617,0.701809
test_19618,0.979942
test_19619,0.996539
test_19620,0.083165
test_19621,0.001623
test_19622,0.008933
test_19623,0.016728
test_19624,0.005427
test_19625,0.925107
test_19626,0.010541
test_19627,0.001604
test_19628,0.993463
test_19629,0.003630
test_19630,0.997364
test_19631,0.733778
test_19632,0.983173
test_19633,0.996367
test_19634,0.828734
test_19635,0.996599
test_19636,0.947504
test_19637,0.002214
test_19638,0.997164
test_19639,0.002156
test_19640,0.002198
test_19641,0.698595
test_19642,0.003141
test_19643,0.002071
test_19644,0.005246
test_19645,0.089354
test_19646,0.010302
test_19647,0.995569
test_19648,0.027228
test_19649,0.558018
test_19650,0.003711
test_19651,0.010987
test_19652,0.002870
test_19653,0.833731
test_19654,0.001622
test_19655,0.468850
test_19656,0.002337
test_19657,0.569298
test_19658,0.096955
test_19659,0.134547
test_19660,0.995212
test_19661,0.211726
test_19662,0.997871
test_19663,0.019354
test_19664,0.985613
test_19665,0.995337
test_19666,0.872489
test_19667,0.996883
test_19668,0.022485
test_19669,0.264026
test_19670,0.995971
test_19671,0.002181
test_19672,0.996314
test_19673,0.017428
test_19674,0.131619
test_19675,0.168677
test_19676,0.883767
test_19677,0.997956
test_19678,0.005603
test_19679,0.875279
test_19680,0.924609
test_19681,0.009093
test_19682,0.479419
test_19683,0.995747
test_19684,0.003327
test_19685,0.997338
test_19686,0.977807
test_19687,0.002739
test_19688,0.385717
test_19689,0.997498
test_19690,0.085657
test_19691,0.975698
test_19692,0.976031
test_19693,0.565081
test_19694,0.362058
test_19695,0.724943
test_19696,0.997789
test_19697,0.006512
test_19698,0.872080
test_19699,0.996982
test_19700,0.743029
test_19701,0.004072
test_19702,0.080417
test_19703,0.001870
test_19704,0.993066
test_19705,0.002540
test_19706,0.255989
test_19707,0.996741
test_19708,0.108842
test_19709,0.009381
test_19710,0.987626
test_19711,0.198895
test_19712,0.785575
test_19713,0.997054
test_19714,0.002160
test_19715,0.096129
test_19716,0.002568
test_19717,0.981220
test_19718,0.904222
test_19719,0.997944
test_19720,0.992790
test_19721,0.956363
test_19722,0.020046
test_19723,0.996455
test_19724,0.004156
test_19725,0.964526
test_19726,0.987184
test_19727,0.004627
test_19728,0.935419
test_19729,0.034241
test_19730,0.003386
test_19731,0.298163
test_19732,0.998150
test_19733,0.016359
test_19734,0.973105
test_19735,0.910127
test_19736,0.973337
test_19737,0.003830
test_19738,0.996437
test_19739,0.002839
test_19740,0.991708
test_19741,0.997203
test_19742,0.004518
test_19743,0.006268
test_19744,0.996979
test_19745,0.569736
test_19746,0.001564
test_19747,0.372140
test_19748,0.003924
test_19749,0.462876
test_19750,0.989666
test_19751,0.003745
test_19752,0.950547
test_19753,0.001546
test_19754,0.153999
test_19755,0.974993
test_19756,0.963541
test_19757,0.996637
test_19758,0.007115
test_19759,0.252223
test_19760,0.967710
test_19761,0.156842
test_19762,0.004172
test_19763,0.063019
test_19764,0.521523
test_19765,0.997406
test_19766,0.013798
test_19767,0.006508
test_19768,0.005079
test_19769,0.231235
test_19770,0.005514
test_19771,0.993304
test_19772,0.996763
test_19773,0.003842
test_19774,0.002206
test_19775,0.007210
test_19776,0.997326
test_19777,0.018153
test_19778,0.982317
test_19779,0.961846
test_19780,0.093217
test_19781,0.002515
test_19782,0.997128
test_19783,0.217988
test_19784,0.998279
test_19785,0.887502
test_19786,0.994728
test_19787,0.001656
test_19788,0.965253
test_19789,0.476919
test_19790,0.988001
test_19791,0.751937
test_19792,0.934594
test_19793,0.002226
test_19794,0.014160
test_19795,0.004311
test_19796,0.013780
test_19797,0.712137
test_19798,0.005718
test_19799,0.902645
test_19800,0.001781
test_19801,0.002046
test_19802,0.057246
test_19803,0.994673
test_19804,0.913119
test_19805,0.003120
test_19806,0.054273
test_19807,0.983189
test_19808,0.007706
test_19809,0.786542
test_19810,0.250452
test_19811,0.995274
test_19812,0.135886
test_19813,0.846868
test_19814,0.993573
test_19815,0.001944
test_19816,0.617209
test_19817,0.996039
test_19818,0.016831
test_19819,0.987653
test_19820,0.334556
test_19821,0.940989
test_19822,0.607143
test_19823,0.471300
test_19824,0.933350
test_19825,0.994515
test_19826,0.011293
test_19827,0.991987
test_19828,0.002058
test_19829,0.003702
test_19830,0.976210
test_19831,0.003519
test_19832,0.979675
test_19833,0.618778
test_19834,0.021939
test_19835,0.756745
test_19836,0.002331
test_19837,0.912668
test_19838,0.998284
test_19839,0.061445
test_19840,0.911433
test_19841,0.032527
test_19842,0.124372
test_19843,0.002069
test_19844,0.002300
test_19845,0.004860
test_19846,0.998229
test_19847,0.972129
test_19848,0.069030
test_19849,0.519820
test_19850,0.960520
test_19851,0.154599
test_19852,0.025934
test_19853,0.003136
test_19854,0.979671
test_19855,0.488528
test_19856,0.707799
test_19857,0.097825
test_19858,0.552514
test_19859,0.921914
test_19860,0.002429
test_19861,0.033548
test_19862,0.002099
test_19863,0.952538
test_19864,0.001950
test_19865,0.767794
test_19866,0.006369
test_19867,0.998146
test_19868,0.194978
test_19869,0.117533
test_19870,0.051238
test_19871,0.998098
test_19872,0.997200
test_19873,0.993484
test_19874,0.002828
test_19875,0.002533
test_19876,0.001890
test_19877,0.122636
test_19878,0.874356
test_19879,0.922807
test_19880,0.697516
test_19881,0.005393
test_19882,0.846360
test_19883,0.923243
test_19884,0.041245
test_19885,0.674565
test_19886,0.967395
test_19887,0.994556
test_19888,0.008528
test_19889,0.991391
test_19890,0.997150
test_19891,0.790196
test_19892,0.870904
test_19893,0.876819
test_19894,0.071604
test_19895,0.995725
test_19896,0.016157
test_19897,0.483853
test_19898,0.001531
test_19899,0.003198
test_19900,0.833468
test_19901,0.009103
test_19902,0.936407
test_19903,0.668047
test_19904,0.996424
test_19905,0.697649
test_19906,0.789590
test_19907,0.008661
test_19908,0.103133
test_19909,0.012268
test_19910,0.006437
test_19911,0.003888
test_19912,0.210518
test_19913,0.991934
test_19914,0.038406
test_19915,0.150729
test_19916,0.012688
test_19917,0.018911
test_19918,0.612538
test_19919,0.241833
test_19920,0.441968
test_19921,0.646124
test_19922,0.996888
test_19923,0.995769
test_19924,0.002084
test_19925,0.768003
test_19926,0.083291
test_19927,0.287568
test_19928,0.002325
test_19929,0.994870
test_19930,0.281183
test_19931,0.998039
test_19932,0.871525
test_19933,0.001501
test_19934,0.996959
test_19935,0.004019
test_19936,0.997243
test_19937,0.933436
test_19938,0.993747
test_19939,0.226939
test_19940,0.011231
test_19941,0.091662
test_19942,0.002234
test_19943,0.090746
test_19944,0.997426
test_19945,0.005001
test_19946,0.002288
test_19947,0.007724
test_19948,0.998346
test_19949,0.092905
test_19950,0.336853
test_19951,0.996878
test_19952,0.728916
test_19953,0.003750
test_19954,0.076785
test_19955,0.003690
test_19956,0.002413
test_19957,0.005491
test_19958,0.884618
test_19959,0.993393
test_19960,0.207105
test_19961,0.966381
test_19962,0.002086
test_19963,0.005435
test_19964,0.853421
test_19965,0.702326
test_19966,0.994381
test_19967,0.532968
test_19968,0.693418
test_19969,0.052263
test_19970,0.279054
test_19971,0.465603
test_19972,0.097721
test_19973,0.995203
test_19974,0.957369
test_19975,0.003956
test_19976,0.919474
test_19977,0.001863
test_19978,0.457949
test_19979,0.020678
test_19980,0.804547
test_19981,0.996395
test_19982,0.986182
test_19983,0.995005
test_19984,0.089594
test_19985,0.007202
test_19986,0.118977
test_19987,0.987926
test_19988,0.991957
test_19989,0.002333
test_19990,0.605956
test_19991,0.927537
test_19992,0.003540
test_19993,0.895555
test_19994,0.631709
test_19995,0.924042
test_19996,0.017763
test_19997,0.003616
test_19998,0.003883
test_19999,0.008030
